<?xml version="1.0" encoding="UTF-8" ?>
<!DOCTYPE mapper PUBLIC "-//mybatis.org//DTD Mapper 3.0//EN" "http://mybatis.org/dtd/mybatis-3-mapper.dtd" >
<mapper namespace="com.cpms.mapper.CpmsCompanyMapper" >
  <resultMap id="BaseResultMap" type="com.cpms.pojo.CpmsCompany" >
    <id column="companyId" property="companyid" jdbcType="TINYINT" />
    <result column="companyName" property="companyname" jdbcType="VARCHAR" />
  </resultMap>
  <sql id="Example_Where_Clause" >
    <where >
      <foreach collection="oredCriteria" item="criteria" separator="or" >
        <if test="criteria.valid" >
          <trim prefix="(" suffix=")" prefixOverrides="and" >
            <foreach collection="criteria.criteria" item="criterion" >
              <choose >
                <when test="criterion.noValue" >
                  and ${criterion.condition}
                </when>
                <when test="criterion.singleValue" >
                  and ${criterion.condition} #{criterion.value}
                </when>
                <when test="criterion.betweenValue" >
                  and ${criterion.condition} #{criterion.value} and #{criterion.secondValue}
                </when>
                <when test="criterion.listValue" >
                  and ${criterion.condition}
                  <foreach collection="criterion.value" item="listItem" open="(" close=")" separator="," >
                    #{listItem}
                  </foreach>
                </when>
              </choose>
            </foreach>
          </trim>
        </if>
      </foreach>
    </where>
  </sql>
  <sql id="Update_By_Example_Where_Clause" >
    <where >
      <foreach collection="example.oredCriteria" item="criteria" separator="or" >
        <if test="criteria.valid" >
          <trim prefix="(" suffix=")" prefixOverrides="and" >
            <foreach collection="criteria.criteria" item="criterion" >
              <choose >
                <when test="criterion.noValue" >
                  and ${criterion.condition}
                </when>
                <when test="criterion.singleValue" >
                  and ${criterion.condition} #{criterion.value}
                </when>
                <when test="criterion.betweenValue" >
                  and ${criterion.condition} #{criterion.value} and #{criterion.secondValue}
                </when>
                <when test="criterion.listValue" >
                  and ${criterion.condition}
                  <foreach collection="criterion.value" item="listItem" open="(" close=")" separator="," >
                    #{listItem}
                  </foreach>
                </when>
              </choose>
            </foreach>
          </trim>
        </if>
      </foreach>
    </where>
  </sql>
  <sql id="Base_Column_List" >
    companyId, companyName
  </sql>
  <select id="selectByExample" resultMap="BaseResultMap" parameterType="com.cpms.pojo.CpmsCompanyExample" >
    select
    <if test="distinct" >
      distinct
    </if>
    <include refid="Base_Column_List" />
    from cpms_company
    <if test="_parameter != null" >
      <include refid="Example_Where_Clause" />
    </if>
    <if test="orderByClause != null" >
      order by ${orderByClause}
    </if>
  </select>
  <select id="selectByPrimaryKey" resultMap="BaseResultMap" parameterType="Integer" >
    select 
    <include refid="Base_Column_List" />
    from cpms_company
    where companyId = #{companyid,jdbcType=TINYINT}
  </select>
  <delete id="deleteByPrimaryKey" parameterType="Integer" >
    delete from cpms_company
    where companyId = #{companyid,jdbcType=TINYINT}
  </delete>
  <delete id="deleteByExample" parameterType="com.cpms.pojo.CpmsCompanyExample" >
    delete from cpms_company
    <if test="_parameter != null" >
      <include refid="Example_Where_Clause" />
    </if>
  </delete>
  <insert id="insert" parameterType="com.cpms.pojo.CpmsCompany" >
    insert into cpms_company (companyId, companyName)
    values (#{companyid,jdbcType=TINYINT}, #{companyname,jdbcType=VARCHAR})
  </insert>
  <insert id="insertSelective" parameterType="com.cpms.pojo.CpmsCompany" >
    insert into cpms_company
    <trim prefix="(" suffix=")" suffixOverrides="," >
      <if test="companyid != null" >
        companyId,
      </if>
      <if test="companyname != null" >
        companyName,
      </if>
    </trim>
    <trim prefix="values (" suffix=")" suffixOverrides="," >
      <if test="companyid != null" >
        #{companyid,jdbcType=TINYINT},
      </if>
      <if test="companyname != null" >
        #{companyname,jdbcType=VARCHAR},
      </if>
    </trim>
  </insert>
  <select id="countByExample" parameterType="com.cpms.pojo.CpmsCompanyExample" resultType="java.lang.Integer" >
    select count(*) from cpms_company
    <if test="_parameter != null" >
      <include refid="Example_Where_Clause" />
    </if>
  </select>
  <update id="updateByExampleSelective" parameterType="map" >
    update cpms_company
    <set >
      <if test="record.companyid != null" >
        companyId = #{record.companyid,jdbcType=TINYINT},
      </if>
      <if test="record.companyname != null" >
        companyName = #{record.companyname,jdbcType=VARCHAR},
      </if>
    </set>
    <if test="_parameter != null" >
      <include refid="Update_By_Example_Where_Clause" />
    </if>
  </update>
  <update id="updateByExample" parameterType="map" >
    update cpms_company
    set companyId = #{record.companyid,jdbcType=TINYINT},
      companyName = #{record.companyname,jdbcType=VARCHAR}
    <if test="_parameter != null" >
      <include refid="Update_By_Example_Where_Clause" />
    </if>
  </update>
  <update id="updateByPrimaryKeySelective" parameterType="com.cpms.pojo.CpmsCompany" >
    update cpms_company
    <set >
      <if test="companyname != null" >
        companyName = #{companyname,jdbcType=VARCHAR},
      </if>
    </set>
    where companyId = #{companyid,jdbcType=TINYINT}
  </update>
  <update id="updateByPrimaryKey" parameterType="com.cpms.pojo.CpmsCompany" >
    update cpms_company
    set companyName = #{companyname,jdbcType=VARCHAR}
    where companyId = #{companyid,jdbcType=TINYINT}
  </update>
</mapper>