<?xml version="1.0" encoding="UTF-8"?>
<!DOCTYPE mapper PUBLIC "-//mybatis.org//DTD Mapper 3.0//EN" "http://mybatis.org/dtd/mybatis-3-mapper.dtd">
<mapper namespace="com.cpms.mapper.CpmsCostDetailMapper">
  <resultMap id="BaseResultMap" type="com.cpms.pojo.CpmsCostDetail">
    <id column="costDetailId" jdbcType="INTEGER" property="costdetailid" />
    <result column="costId" jdbcType="VARCHAR" property="costid" />
    <result column="costSubject" jdbcType="VARCHAR" property="costsubject" />
    <result column="costAccount" jdbcType="DOUBLE" property="costaccount" />
    <result column="costDetail" jdbcType="VARCHAR" property="costdetail" />
  </resultMap>
  <sql id="Example_Where_Clause">
    <where>
      <foreach collection="oredCriteria" item="criteria" separator="or">
        <if test="criteria.valid">
          <trim prefix="(" prefixOverrides="and" suffix=")">
            <foreach collection="criteria.criteria" item="criterion">
              <choose>
                <when test="criterion.noValue">
                  and ${criterion.condition}
                </when>
                <when test="criterion.singleValue">
                  and ${criterion.condition} #{criterion.value}
                </when>
                <when test="criterion.betweenValue">
                  and ${criterion.condition} #{criterion.value} and #{criterion.secondValue}
                </when>
                <when test="criterion.listValue">
                  and ${criterion.condition}
                  <foreach close=")" collection="criterion.value" item="listItem" open="(" separator=",">
                    #{listItem}
                  </foreach>
                </when>
              </choose>
            </foreach>
          </trim>
        </if>
      </foreach>
    </where>
  </sql>
  <sql id="Update_By_Example_Where_Clause">
    <where>
      <foreach collection="example.oredCriteria" item="criteria" separator="or">
        <if test="criteria.valid">
          <trim prefix="(" prefixOverrides="and" suffix=")">
            <foreach collection="criteria.criteria" item="criterion">
              <choose>
                <when test="criterion.noValue">
                  and ${criterion.condition}
                </when>
                <when test="criterion.singleValue">
                  and ${criterion.condition} #{criterion.value}
                </when>
                <when test="criterion.betweenValue">
                  and ${criterion.condition} #{criterion.value} and #{criterion.secondValue}
                </when>
                <when test="criterion.listValue">
                  and ${criterion.condition}
                  <foreach close=")" collection="criterion.value" item="listItem" open="(" separator=",">
                    #{listItem}
                  </foreach>
                </when>
              </choose>
            </foreach>
          </trim>
        </if>
      </foreach>
    </where>
  </sql>
  <sql id="Base_Column_List">
    costDetailId, costId, costSubject, costAccount, costDetail
  </sql>
  <select id="selectByExample" parameterType="com.cpms.pojo.CpmsCostDetailExample" resultMap="BaseResultMap">
    select
    <if test="distinct">
      distinct
    </if>
    <include refid="Base_Column_List" />
    from cpms_cost_detail
    <if test="_parameter != null">
      <include refid="Example_Where_Clause" />
    </if>
    <if test="orderByClause != null">
      order by ${orderByClause}
    </if>
  </select>
  <select id="selectByPrimaryKey" parameterType="java.lang.Integer" resultMap="BaseResultMap">
    select 
    <include refid="Base_Column_List" />
    from cpms_cost_detail
    where costDetailId = #{costdetailid,jdbcType=INTEGER}
  </select>
  <delete id="deleteByPrimaryKey" parameterType="java.lang.Integer">
    delete from cpms_cost_detail
    where costDetailId = #{costdetailid,jdbcType=INTEGER}
  </delete>
  <delete id="deleteByExample" parameterType="com.cpms.pojo.CpmsCostDetailExample">
    delete from cpms_cost_detail
    <if test="_parameter != null">
      <include refid="Example_Where_Clause" />
    </if>
  </delete>
  <insert id="insert" parameterType="com.cpms.pojo.CpmsCostDetail">
    insert into cpms_cost_detail (costDetailId, costId, costSubject, 
      costAccount, costDetail)
    values (#{costdetailid,jdbcType=INTEGER}, #{costid,jdbcType=VARCHAR}, #{costsubject,jdbcType=VARCHAR}, 
      #{costaccount,jdbcType=DOUBLE}, #{costdetail,jdbcType=VARCHAR})
  </insert>
  <insert id="insertSelective" parameterType="com.cpms.pojo.CpmsCostDetail">
    insert into cpms_cost_detail
    <trim prefix="(" suffix=")" suffixOverrides=",">
      <if test="costdetailid != null">
        costDetailId,
      </if>
      <if test="costid != null">
        costId,
      </if>
      <if test="costsubject != null">
        costSubject,
      </if>
      <if test="costaccount != null">
        costAccount,
      </if>
      <if test="costdetail != null">
        costDetail,
      </if>
    </trim>
    <trim prefix="values (" suffix=")" suffixOverrides=",">
      <if test="costdetailid != null">
        #{costdetailid,jdbcType=INTEGER},
      </if>
      <if test="costid != null">
        #{costid,jdbcType=VARCHAR},
      </if>
      <if test="costsubject != null">
        #{costsubject,jdbcType=VARCHAR},
      </if>
      <if test="costaccount != null">
        #{costaccount,jdbcType=DOUBLE},
      </if>
      <if test="costdetail != null">
        #{costdetail,jdbcType=VARCHAR},
      </if>
    </trim>
  </insert>
  <select id="countByExample" parameterType="com.cpms.pojo.CpmsCostDetailExample" resultType="java.lang.Integer">
    select count(*) from cpms_cost_detail
    <if test="_parameter != null">
      <include refid="Example_Where_Clause" />
    </if>
  </select>
  <update id="updateByExampleSelective" parameterType="map">
    update cpms_cost_detail
    <set>
      <if test="record.costdetailid != null">
        costDetailId = #{record.costdetailid,jdbcType=INTEGER},
      </if>
      <if test="record.costid != null">
        costId = #{record.costid,jdbcType=VARCHAR},
      </if>
      <if test="record.costsubject != null">
        costSubject = #{record.costsubject,jdbcType=VARCHAR},
      </if>
      <if test="record.costaccount != null">
        costAccount = #{record.costaccount,jdbcType=DOUBLE},
      </if>
      <if test="record.costdetail != null">
        costDetail = #{record.costdetail,jdbcType=VARCHAR},
      </if>
    </set>
    <if test="_parameter != null">
      <include refid="Update_By_Example_Where_Clause" />
    </if>
  </update>
  <update id="updateByExample" parameterType="map">
    update cpms_cost_detail
    set costDetailId = #{record.costdetailid,jdbcType=INTEGER},
      costId = #{record.costid,jdbcType=VARCHAR},
      costSubject = #{record.costsubject,jdbcType=VARCHAR},
      costAccount = #{record.costaccount,jdbcType=DOUBLE},
      costDetail = #{record.costdetail,jdbcType=VARCHAR}
    <if test="_parameter != null">
      <include refid="Update_By_Example_Where_Clause" />
    </if>
  </update>
  <update id="updateByPrimaryKeySelective" parameterType="com.cpms.pojo.CpmsCostDetail">
    update cpms_cost_detail
    <set>
      <if test="costid != null">
        costId = #{costid,jdbcType=VARCHAR},
      </if>
      <if test="costsubject != null">
        costSubject = #{costsubject,jdbcType=VARCHAR},
      </if>
      <if test="costaccount != null">
        costAccount = #{costaccount,jdbcType=DOUBLE},
      </if>
      <if test="costdetail != null">
        costDetail = #{costdetail,jdbcType=VARCHAR},
      </if>
    </set>
    where costDetailId = #{costdetailid,jdbcType=INTEGER}
  </update>
  <update id="updateByPrimaryKey" parameterType="com.cpms.pojo.CpmsCostDetail">
    update cpms_cost_detail
    set costId = #{costid,jdbcType=VARCHAR},
      costSubject = #{costsubject,jdbcType=VARCHAR},
      costAccount = #{costaccount,jdbcType=DOUBLE},
      costDetail = #{costdetail,jdbcType=VARCHAR}
    where costDetailId = #{costdetailid,jdbcType=INTEGER}
  </update>
  <!-- <resultMap id="BaseResultMap1" type="com.cpms.pojo.CpmsCostDetail">
    <id column="costDetailId" jdbcType="INTEGER" property="costdetailid" />
    <result column="costId" jdbcType="VARCHAR" property="costid" />
    <result column="costSubject" jdbcType="VARCHAR" property="costsubject" />
    <result column="costAccount" jdbcType="DOUBLE" property="costaccount" />
    <result column="costDetail" jdbcType="VARCHAR" property="costdetail" />
  </resultMap>
  <sql id="Example_Where_Clause">
    <where>
      <foreach collection="oredCriteria" item="criteria" separator="or">
        <if test="criteria.valid">
          <trim prefix="(" prefixOverrides="and" suffix=")">
            <foreach collection="criteria.criteria" item="criterion">
              <choose>
                <when test="criterion.noValue">
                  and ${criterion.condition}
                </when>
                <when test="criterion.singleValue">
                  and ${criterion.condition} #{criterion.value}
                </when>
                <when test="criterion.betweenValue">
                  and ${criterion.condition} #{criterion.value} and #{criterion.secondValue}
                </when>
                <when test="criterion.listValue">
                  and ${criterion.condition}
                  <foreach close=")" collection="criterion.value" item="listItem" open="(" separator=",">
                    #{listItem}
                  </foreach>
                </when>
              </choose>
            </foreach>
          </trim>
        </if>
      </foreach>
    </where>
  </sql>
  <sql id="Update_By_Example_Where_Clause">
    <where>
      <foreach collection="example.oredCriteria" item="criteria" separator="or">
        <if test="criteria.valid">
          <trim prefix="(" prefixOverrides="and" suffix=")">
            <foreach collection="criteria.criteria" item="criterion">
              <choose>
                <when test="criterion.noValue">
                  and ${criterion.condition}
                </when>
                <when test="criterion.singleValue">
                  and ${criterion.condition} #{criterion.value}
                </when>
                <when test="criterion.betweenValue">
                  and ${criterion.condition} #{criterion.value} and #{criterion.secondValue}
                </when>
                <when test="criterion.listValue">
                  and ${criterion.condition}
                  <foreach close=")" collection="criterion.value" item="listItem" open="(" separator=",">
                    #{listItem}
                  </foreach>
                </when>
              </choose>
            </foreach>
          </trim>
        </if>
      </foreach>
    </where>
  </sql>
  <sql id="Base_Column_List">
    costDetailId, costId, costSubject, costAccount, costDetail
  </sql>
  <select id="selectByExample" parameterType="com.cpms.pojo.CpmsCostDetailExample" resultMap="BaseResultMap">
    select
    <if test="distinct">
      distinct
    </if>
    <include refid="Base_Column_List" />
    from cpms_cost_detail
    <if test="_parameter != null">
      <include refid="Example_Where_Clause" />
    </if>
    <if test="orderByClause != null">
      order by ${orderByClause}
    </if>
  </select>
  <select id="selectByPrimaryKey" parameterType="java.lang.Integer" resultMap="BaseResultMap">
    select 
    <include refid="Base_Column_List" />
    from cpms_cost_detail
    where costDetailId = #{costdetailid,jdbcType=INTEGER}
  </select>
  <delete id="deleteByPrimaryKey" parameterType="java.lang.Integer">
    delete from cpms_cost_detail
    where costDetailId = #{costdetailid,jdbcType=INTEGER}
  </delete>
  <delete id="deleteByExample" parameterType="com.cpms.pojo.CpmsCostDetailExample">
    delete from cpms_cost_detail
    <if test="_parameter != null">
      <include refid="Example_Where_Clause" />
    </if>
  </delete>
  <insert id="insert" parameterType="com.cpms.pojo.CpmsCostDetail">
    insert into cpms_cost_detail (costDetailId, costId, costSubject, 
      costAccount, costDetail)
    values (#{costdetailid,jdbcType=INTEGER}, #{costid,jdbcType=VARCHAR}, #{costsubject,jdbcType=VARCHAR}, 
      #{costaccount,jdbcType=DOUBLE}, #{costdetail,jdbcType=VARCHAR})
  </insert>
  <insert id="insertSelective" parameterType="com.cpms.pojo.CpmsCostDetail">
    insert into cpms_cost_detail
    <trim prefix="(" suffix=")" suffixOverrides=",">
      <if test="costdetailid != null">
        costDetailId,
      </if>
      <if test="costid != null">
        costId,
      </if>
      <if test="costsubject != null">
        costSubject,
      </if>
      <if test="costaccount != null">
        costAccount,
      </if>
      <if test="costdetail != null">
        costDetail,
      </if>
    </trim>
    <trim prefix="values (" suffix=")" suffixOverrides=",">
      <if test="costdetailid != null">
        #{costdetailid,jdbcType=INTEGER},
      </if>
      <if test="costid != null">
        #{costid,jdbcType=VARCHAR},
      </if>
      <if test="costsubject != null">
        #{costsubject,jdbcType=VARCHAR},
      </if>
      <if test="costaccount != null">
        #{costaccount,jdbcType=DOUBLE},
      </if>
      <if test="costdetail != null">
        #{costdetail,jdbcType=VARCHAR},
      </if>
    </trim>
  </insert>
  <select id="countByExample" parameterType="com.cpms.pojo.CpmsCostDetailExample" resultType="java.lang.Integer">
    select count(*) from cpms_cost_detail
    <if test="_parameter != null">
      <include refid="Example_Where_Clause" />
    </if>
  </select>
  <update id="updateByExampleSelective" parameterType="map">
    update cpms_cost_detail
    <set>
      <if test="record.costdetailid != null">
        costDetailId = #{record.costdetailid,jdbcType=INTEGER},
      </if>
      <if test="record.costid != null">
        costId = #{record.costid,jdbcType=VARCHAR},
      </if>
      <if test="record.costsubject != null">
        costSubject = #{record.costsubject,jdbcType=VARCHAR},
      </if>
      <if test="record.costaccount != null">
        costAccount = #{record.costaccount,jdbcType=DOUBLE},
      </if>
      <if test="record.costdetail != null">
        costDetail = #{record.costdetail,jdbcType=VARCHAR},
      </if>
    </set>
    <if test="_parameter != null">
      <include refid="Update_By_Example_Where_Clause" />
    </if>
  </update>
  <update id="updateByExample" parameterType="map">
    update cpms_cost_detail
    set costDetailId = #{record.costdetailid,jdbcType=INTEGER},
      costId = #{record.costid,jdbcType=VARCHAR},
      costSubject = #{record.costsubject,jdbcType=VARCHAR},
      costAccount = #{record.costaccount,jdbcType=DOUBLE},
      costDetail = #{record.costdetail,jdbcType=VARCHAR}
    <if test="_parameter != null">
      <include refid="Update_By_Example_Where_Clause" />
    </if>
  </update>
  <update id="updateByPrimaryKeySelective" parameterType="com.cpms.pojo.CpmsCostDetail">
    update cpms_cost_detail
    <set>
      <if test="costid != null">
        costId = #{costid,jdbcType=VARCHAR},
      </if>
      <if test="costsubject != null">
        costSubject = #{costsubject,jdbcType=VARCHAR},
      </if>
      <if test="costaccount != null">
        costAccount = #{costaccount,jdbcType=DOUBLE},
      </if>
      <if test="costdetail != null">
        costDetail = #{costdetail,jdbcType=VARCHAR},
      </if>
    </set>
    where costDetailId = #{costdetailid,jdbcType=INTEGER}
  </update>
  <update id="updateByPrimaryKey" parameterType="com.cpms.pojo.CpmsCostDetail">
    update cpms_cost_detail
    set costId = #{costid,jdbcType=VARCHAR},
      costSubject = #{costsubject,jdbcType=VARCHAR},
      costAccount = #{costaccount,jdbcType=DOUBLE},
      costDetail = #{costdetail,jdbcType=VARCHAR}
    where costDetailId = #{costdetailid,jdbcType=INTEGER}
  </update> -->
</mapper>