<?xml version="1.0" encoding="UTF-8"?>
<!DOCTYPE mapper PUBLIC "-//mybatis.org//DTD Mapper 3.0//EN" "http://mybatis.org/dtd/mybatis-3-mapper.dtd">
<mapper namespace="com.cpms.mapper.CpmsRectificationMapper">
  <resultMap id="BaseResultMap" type="com.cpms.pojo.CpmsRectification">
    <id column="rectificationId" jdbcType="VARCHAR" property="rectificationid" />
    <result column="projectId" jdbcType="VARCHAR" property="projectid" />
    <result column="rtfctEditorId" jdbcType="VARCHAR" property="rtfcteditorid" />
    <result column="rtfctTracker" jdbcType="VARCHAR" property="rtfcttracker" />
    <result column="rtfctApproversId" jdbcType="VARCHAR" property="rtfctapproversid" />
    <result column="rectificationPart" jdbcType="VARCHAR" property="rectificationpart" />
    <result column="rtfctProblems" jdbcType="VARCHAR" property="rtfctproblems" />
    <result column="rtfctContent" jdbcType="VARCHAR" property="rtfctcontent" />
    <result column="rectificationPic" jdbcType="VARCHAR" property="rectificationpic" />
    <result column="PicType" jdbcType="VARCHAR" property="pictype" />
    <result column="rtfctAttachment" jdbcType="VARCHAR" property="rtfctattachment" />
    <result column="attachmentType" jdbcType="VARCHAR" property="attachmenttype" />
    <result column="assignDate" jdbcType="DATE" property="assigndate" />
    <result column="rectificationTime" jdbcType="DATE" property="rectificationtime" />
    <result column="rectificationDate" jdbcType="DATE" property="rectificationdate" />
    <result column="rtfctFeedback" jdbcType="VARCHAR" property="rtfctfeedback" />
    <result column="rtfctStatus" jdbcType="BIT" property="rtfctstatus" />
    <result column="approveDate" jdbcType="TIMESTAMP" property="approvedate" />
    <result column="rtfctComment" jdbcType="VARCHAR" property="rtfctcomment" />
  </resultMap>
  <sql id="Example_Where_Clause">
    <where>
      <foreach collection="oredCriteria" item="criteria" separator="or">
        <if test="criteria.valid">
          <trim prefix="(" prefixOverrides="and" suffix=")">
            <foreach collection="criteria.criteria" item="criterion">
              <choose>
                <when test="criterion.noValue">
                  and ${criterion.condition}
                </when>
                <when test="criterion.singleValue">
                  and ${criterion.condition} #{criterion.value}
                </when>
                <when test="criterion.betweenValue">
                  and ${criterion.condition} #{criterion.value} and #{criterion.secondValue}
                </when>
                <when test="criterion.listValue">
                  and ${criterion.condition}
                  <foreach close=")" collection="criterion.value" item="listItem" open="(" separator=",">
                    #{listItem}
                  </foreach>
                </when>
              </choose>
            </foreach>
          </trim>
        </if>
      </foreach>
    </where>
  </sql>
  <sql id="Update_By_Example_Where_Clause">
    <where>
      <foreach collection="example.oredCriteria" item="criteria" separator="or">
        <if test="criteria.valid">
          <trim prefix="(" prefixOverrides="and" suffix=")">
            <foreach collection="criteria.criteria" item="criterion">
              <choose>
                <when test="criterion.noValue">
                  and ${criterion.condition}
                </when>
                <when test="criterion.singleValue">
                  and ${criterion.condition} #{criterion.value}
                </when>
                <when test="criterion.betweenValue">
                  and ${criterion.condition} #{criterion.value} and #{criterion.secondValue}
                </when>
                <when test="criterion.listValue">
                  and ${criterion.condition}
                  <foreach close=")" collection="criterion.value" item="listItem" open="(" separator=",">
                    #{listItem}
                  </foreach>
                </when>
              </choose>
            </foreach>
          </trim>
        </if>
      </foreach>
    </where>
  </sql>
  <sql id="Base_Column_List">
    rectificationId, projectId, rtfctEditorId, rtfctTracker, rtfctApproversId, rectificationPart, 
    rtfctProblems, rtfctContent, rectificationPic, PicType, rtfctAttachment, attachmentType, 
    assignDate, rectificationTime, rectificationDate, rtfctFeedback, rtfctStatus, approveDate, 
    rtfctComment
  </sql>
  <select id="selectByExample" parameterType="com.cpms.pojo.CpmsRectificationExample" resultMap="BaseResultMap">
    select
    <if test="distinct">
      distinct
    </if>
    <include refid="Base_Column_List" />
    from cpms_rectification
    <if test="_parameter != null">
      <include refid="Example_Where_Clause" />
    </if>
    <if test="orderByClause != null">
      order by ${orderByClause}
    </if>
  </select>
  <select id="selectByPrimaryKey" parameterType="java.lang.String" resultMap="BaseResultMap">
    select 
    <include refid="Base_Column_List" />
    from cpms_rectification
    where rectificationId = #{rectificationid,jdbcType=VARCHAR}
  </select>
  <delete id="deleteByPrimaryKey" parameterType="java.lang.String">
    delete from cpms_rectification
    where rectificationId = #{rectificationid,jdbcType=VARCHAR}
  </delete>
  <delete id="deleteByExample" parameterType="com.cpms.pojo.CpmsRectificationExample">
    delete from cpms_rectification
    <if test="_parameter != null">
      <include refid="Example_Where_Clause" />
    </if>
  </delete>
  <insert id="insert" parameterType="com.cpms.pojo.CpmsRectification">
    insert into cpms_rectification (rectificationId, projectId, rtfctEditorId, 
      rtfctTracker, rtfctApproversId, rectificationPart, 
      rtfctProblems, rtfctContent, rectificationPic, 
      PicType, rtfctAttachment, attachmentType, 
      assignDate, rectificationTime, rectificationDate, 
      rtfctFeedback, rtfctStatus, approveDate, 
      rtfctComment)
    values (#{rectificationid,jdbcType=VARCHAR}, #{projectid,jdbcType=VARCHAR}, #{rtfcteditorid,jdbcType=VARCHAR}, 
      #{rtfcttracker,jdbcType=VARCHAR}, #{rtfctapproversid,jdbcType=VARCHAR}, #{rectificationpart,jdbcType=VARCHAR}, 
      #{rtfctproblems,jdbcType=VARCHAR}, #{rtfctcontent,jdbcType=VARCHAR}, #{rectificationpic,jdbcType=VARCHAR}, 
      #{pictype,jdbcType=VARCHAR}, #{rtfctattachment,jdbcType=VARCHAR}, #{attachmenttype,jdbcType=VARCHAR}, 
      #{assigndate,jdbcType=DATE}, #{rectificationtime,jdbcType=DATE}, #{rectificationdate,jdbcType=DATE}, 
      #{rtfctfeedback,jdbcType=VARCHAR}, #{rtfctstatus,jdbcType=BIT}, #{approvedate,jdbcType=TIMESTAMP}, 
      #{rtfctcomment,jdbcType=VARCHAR})
  </insert>
  <insert id="insertSelective" parameterType="com.cpms.pojo.CpmsRectification">
    insert into cpms_rectification
    <trim prefix="(" suffix=")" suffixOverrides=",">
      <if test="rectificationid != null">
        rectificationId,
      </if>
      <if test="projectid != null">
        projectId,
      </if>
      <if test="rtfcteditorid != null">
        rtfctEditorId,
      </if>
      <if test="rtfcttracker != null">
        rtfctTracker,
      </if>
      <if test="rtfctapproversid != null">
        rtfctApproversId,
      </if>
      <if test="rectificationpart != null">
        rectificationPart,
      </if>
      <if test="rtfctproblems != null">
        rtfctProblems,
      </if>
      <if test="rtfctcontent != null">
        rtfctContent,
      </if>
      <if test="rectificationpic != null">
        rectificationPic,
      </if>
      <if test="pictype != null">
        PicType,
      </if>
      <if test="rtfctattachment != null">
        rtfctAttachment,
      </if>
      <if test="attachmenttype != null">
        attachmentType,
      </if>
      <if test="assigndate != null">
        assignDate,
      </if>
      <if test="rectificationtime != null">
        rectificationTime,
      </if>
      <if test="rectificationdate != null">
        rectificationDate,
      </if>
      <if test="rtfctfeedback != null">
        rtfctFeedback,
      </if>
      <if test="rtfctstatus != null">
        rtfctStatus,
      </if>
      <if test="approvedate != null">
        approveDate,
      </if>
      <if test="rtfctcomment != null">
        rtfctComment,
      </if>
    </trim>
    <trim prefix="values (" suffix=")" suffixOverrides=",">
      <if test="rectificationid != null">
        #{rectificationid,jdbcType=VARCHAR},
      </if>
      <if test="projectid != null">
        #{projectid,jdbcType=VARCHAR},
      </if>
      <if test="rtfcteditorid != null">
        #{rtfcteditorid,jdbcType=VARCHAR},
      </if>
      <if test="rtfcttracker != null">
        #{rtfcttracker,jdbcType=VARCHAR},
      </if>
      <if test="rtfctapproversid != null">
        #{rtfctapproversid,jdbcType=VARCHAR},
      </if>
      <if test="rectificationpart != null">
        #{rectificationpart,jdbcType=VARCHAR},
      </if>
      <if test="rtfctproblems != null">
        #{rtfctproblems,jdbcType=VARCHAR},
      </if>
      <if test="rtfctcontent != null">
        #{rtfctcontent,jdbcType=VARCHAR},
      </if>
      <if test="rectificationpic != null">
        #{rectificationpic,jdbcType=VARCHAR},
      </if>
      <if test="pictype != null">
        #{pictype,jdbcType=VARCHAR},
      </if>
      <if test="rtfctattachment != null">
        #{rtfctattachment,jdbcType=VARCHAR},
      </if>
      <if test="attachmenttype != null">
        #{attachmenttype,jdbcType=VARCHAR},
      </if>
      <if test="assigndate != null">
        #{assigndate,jdbcType=DATE},
      </if>
      <if test="rectificationtime != null">
        #{rectificationtime,jdbcType=DATE},
      </if>
      <if test="rectificationdate != null">
        #{rectificationdate,jdbcType=DATE},
      </if>
      <if test="rtfctfeedback != null">
        #{rtfctfeedback,jdbcType=VARCHAR},
      </if>
      <if test="rtfctstatus != null">
        #{rtfctstatus,jdbcType=BIT},
      </if>
      <if test="approvedate != null">
        #{approvedate,jdbcType=TIMESTAMP},
      </if>
      <if test="rtfctcomment != null">
        #{rtfctcomment,jdbcType=VARCHAR},
      </if>
    </trim>
  </insert>
  <select id="countByExample" parameterType="com.cpms.pojo.CpmsRectificationExample" resultType="java.lang.Integer">
    select count(*) from cpms_rectification
    <if test="_parameter != null">
      <include refid="Example_Where_Clause" />
    </if>
  </select>
  <update id="updateByExampleSelective" parameterType="map">
    update cpms_rectification
    <set>
      <if test="record.rectificationid != null">
        rectificationId = #{record.rectificationid,jdbcType=VARCHAR},
      </if>
      <if test="record.projectid != null">
        projectId = #{record.projectid,jdbcType=VARCHAR},
      </if>
      <if test="record.rtfcteditorid != null">
        rtfctEditorId = #{record.rtfcteditorid,jdbcType=VARCHAR},
      </if>
      <if test="record.rtfcttracker != null">
        rtfctTracker = #{record.rtfcttracker,jdbcType=VARCHAR},
      </if>
      <if test="record.rtfctapproversid != null">
        rtfctApproversId = #{record.rtfctapproversid,jdbcType=VARCHAR},
      </if>
      <if test="record.rectificationpart != null">
        rectificationPart = #{record.rectificationpart,jdbcType=VARCHAR},
      </if>
      <if test="record.rtfctproblems != null">
        rtfctProblems = #{record.rtfctproblems,jdbcType=VARCHAR},
      </if>
      <if test="record.rtfctcontent != null">
        rtfctContent = #{record.rtfctcontent,jdbcType=VARCHAR},
      </if>
      <if test="record.rectificationpic != null">
        rectificationPic = #{record.rectificationpic,jdbcType=VARCHAR},
      </if>
      <if test="record.pictype != null">
        PicType = #{record.pictype,jdbcType=VARCHAR},
      </if>
      <if test="record.rtfctattachment != null">
        rtfctAttachment = #{record.rtfctattachment,jdbcType=VARCHAR},
      </if>
      <if test="record.attachmenttype != null">
        attachmentType = #{record.attachmenttype,jdbcType=VARCHAR},
      </if>
      <if test="record.assigndate != null">
        assignDate = #{record.assigndate,jdbcType=DATE},
      </if>
      <if test="record.rectificationtime != null">
        rectificationTime = #{record.rectificationtime,jdbcType=DATE},
      </if>
      <if test="record.rectificationdate != null">
        rectificationDate = #{record.rectificationdate,jdbcType=DATE},
      </if>
      <if test="record.rtfctfeedback != null">
        rtfctFeedback = #{record.rtfctfeedback,jdbcType=VARCHAR},
      </if>
      <if test="record.rtfctstatus != null">
        rtfctStatus = #{record.rtfctstatus,jdbcType=BIT},
      </if>
      <if test="record.approvedate != null">
        approveDate = #{record.approvedate,jdbcType=TIMESTAMP},
      </if>
      <if test="record.rtfctcomment != null">
        rtfctComment = #{record.rtfctcomment,jdbcType=VARCHAR},
      </if>
    </set>
    <if test="_parameter != null">
      <include refid="Update_By_Example_Where_Clause" />
    </if>
  </update>
  <update id="updateByExample" parameterType="map">
    update cpms_rectification
    set rectificationId = #{record.rectificationid,jdbcType=VARCHAR},
      projectId = #{record.projectid,jdbcType=VARCHAR},
      rtfctEditorId = #{record.rtfcteditorid,jdbcType=VARCHAR},
      rtfctTracker = #{record.rtfcttracker,jdbcType=VARCHAR},
      rtfctApproversId = #{record.rtfctapproversid,jdbcType=VARCHAR},
      rectificationPart = #{record.rectificationpart,jdbcType=VARCHAR},
      rtfctProblems = #{record.rtfctproblems,jdbcType=VARCHAR},
      rtfctContent = #{record.rtfctcontent,jdbcType=VARCHAR},
      rectificationPic = #{record.rectificationpic,jdbcType=VARCHAR},
      PicType = #{record.pictype,jdbcType=VARCHAR},
      rtfctAttachment = #{record.rtfctattachment,jdbcType=VARCHAR},
      attachmentType = #{record.attachmenttype,jdbcType=VARCHAR},
      assignDate = #{record.assigndate,jdbcType=DATE},
      rectificationTime = #{record.rectificationtime,jdbcType=DATE},
      rectificationDate = #{record.rectificationdate,jdbcType=DATE},
      rtfctFeedback = #{record.rtfctfeedback,jdbcType=VARCHAR},
      rtfctStatus = #{record.rtfctstatus,jdbcType=BIT},
      approveDate = #{record.approvedate,jdbcType=TIMESTAMP},
      rtfctComment = #{record.rtfctcomment,jdbcType=VARCHAR}
    <if test="_parameter != null">
      <include refid="Update_By_Example_Where_Clause" />
    </if>
  </update>
  <update id="updateByPrimaryKeySelective" parameterType="com.cpms.pojo.CpmsRectification">
    update cpms_rectification
    <set>
      <if test="projectid != null">
        projectId = #{projectid,jdbcType=VARCHAR},
      </if>
      <if test="rtfcteditorid != null">
        rtfctEditorId = #{rtfcteditorid,jdbcType=VARCHAR},
      </if>
      <if test="rtfcttracker != null">
        rtfctTracker = #{rtfcttracker,jdbcType=VARCHAR},
      </if>
      <if test="rtfctapproversid != null">
        rtfctApproversId = #{rtfctapproversid,jdbcType=VARCHAR},
      </if>
      <if test="rectificationpart != null">
        rectificationPart = #{rectificationpart,jdbcType=VARCHAR},
      </if>
      <if test="rtfctproblems != null">
        rtfctProblems = #{rtfctproblems,jdbcType=VARCHAR},
      </if>
      <if test="rtfctcontent != null">
        rtfctContent = #{rtfctcontent,jdbcType=VARCHAR},
      </if>
      <if test="rectificationpic != null">
        rectificationPic = #{rectificationpic,jdbcType=VARCHAR},
      </if>
      <if test="pictype != null">
        PicType = #{pictype,jdbcType=VARCHAR},
      </if>
      <if test="rtfctattachment != null">
        rtfctAttachment = #{rtfctattachment,jdbcType=VARCHAR},
      </if>
      <if test="attachmenttype != null">
        attachmentType = #{attachmenttype,jdbcType=VARCHAR},
      </if>
      <if test="assigndate != null">
        assignDate = #{assigndate,jdbcType=DATE},
      </if>
      <if test="rectificationtime != null">
        rectificationTime = #{rectificationtime,jdbcType=DATE},
      </if>
      <if test="rectificationdate != null">
        rectificationDate = #{rectificationdate,jdbcType=DATE},
      </if>
      <if test="rtfctfeedback != null">
        rtfctFeedback = #{rtfctfeedback,jdbcType=VARCHAR},
      </if>
      <if test="rtfctstatus != null">
        rtfctStatus = #{rtfctstatus,jdbcType=BIT},
      </if>
      <if test="approvedate != null">
        approveDate = #{approvedate,jdbcType=TIMESTAMP},
      </if>
      <if test="rtfctcomment != null">
        rtfctComment = #{rtfctcomment,jdbcType=VARCHAR},
      </if>
    </set>
    where rectificationId = #{rectificationid,jdbcType=VARCHAR}
  </update>
  <update id="updateByPrimaryKey" parameterType="com.cpms.pojo.CpmsRectification">
    update cpms_rectification
    set projectId = #{projectid,jdbcType=VARCHAR},
      rtfctEditorId = #{rtfcteditorid,jdbcType=VARCHAR},
      rtfctTracker = #{rtfcttracker,jdbcType=VARCHAR},
      rtfctApproversId = #{rtfctapproversid,jdbcType=VARCHAR},
      rectificationPart = #{rectificationpart,jdbcType=VARCHAR},
      rtfctProblems = #{rtfctproblems,jdbcType=VARCHAR},
      rtfctContent = #{rtfctcontent,jdbcType=VARCHAR},
      rectificationPic = #{rectificationpic,jdbcType=VARCHAR},
      PicType = #{pictype,jdbcType=VARCHAR},
      rtfctAttachment = #{rtfctattachment,jdbcType=VARCHAR},
      attachmentType = #{attachmenttype,jdbcType=VARCHAR},
      assignDate = #{assigndate,jdbcType=DATE},
      rectificationTime = #{rectificationtime,jdbcType=DATE},
      rectificationDate = #{rectificationdate,jdbcType=DATE},
      rtfctFeedback = #{rtfctfeedback,jdbcType=VARCHAR},
      rtfctStatus = #{rtfctstatus,jdbcType=BIT},
      approveDate = #{approvedate,jdbcType=TIMESTAMP},
      rtfctComment = #{rtfctcomment,jdbcType=VARCHAR}
    where rectificationId = #{rectificationid,jdbcType=VARCHAR}
  </update>
<!--   <resultMap id="BaseResultMap1" type="com.cpms.pojo.CpmsRectification">
    <id column="rectificationId" jdbcType="VARCHAR" property="rectificationid" />
    <result column="projectId" jdbcType="VARCHAR" property="projectid" />
    <result column="rtfctEditorId" jdbcType="VARCHAR" property="rtfcteditorid" />
    <result column="rtfctTracker" jdbcType="VARCHAR" property="rtfcttracker" />
    <result column="rtfctApproversId" jdbcType="VARCHAR" property="rtfctapproversid" />
    <result column="rectificationPart" jdbcType="VARCHAR" property="rectificationpart" />
    <result column="rtfctProblems" jdbcType="VARCHAR" property="rtfctproblems" />
    <result column="rtfctContent" jdbcType="VARCHAR" property="rtfctcontent" />
    <result column="rectificationPic" jdbcType="VARCHAR" property="rectificationpic" />
    <result column="PicType" jdbcType="VARCHAR" property="pictype" />
    <result column="rtfctAttachment" jdbcType="VARCHAR" property="rtfctattachment" />
    <result column="attachmentType" jdbcType="VARCHAR" property="attachmenttype" />
    <result column="assignDate" jdbcType="DATE" property="assigndate" />
    <result column="rectificationTime" jdbcType="DATE" property="rectificationtime" />
    <result column="rectificationDate" jdbcType="DATE" property="rectificationdate" />
    <result column="rtfctFeedback" jdbcType="VARCHAR" property="rtfctfeedback" />
    <result column="rtfctStatus" jdbcType="INTEGER" property="rtfctstatus" />
    <result column="approveDate" jdbcType="TIMESTAMP" property="approvedate" />
    <result column="rtfctComment" jdbcType="VARCHAR" property="rtfctcomment" />
  </resultMap>
  <sql id="Example_Where_Clause">
    <where>
      <foreach collection="oredCriteria" item="criteria" separator="or">
        <if test="criteria.valid">
          <trim prefix="(" prefixOverrides="and" suffix=")">
            <foreach collection="criteria.criteria" item="criterion">
              <choose>
                <when test="criterion.noValue">
                  and ${criterion.condition}
                </when>
                <when test="criterion.singleValue">
                  and ${criterion.condition} #{criterion.value}
                </when>
                <when test="criterion.betweenValue">
                  and ${criterion.condition} #{criterion.value} and #{criterion.secondValue}
                </when>
                <when test="criterion.listValue">
                  and ${criterion.condition}
                  <foreach close=")" collection="criterion.value" item="listItem" open="(" separator=",">
                    #{listItem}
                  </foreach>
                </when>
              </choose>
            </foreach>
          </trim>
        </if>
      </foreach>
    </where>
  </sql>
  <sql id="Update_By_Example_Where_Clause">
    <where>
      <foreach collection="example.oredCriteria" item="criteria" separator="or">
        <if test="criteria.valid">
          <trim prefix="(" prefixOverrides="and" suffix=")">
            <foreach collection="criteria.criteria" item="criterion">
              <choose>
                <when test="criterion.noValue">
                  and ${criterion.condition}
                </when>
                <when test="criterion.singleValue">
                  and ${criterion.condition} #{criterion.value}
                </when>
                <when test="criterion.betweenValue">
                  and ${criterion.condition} #{criterion.value} and #{criterion.secondValue}
                </when>
                <when test="criterion.listValue">
                  and ${criterion.condition}
                  <foreach close=")" collection="criterion.value" item="listItem" open="(" separator=",">
                    #{listItem}
                  </foreach>
                </when>
              </choose>
            </foreach>
          </trim>
        </if>
      </foreach>
    </where>
  </sql>
  <sql id="Base_Column_List">
    rectificationId, projectId, rtfctEditorId, rtfctTracker, rtfctApproversId, rectificationPart, 
    rtfctProblems, rtfctContent, rectificationPic, PicType, rtfctAttachment, attachmentType, 
    assignDate, rectificationTime, rectificationDate, rtfctFeedback, rtfctStatus, approveDate, 
    rtfctComment
  </sql>
  <select id="selectByExample" parameterType="com.cpms.pojo.CpmsRectificationExample" resultMap="BaseResultMap">
    select
    <if test="distinct">
      distinct
    </if>
    <include refid="Base_Column_List" />
    from cpms_rectification
    <if test="_parameter != null">
      <include refid="Example_Where_Clause" />
    </if>
    <if test="orderByClause != null">
      order by ${orderByClause}
    </if>
  </select>
  <select id="selectByPrimaryKey" parameterType="java.lang.String" resultMap="BaseResultMap">
    select 
    <include refid="Base_Column_List" />
    from cpms_rectification
    where rectificationId = #{rectificationid,jdbcType=VARCHAR}
  </select>
  <delete id="deleteByPrimaryKey" parameterType="java.lang.String">
    delete from cpms_rectification
    where rectificationId = #{rectificationid,jdbcType=VARCHAR}
  </delete>
  <delete id="deleteByExample" parameterType="com.cpms.pojo.CpmsRectificationExample">
    delete from cpms_rectification
    <if test="_parameter != null">
      <include refid="Example_Where_Clause" />
    </if>
  </delete>
  <insert id="insert" parameterType="com.cpms.pojo.CpmsRectification">
    insert into cpms_rectification (rectificationId, projectId, rtfctEditorId, 
      rtfctTracker, rtfctApproversId, rectificationPart, 
      rtfctProblems, rtfctContent, rectificationPic, 
      PicType, rtfctAttachment, attachmentType, 
      assignDate, rectificationTime, rectificationDate, 
      rtfctFeedback, rtfctStatus, approveDate, 
      rtfctComment)
    values (#{rectificationid,jdbcType=VARCHAR}, #{projectid,jdbcType=VARCHAR}, #{rtfcteditorid,jdbcType=VARCHAR}, 
      #{rtfcttracker,jdbcType=VARCHAR}, #{rtfctapproversid,jdbcType=VARCHAR}, #{rectificationpart,jdbcType=VARCHAR}, 
      #{rtfctproblems,jdbcType=VARCHAR}, #{rtfctcontent,jdbcType=VARCHAR}, #{rectificationpic,jdbcType=VARCHAR}, 
      #{pictype,jdbcType=VARCHAR}, #{rtfctattachment,jdbcType=VARCHAR}, #{attachmenttype,jdbcType=VARCHAR}, 
      #{assigndate,jdbcType=DATE}, #{rectificationtime,jdbcType=DATE}, #{rectificationdate,jdbcType=DATE}, 
      #{rtfctfeedback,jdbcType=VARCHAR}, #{rtfctstatus,jdbcType=INTEGER}, #{approvedate,jdbcType=TIMESTAMP}, 
      #{rtfctcomment,jdbcType=VARCHAR})
  </insert>
  <insert id="insertSelective" parameterType="com.cpms.pojo.CpmsRectification">
    insert into cpms_rectification
    <trim prefix="(" suffix=")" suffixOverrides=",">
      <if test="rectificationid != null">
        rectificationId,
      </if>
      <if test="projectid != null">
        projectId,
      </if>
      <if test="rtfcteditorid != null">
        rtfctEditorId,
      </if>
      <if test="rtfcttracker != null">
        rtfctTracker,
      </if>
      <if test="rtfctapproversid != null">
        rtfctApproversId,
      </if>
      <if test="rectificationpart != null">
        rectificationPart,
      </if>
      <if test="rtfctproblems != null">
        rtfctProblems,
      </if>
      <if test="rtfctcontent != null">
        rtfctContent,
      </if>
      <if test="rectificationpic != null">
        rectificationPic,
      </if>
      <if test="pictype != null">
        PicType,
      </if>
      <if test="rtfctattachment != null">
        rtfctAttachment,
      </if>
      <if test="attachmenttype != null">
        attachmentType,
      </if>
      <if test="assigndate != null">
        assignDate,
      </if>
      <if test="rectificationtime != null">
        rectificationTime,
      </if>
      <if test="rectificationdate != null">
        rectificationDate,
      </if>
      <if test="rtfctfeedback != null">
        rtfctFeedback,
      </if>
      <if test="rtfctstatus != null">
        rtfctStatus,
      </if>
      <if test="approvedate != null">
        approveDate,
      </if>
      <if test="rtfctcomment != null">
        rtfctComment,
      </if>
    </trim>
    <trim prefix="values (" suffix=")" suffixOverrides=",">
      <if test="rectificationid != null">
        #{rectificationid,jdbcType=VARCHAR},
      </if>
      <if test="projectid != null">
        #{projectid,jdbcType=VARCHAR},
      </if>
      <if test="rtfcteditorid != null">
        #{rtfcteditorid,jdbcType=VARCHAR},
      </if>
      <if test="rtfcttracker != null">
        #{rtfcttracker,jdbcType=VARCHAR},
      </if>
      <if test="rtfctapproversid != null">
        #{rtfctapproversid,jdbcType=VARCHAR},
      </if>
      <if test="rectificationpart != null">
        #{rectificationpart,jdbcType=VARCHAR},
      </if>
      <if test="rtfctproblems != null">
        #{rtfctproblems,jdbcType=VARCHAR},
      </if>
      <if test="rtfctcontent != null">
        #{rtfctcontent,jdbcType=VARCHAR},
      </if>
      <if test="rectificationpic != null">
        #{rectificationpic,jdbcType=VARCHAR},
      </if>
      <if test="pictype != null">
        #{pictype,jdbcType=VARCHAR},
      </if>
      <if test="rtfctattachment != null">
        #{rtfctattachment,jdbcType=VARCHAR},
      </if>
      <if test="attachmenttype != null">
        #{attachmenttype,jdbcType=VARCHAR},
      </if>
      <if test="assigndate != null">
        #{assigndate,jdbcType=DATE},
      </if>
      <if test="rectificationtime != null">
        #{rectificationtime,jdbcType=DATE},
      </if>
      <if test="rectificationdate != null">
        #{rectificationdate,jdbcType=DATE},
      </if>
      <if test="rtfctfeedback != null">
        #{rtfctfeedback,jdbcType=VARCHAR},
      </if>
      <if test="rtfctstatus != null">
        #{rtfctstatus,jdbcType=INTEGER},
      </if>
      <if test="approvedate != null">
        #{approvedate,jdbcType=TIMESTAMP},
      </if>
      <if test="rtfctcomment != null">
        #{rtfctcomment,jdbcType=VARCHAR},
      </if>
    </trim>
  </insert>
  <select id="countByExample" parameterType="com.cpms.pojo.CpmsRectificationExample" resultType="java.lang.Integer">
    select count(*) from cpms_rectification
    <if test="_parameter != null">
      <include refid="Example_Where_Clause" />
    </if>
  </select>
  <update id="updateByExampleSelective" parameterType="map">
    update cpms_rectification
    <set>
      <if test="record.rectificationid != null">
        rectificationId = #{record.rectificationid,jdbcType=VARCHAR},
      </if>
      <if test="record.projectid != null">
        projectId = #{record.projectid,jdbcType=VARCHAR},
      </if>
      <if test="record.rtfcteditorid != null">
        rtfctEditorId = #{record.rtfcteditorid,jdbcType=VARCHAR},
      </if>
      <if test="record.rtfcttracker != null">
        rtfctTracker = #{record.rtfcttracker,jdbcType=VARCHAR},
      </if>
      <if test="record.rtfctapproversid != null">
        rtfctApproversId = #{record.rtfctapproversid,jdbcType=VARCHAR},
      </if>
      <if test="record.rectificationpart != null">
        rectificationPart = #{record.rectificationpart,jdbcType=VARCHAR},
      </if>
      <if test="record.rtfctproblems != null">
        rtfctProblems = #{record.rtfctproblems,jdbcType=VARCHAR},
      </if>
      <if test="record.rtfctcontent != null">
        rtfctContent = #{record.rtfctcontent,jdbcType=VARCHAR},
      </if>
      <if test="record.rectificationpic != null">
        rectificationPic = #{record.rectificationpic,jdbcType=VARCHAR},
      </if>
      <if test="record.pictype != null">
        PicType = #{record.pictype,jdbcType=VARCHAR},
      </if>
      <if test="record.rtfctattachment != null">
        rtfctAttachment = #{record.rtfctattachment,jdbcType=VARCHAR},
      </if>
      <if test="record.attachmenttype != null">
        attachmentType = #{record.attachmenttype,jdbcType=VARCHAR},
      </if>
      <if test="record.assigndate != null">
        assignDate = #{record.assigndate,jdbcType=DATE},
      </if>
      <if test="record.rectificationtime != null">
        rectificationTime = #{record.rectificationtime,jdbcType=DATE},
      </if>
      <if test="record.rectificationdate != null">
        rectificationDate = #{record.rectificationdate,jdbcType=DATE},
      </if>
      <if test="record.rtfctfeedback != null">
        rtfctFeedback = #{record.rtfctfeedback,jdbcType=VARCHAR},
      </if>
      <if test="record.rtfctstatus != null">
        rtfctStatus = #{record.rtfctstatus,jdbcType=INTEGER},
      </if>
      <if test="record.approvedate != null">
        approveDate = #{record.approvedate,jdbcType=TIMESTAMP},
      </if>
      <if test="record.rtfctcomment != null">
        rtfctComment = #{record.rtfctcomment,jdbcType=VARCHAR},
      </if>
    </set>
    <if test="_parameter != null">
      <include refid="Update_By_Example_Where_Clause" />
    </if>
  </update>
  <update id="updateByExample" parameterType="map">
    update cpms_rectification
    set rectificationId = #{record.rectificationid,jdbcType=VARCHAR},
      projectId = #{record.projectid,jdbcType=VARCHAR},
      rtfctEditorId = #{record.rtfcteditorid,jdbcType=VARCHAR},
      rtfctTracker = #{record.rtfcttracker,jdbcType=VARCHAR},
      rtfctApproversId = #{record.rtfctapproversid,jdbcType=VARCHAR},
      rectificationPart = #{record.rectificationpart,jdbcType=VARCHAR},
      rtfctProblems = #{record.rtfctproblems,jdbcType=VARCHAR},
      rtfctContent = #{record.rtfctcontent,jdbcType=VARCHAR},
      rectificationPic = #{record.rectificationpic,jdbcType=VARCHAR},
      PicType = #{record.pictype,jdbcType=VARCHAR},
      rtfctAttachment = #{record.rtfctattachment,jdbcType=VARCHAR},
      attachmentType = #{record.attachmenttype,jdbcType=VARCHAR},
      assignDate = #{record.assigndate,jdbcType=DATE},
      rectificationTime = #{record.rectificationtime,jdbcType=DATE},
      rectificationDate = #{record.rectificationdate,jdbcType=DATE},
      rtfctFeedback = #{record.rtfctfeedback,jdbcType=VARCHAR},
      rtfctStatus = #{record.rtfctstatus,jdbcType=INTEGER},
      approveDate = #{record.approvedate,jdbcType=TIMESTAMP},
      rtfctComment = #{record.rtfctcomment,jdbcType=VARCHAR}
    <if test="_parameter != null">
      <include refid="Update_By_Example_Where_Clause" />
    </if>
  </update>
  <update id="updateByPrimaryKeySelective" parameterType="com.cpms.pojo.CpmsRectification">
    update cpms_rectification
    <set>
      <if test="projectid != null">
        projectId = #{projectid,jdbcType=VARCHAR},
      </if>
      <if test="rtfcteditorid != null">
        rtfctEditorId = #{rtfcteditorid,jdbcType=VARCHAR},
      </if>
      <if test="rtfcttracker != null">
        rtfctTracker = #{rtfcttracker,jdbcType=VARCHAR},
      </if>
      <if test="rtfctapproversid != null">
        rtfctApproversId = #{rtfctapproversid,jdbcType=VARCHAR},
      </if>
      <if test="rectificationpart != null">
        rectificationPart = #{rectificationpart,jdbcType=VARCHAR},
      </if>
      <if test="rtfctproblems != null">
        rtfctProblems = #{rtfctproblems,jdbcType=VARCHAR},
      </if>
      <if test="rtfctcontent != null">
        rtfctContent = #{rtfctcontent,jdbcType=VARCHAR},
      </if>
      <if test="rectificationpic != null">
        rectificationPic = #{rectificationpic,jdbcType=VARCHAR},
      </if>
      <if test="pictype != null">
        PicType = #{pictype,jdbcType=VARCHAR},
      </if>
      <if test="rtfctattachment != null">
        rtfctAttachment = #{rtfctattachment,jdbcType=VARCHAR},
      </if>
      <if test="attachmenttype != null">
        attachmentType = #{attachmenttype,jdbcType=VARCHAR},
      </if>
      <if test="assigndate != null">
        assignDate = #{assigndate,jdbcType=DATE},
      </if>
      <if test="rectificationtime != null">
        rectificationTime = #{rectificationtime,jdbcType=DATE},
      </if>
      <if test="rectificationdate != null">
        rectificationDate = #{rectificationdate,jdbcType=DATE},
      </if>
      <if test="rtfctfeedback != null">
        rtfctFeedback = #{rtfctfeedback,jdbcType=VARCHAR},
      </if>
      <if test="rtfctstatus != null">
        rtfctStatus = #{rtfctstatus,jdbcType=INTEGER},
      </if>
      <if test="approvedate != null">
        approveDate = #{approvedate,jdbcType=TIMESTAMP},
      </if>
      <if test="rtfctcomment != null">
        rtfctComment = #{rtfctcomment,jdbcType=VARCHAR},
      </if>
    </set>
    where rectificationId = #{rectificationid,jdbcType=VARCHAR}
  </update>
  <update id="updateByPrimaryKey" parameterType="com.cpms.pojo.CpmsRectification">
    update cpms_rectification
    set projectId = #{projectid,jdbcType=VARCHAR},
      rtfctEditorId = #{rtfcteditorid,jdbcType=VARCHAR},
      rtfctTracker = #{rtfcttracker,jdbcType=VARCHAR},
      rtfctApproversId = #{rtfctapproversid,jdbcType=VARCHAR},
      rectificationPart = #{rectificationpart,jdbcType=VARCHAR},
      rtfctProblems = #{rtfctproblems,jdbcType=VARCHAR},
      rtfctContent = #{rtfctcontent,jdbcType=VARCHAR},
      rectificationPic = #{rectificationpic,jdbcType=VARCHAR},
      PicType = #{pictype,jdbcType=VARCHAR},
      rtfctAttachment = #{rtfctattachment,jdbcType=VARCHAR},
      attachmentType = #{attachmenttype,jdbcType=VARCHAR},
      assignDate = #{assigndate,jdbcType=DATE},
      rectificationTime = #{rectificationtime,jdbcType=DATE},
      rectificationDate = #{rectificationdate,jdbcType=DATE},
      rtfctFeedback = #{rtfctfeedback,jdbcType=VARCHAR},
      rtfctStatus = #{rtfctstatus,jdbcType=INTEGER},
      approveDate = #{approvedate,jdbcType=TIMESTAMP},
      rtfctComment = #{rtfctcomment,jdbcType=VARCHAR}
    where rectificationId = #{rectificationid,jdbcType=VARCHAR}
  </update> -->
</mapper>