<?xml version="1.0" encoding="UTF-8"?>
<!DOCTYPE mapper PUBLIC "-//mybatis.org//DTD Mapper 3.0//EN" "http://mybatis.org/dtd/mybatis-3-mapper.dtd">
<mapper namespace="com.cpms.mapper.CpmsMissionMapper">
  <resultMap id="BaseResultMap" type="com.cpms.pojo.CpmsMission">
    <id column="missionId" jdbcType="INTEGER" property="missionid" />
    <result column="projectId" jdbcType="VARCHAR" property="projectid" />
    <result column="missionTrackerId" jdbcType="VARCHAR" property="missiontrackerid" />
    <result column="missionName" jdbcType="VARCHAR" property="missionname" />
    <result column="missionStartTime" jdbcType="DATE" property="missionstarttime" />
    <result column="missionEndTime" jdbcType="DATE" property="missionendtime" />
    <result column="missionContent" jdbcType="VARCHAR" property="missioncontent" />
    <result column="missionDate" jdbcType="DATE" property="missiondate" />
    <result column="missionStatus" jdbcType="BIT" property="missionstatus" />
  </resultMap>
  <sql id="Example_Where_Clause">
    <where>
      <foreach collection="oredCriteria" item="criteria" separator="or">
        <if test="criteria.valid">
          <trim prefix="(" prefixOverrides="and" suffix=")">
            <foreach collection="criteria.criteria" item="criterion">
              <choose>
                <when test="criterion.noValue">
                  and ${criterion.condition}
                </when>
                <when test="criterion.singleValue">
                  and ${criterion.condition} #{criterion.value}
                </when>
                <when test="criterion.betweenValue">
                  and ${criterion.condition} #{criterion.value} and #{criterion.secondValue}
                </when>
                <when test="criterion.listValue">
                  and ${criterion.condition}
                  <foreach close=")" collection="criterion.value" item="listItem" open="(" separator=",">
                    #{listItem}
                  </foreach>
                </when>
              </choose>
            </foreach>
          </trim>
        </if>
      </foreach>
    </where>
  </sql>
  <sql id="Update_By_Example_Where_Clause">
    <where>
      <foreach collection="example.oredCriteria" item="criteria" separator="or">
        <if test="criteria.valid">
          <trim prefix="(" prefixOverrides="and" suffix=")">
            <foreach collection="criteria.criteria" item="criterion">
              <choose>
                <when test="criterion.noValue">
                  and ${criterion.condition}
                </when>
                <when test="criterion.singleValue">
                  and ${criterion.condition} #{criterion.value}
                </when>
                <when test="criterion.betweenValue">
                  and ${criterion.condition} #{criterion.value} and #{criterion.secondValue}
                </when>
                <when test="criterion.listValue">
                  and ${criterion.condition}
                  <foreach close=")" collection="criterion.value" item="listItem" open="(" separator=",">
                    #{listItem}
                  </foreach>
                </when>
              </choose>
            </foreach>
          </trim>
        </if>
      </foreach>
    </where>
  </sql>
  <sql id="Base_Column_List">
    missionId, projectId, missionTrackerId, missionName, missionStartTime, missionEndTime, 
    missionContent, missionDate, missionStatus
  </sql>
  <select id="selectByExample" parameterType="com.cpms.pojo.CpmsMissionExample" resultMap="BaseResultMap">
    select
    <if test="distinct">
      distinct
    </if>
    <include refid="Base_Column_List" />
    from cpms_mission
    <if test="_parameter != null">
      <include refid="Example_Where_Clause" />
    </if>
    <if test="orderByClause != null">
      order by ${orderByClause}
    </if>
  </select>
  <select id="selectByPrimaryKey" parameterType="java.lang.Integer" resultMap="BaseResultMap">
    select 
    <include refid="Base_Column_List" />
    from cpms_mission
    where missionId = #{missionid,jdbcType=INTEGER}
  </select>
  <delete id="deleteByPrimaryKey" parameterType="java.lang.Integer">
    delete from cpms_mission
    where missionId = #{missionid,jdbcType=INTEGER}
  </delete>
  <delete id="deleteByExample" parameterType="com.cpms.pojo.CpmsMissionExample">
    delete from cpms_mission
    <if test="_parameter != null">
      <include refid="Example_Where_Clause" />
    </if>
  </delete>
  <insert id="insert" parameterType="com.cpms.pojo.CpmsMission">
    insert into cpms_mission (missionId, projectId, missionTrackerId, 
      missionName, missionStartTime, missionEndTime, 
      missionContent, missionDate, missionStatus
      )
    values (#{missionid,jdbcType=INTEGER}, #{projectid,jdbcType=VARCHAR}, #{missiontrackerid,jdbcType=VARCHAR}, 
      #{missionname,jdbcType=VARCHAR}, #{missionstarttime,jdbcType=DATE}, #{missionendtime,jdbcType=DATE}, 
      #{missioncontent,jdbcType=VARCHAR}, #{missiondate,jdbcType=DATE}, #{missionstatus,jdbcType=BIT}
      )
  </insert>
  <insert id="insertSelective" parameterType="com.cpms.pojo.CpmsMission">
    insert into cpms_mission
    <trim prefix="(" suffix=")" suffixOverrides=",">
      <if test="missionid != null">
        missionId,
      </if>
      <if test="projectid != null">
        projectId,
      </if>
      <if test="missiontrackerid != null">
        missionTrackerId,
      </if>
      <if test="missionname != null">
        missionName,
      </if>
      <if test="missionstarttime != null">
        missionStartTime,
      </if>
      <if test="missionendtime != null">
        missionEndTime,
      </if>
      <if test="missioncontent != null">
        missionContent,
      </if>
      <if test="missiondate != null">
        missionDate,
      </if>
      <if test="missionstatus != null">
        missionStatus,
      </if>
    </trim>
    <trim prefix="values (" suffix=")" suffixOverrides=",">
      <if test="missionid != null">
        #{missionid,jdbcType=INTEGER},
      </if>
      <if test="projectid != null">
        #{projectid,jdbcType=VARCHAR},
      </if>
      <if test="missiontrackerid != null">
        #{missiontrackerid,jdbcType=VARCHAR},
      </if>
      <if test="missionname != null">
        #{missionname,jdbcType=VARCHAR},
      </if>
      <if test="missionstarttime != null">
        #{missionstarttime,jdbcType=DATE},
      </if>
      <if test="missionendtime != null">
        #{missionendtime,jdbcType=DATE},
      </if>
      <if test="missioncontent != null">
        #{missioncontent,jdbcType=VARCHAR},
      </if>
      <if test="missiondate != null">
        #{missiondate,jdbcType=DATE},
      </if>
      <if test="missionstatus != null">
        #{missionstatus,jdbcType=BIT},
      </if>
    </trim>
  </insert>
  <select id="countByExample" parameterType="com.cpms.pojo.CpmsMissionExample" resultType="java.lang.Integer">
    select count(*) from cpms_mission
    <if test="_parameter != null">
      <include refid="Example_Where_Clause" />
    </if>
  </select>
  <update id="updateByExampleSelective" parameterType="map">
    update cpms_mission
    <set>
      <if test="record.missionid != null">
        missionId = #{record.missionid,jdbcType=INTEGER},
      </if>
      <if test="record.projectid != null">
        projectId = #{record.projectid,jdbcType=VARCHAR},
      </if>
      <if test="record.missiontrackerid != null">
        missionTrackerId = #{record.missiontrackerid,jdbcType=VARCHAR},
      </if>
      <if test="record.missionname != null">
        missionName = #{record.missionname,jdbcType=VARCHAR},
      </if>
      <if test="record.missionstarttime != null">
        missionStartTime = #{record.missionstarttime,jdbcType=DATE},
      </if>
      <if test="record.missionendtime != null">
        missionEndTime = #{record.missionendtime,jdbcType=DATE},
      </if>
      <if test="record.missioncontent != null">
        missionContent = #{record.missioncontent,jdbcType=VARCHAR},
      </if>
      <if test="record.missiondate != null">
        missionDate = #{record.missiondate,jdbcType=DATE},
      </if>
      <if test="record.missionstatus != null">
        missionStatus = #{record.missionstatus,jdbcType=BIT},
      </if>
    </set>
    <if test="_parameter != null">
      <include refid="Update_By_Example_Where_Clause" />
    </if>
  </update>
  <update id="updateByExample" parameterType="map">
    update cpms_mission
    set missionId = #{record.missionid,jdbcType=INTEGER},
      projectId = #{record.projectid,jdbcType=VARCHAR},
      missionTrackerId = #{record.missiontrackerid,jdbcType=VARCHAR},
      missionName = #{record.missionname,jdbcType=VARCHAR},
      missionStartTime = #{record.missionstarttime,jdbcType=DATE},
      missionEndTime = #{record.missionendtime,jdbcType=DATE},
      missionContent = #{record.missioncontent,jdbcType=VARCHAR},
      missionDate = #{record.missiondate,jdbcType=DATE},
      missionStatus = #{record.missionstatus,jdbcType=BIT}
    <if test="_parameter != null">
      <include refid="Update_By_Example_Where_Clause" />
    </if>
  </update>
  <update id="updateByPrimaryKeySelective" parameterType="com.cpms.pojo.CpmsMission">
    update cpms_mission
    <set>
      <if test="projectid != null">
        projectId = #{projectid,jdbcType=VARCHAR},
      </if>
      <if test="missiontrackerid != null">
        missionTrackerId = #{missiontrackerid,jdbcType=VARCHAR},
      </if>
      <if test="missionname != null">
        missionName = #{missionname,jdbcType=VARCHAR},
      </if>
      <if test="missionstarttime != null">
        missionStartTime = #{missionstarttime,jdbcType=DATE},
      </if>
      <if test="missionendtime != null">
        missionEndTime = #{missionendtime,jdbcType=DATE},
      </if>
      <if test="missioncontent != null">
        missionContent = #{missioncontent,jdbcType=VARCHAR},
      </if>
      <if test="missiondate != null">
        missionDate = #{missiondate,jdbcType=DATE},
      </if>
      <if test="missionstatus != null">
        missionStatus = #{missionstatus,jdbcType=BIT},
      </if>
    </set>
    where missionId = #{missionid,jdbcType=INTEGER}
  </update>
  <update id="updateByPrimaryKey" parameterType="com.cpms.pojo.CpmsMission">
    update cpms_mission
    set projectId = #{projectid,jdbcType=VARCHAR},
      missionTrackerId = #{missiontrackerid,jdbcType=VARCHAR},
      missionName = #{missionname,jdbcType=VARCHAR},
      missionStartTime = #{missionstarttime,jdbcType=DATE},
      missionEndTime = #{missionendtime,jdbcType=DATE},
      missionContent = #{missioncontent,jdbcType=VARCHAR},
      missionDate = #{missiondate,jdbcType=DATE},
      missionStatus = #{missionstatus,jdbcType=BIT}
    where missionId = #{missionid,jdbcType=INTEGER}
  </update>
 <!--  <resultMap id="BaseResultMap1" type="com.cpms.pojo.CpmsMission">
    <id column="missionId" jdbcType="INTEGER" property="missionid" />
    <result column="projectId" jdbcType="VARCHAR" property="projectid" />
    <result column="missionTrackerId" jdbcType="VARCHAR" property="missiontrackerid" />
    <result column="missionName" jdbcType="VARCHAR" property="missionname" />
    <result column="missionStartTime" jdbcType="DATE" property="missionstarttime" />
    <result column="missionEndTime" jdbcType="DATE" property="missionendtime" />
    <result column="missionContent" jdbcType="VARCHAR" property="missioncontent" />
    <result column="missionDate" jdbcType="DATE" property="missiondate" />
    <result column="missionStatus" jdbcType="INTEGER" property="missionstatus" />
  </resultMap>
  <sql id="Example_Where_Clause">
    <where>
      <foreach collection="oredCriteria" item="criteria" separator="or">
        <if test="criteria.valid">
          <trim prefix="(" prefixOverrides="and" suffix=")">
            <foreach collection="criteria.criteria" item="criterion">
              <choose>
                <when test="criterion.noValue">
                  and ${criterion.condition}
                </when>
                <when test="criterion.singleValue">
                  and ${criterion.condition} #{criterion.value}
                </when>
                <when test="criterion.betweenValue">
                  and ${criterion.condition} #{criterion.value} and #{criterion.secondValue}
                </when>
                <when test="criterion.listValue">
                  and ${criterion.condition}
                  <foreach close=")" collection="criterion.value" item="listItem" open="(" separator=",">
                    #{listItem}
                  </foreach>
                </when>
              </choose>
            </foreach>
          </trim>
        </if>
      </foreach>
    </where>
  </sql>
  <sql id="Update_By_Example_Where_Clause">
    <where>
      <foreach collection="example.oredCriteria" item="criteria" separator="or">
        <if test="criteria.valid">
          <trim prefix="(" prefixOverrides="and" suffix=")">
            <foreach collection="criteria.criteria" item="criterion">
              <choose>
                <when test="criterion.noValue">
                  and ${criterion.condition}
                </when>
                <when test="criterion.singleValue">
                  and ${criterion.condition} #{criterion.value}
                </when>
                <when test="criterion.betweenValue">
                  and ${criterion.condition} #{criterion.value} and #{criterion.secondValue}
                </when>
                <when test="criterion.listValue">
                  and ${criterion.condition}
                  <foreach close=")" collection="criterion.value" item="listItem" open="(" separator=",">
                    #{listItem}
                  </foreach>
                </when>
              </choose>
            </foreach>
          </trim>
        </if>
      </foreach>
    </where>
  </sql>
  <sql id="Base_Column_List">
    missionId, projectId, missionTrackerId, missionName, missionStartTime, missionEndTime, 
    missionContent, missionDate, missionStatus
  </sql>
  <select id="selectByExample" parameterType="com.cpms.pojo.CpmsMissionExample" resultMap="BaseResultMap">
    select
    <if test="distinct">
      distinct
    </if>
    <include refid="Base_Column_List" />
    from cpms_mission
    <if test="_parameter != null">
      <include refid="Example_Where_Clause" />
    </if>
    <if test="orderByClause != null">
      order by ${orderByClause}
    </if>
  </select>
  <select id="selectByPrimaryKey" parameterType="java.lang.Integer" resultMap="BaseResultMap">
    select 
    <include refid="Base_Column_List" />
    from cpms_mission
    where missionId = #{missionid,jdbcType=INTEGER}
  </select>
  <delete id="deleteByPrimaryKey" parameterType="java.lang.Integer">
    delete from cpms_mission
    where missionId = #{missionid,jdbcType=INTEGER}
  </delete>
  <delete id="deleteByExample" parameterType="com.cpms.pojo.CpmsMissionExample">
    delete from cpms_mission
    <if test="_parameter != null">
      <include refid="Example_Where_Clause" />
    </if>
  </delete>
  <insert id="insert" parameterType="com.cpms.pojo.CpmsMission">
    insert into cpms_mission (missionId, projectId, missionTrackerId, 
      missionName, missionStartTime, missionEndTime, 
      missionContent, missionDate, missionStatus
      )
    values (#{missionid,jdbcType=INTEGER}, #{projectid,jdbcType=VARCHAR}, #{missiontrackerid,jdbcType=VARCHAR}, 
      #{missionname,jdbcType=VARCHAR}, #{missionstarttime,jdbcType=DATE}, #{missionendtime,jdbcType=DATE}, 
      #{missioncontent,jdbcType=VARCHAR}, #{missiondate,jdbcType=DATE}, #{missionstatus,jdbcType=INTEGER}
      )
  </insert>
  <insert id="insertSelective" parameterType="com.cpms.pojo.CpmsMission">
    insert into cpms_mission
    <trim prefix="(" suffix=")" suffixOverrides=",">
      <if test="missionid != null">
        missionId,
      </if>
      <if test="projectid != null">
        projectId,
      </if>
      <if test="missiontrackerid != null">
        missionTrackerId,
      </if>
      <if test="missionname != null">
        missionName,
      </if>
      <if test="missionstarttime != null">
        missionStartTime,
      </if>
      <if test="missionendtime != null">
        missionEndTime,
      </if>
      <if test="missioncontent != null">
        missionContent,
      </if>
      <if test="missiondate != null">
        missionDate,
      </if>
      <if test="missionstatus != null">
        missionStatus,
      </if>
    </trim>
    <trim prefix="values (" suffix=")" suffixOverrides=",">
      <if test="missionid != null">
        #{missionid,jdbcType=INTEGER},
      </if>
      <if test="projectid != null">
        #{projectid,jdbcType=VARCHAR},
      </if>
      <if test="missiontrackerid != null">
        #{missiontrackerid,jdbcType=VARCHAR},
      </if>
      <if test="missionname != null">
        #{missionname,jdbcType=VARCHAR},
      </if>
      <if test="missionstarttime != null">
        #{missionstarttime,jdbcType=DATE},
      </if>
      <if test="missionendtime != null">
        #{missionendtime,jdbcType=DATE},
      </if>
      <if test="missioncontent != null">
        #{missioncontent,jdbcType=VARCHAR},
      </if>
      <if test="missiondate != null">
        #{missiondate,jdbcType=DATE},
      </if>
      <if test="missionstatus != null">
        #{missionstatus,jdbcType=INTEGER},
      </if>
    </trim>
  </insert>
  <select id="countByExample" parameterType="com.cpms.pojo.CpmsMissionExample" resultType="java.lang.Integer">
    select count(*) from cpms_mission
    <if test="_parameter != null">
      <include refid="Example_Where_Clause" />
    </if>
  </select>
  <update id="updateByExampleSelective" parameterType="map">
    update cpms_mission
    <set>
      <if test="record.missionid != null">
        missionId = #{record.missionid,jdbcType=INTEGER},
      </if>
      <if test="record.projectid != null">
        projectId = #{record.projectid,jdbcType=VARCHAR},
      </if>
      <if test="record.missiontrackerid != null">
        missionTrackerId = #{record.missiontrackerid,jdbcType=VARCHAR},
      </if>
      <if test="record.missionname != null">
        missionName = #{record.missionname,jdbcType=VARCHAR},
      </if>
      <if test="record.missionstarttime != null">
        missionStartTime = #{record.missionstarttime,jdbcType=DATE},
      </if>
      <if test="record.missionendtime != null">
        missionEndTime = #{record.missionendtime,jdbcType=DATE},
      </if>
      <if test="record.missioncontent != null">
        missionContent = #{record.missioncontent,jdbcType=VARCHAR},
      </if>
      <if test="record.missiondate != null">
        missionDate = #{record.missiondate,jdbcType=DATE},
      </if>
      <if test="record.missionstatus != null">
        missionStatus = #{record.missionstatus,jdbcType=INTEGER},
      </if>
    </set>
    <if test="_parameter != null">
      <include refid="Update_By_Example_Where_Clause" />
    </if>
  </update>
  <update id="updateByExample" parameterType="map">
    update cpms_mission
    set missionId = #{record.missionid,jdbcType=INTEGER},
      projectId = #{record.projectid,jdbcType=VARCHAR},
      missionTrackerId = #{record.missiontrackerid,jdbcType=VARCHAR},
      missionName = #{record.missionname,jdbcType=VARCHAR},
      missionStartTime = #{record.missionstarttime,jdbcType=DATE},
      missionEndTime = #{record.missionendtime,jdbcType=DATE},
      missionContent = #{record.missioncontent,jdbcType=VARCHAR},
      missionDate = #{record.missiondate,jdbcType=DATE},
      missionStatus = #{record.missionstatus,jdbcType=INTEGER}
    <if test="_parameter != null">
      <include refid="Update_By_Example_Where_Clause" />
    </if>
  </update>
  <update id="updateByPrimaryKeySelective" parameterType="com.cpms.pojo.CpmsMission">
    update cpms_mission
    <set>
      <if test="projectid != null">
        projectId = #{projectid,jdbcType=VARCHAR},
      </if>
      <if test="missiontrackerid != null">
        missionTrackerId = #{missiontrackerid,jdbcType=VARCHAR},
      </if>
      <if test="missionname != null">
        missionName = #{missionname,jdbcType=VARCHAR},
      </if>
      <if test="missionstarttime != null">
        missionStartTime = #{missionstarttime,jdbcType=DATE},
      </if>
      <if test="missionendtime != null">
        missionEndTime = #{missionendtime,jdbcType=DATE},
      </if>
      <if test="missioncontent != null">
        missionContent = #{missioncontent,jdbcType=VARCHAR},
      </if>
      <if test="missiondate != null">
        missionDate = #{missiondate,jdbcType=DATE},
      </if>
      <if test="missionstatus != null">
        missionStatus = #{missionstatus,jdbcType=INTEGER},
      </if>
    </set>
    where missionId = #{missionid,jdbcType=INTEGER}
  </update>
  <update id="updateByPrimaryKey" parameterType="com.cpms.pojo.CpmsMission">
    update cpms_mission
    set projectId = #{projectid,jdbcType=VARCHAR},
      missionTrackerId = #{missiontrackerid,jdbcType=VARCHAR},
      missionName = #{missionname,jdbcType=VARCHAR},
      missionStartTime = #{missionstarttime,jdbcType=DATE},
      missionEndTime = #{missionendtime,jdbcType=DATE},
      missionContent = #{missioncontent,jdbcType=VARCHAR},
      missionDate = #{missiondate,jdbcType=DATE},
      missionStatus = #{missionstatus,jdbcType=INTEGER}
    where missionId = #{missionid,jdbcType=INTEGER}
  </update> -->
</mapper>