<?xml version="1.0" encoding="UTF-8"?>
<!DOCTYPE mapper PUBLIC "-//mybatis.org//DTD Mapper 3.0//EN" "http://mybatis.org/dtd/mybatis-3-mapper.dtd">
<mapper namespace="com.cpms.mapper.CpmsSchemeMapper">
  <resultMap id="BaseResultMap" type="com.cpms.pojo.CpmsScheme">
    <id column="schemeId" jdbcType="VARCHAR" property="schemeid" />
    <result column="projectId" jdbcType="VARCHAR" property="projectid" />
    <result column="schemeEditorId" jdbcType="VARCHAR" property="schemeeditorid" />
    <result column="schemeApproversId" jdbcType="VARCHAR" property="schemeapproversid" />
    <result column="schemeName" jdbcType="VARCHAR" property="schemename" />
    <result column="schemeDate" jdbcType="DATE" property="schemedate" />
    <result column="schemeAttachment" jdbcType="VARCHAR" property="schemeattachment" />
    <result column="attachmentType" jdbcType="VARCHAR" property="attachmenttype" />
    <result column="schemeContent" jdbcType="VARCHAR" property="schemecontent" />
    <result column="schemeRemark" jdbcType="VARCHAR" property="schemeremark" />
    <result column="schemeStatus" jdbcType="BIT" property="schemestatus" />
    <result column="approveDate" jdbcType="TIMESTAMP" property="approvedate" />
    <result column="schemeComment" jdbcType="VARCHAR" property="schemecomment" />
  </resultMap>
  <sql id="Example_Where_Clause">
    <where>
      <foreach collection="oredCriteria" item="criteria" separator="or">
        <if test="criteria.valid">
          <trim prefix="(" prefixOverrides="and" suffix=")">
            <foreach collection="criteria.criteria" item="criterion">
              <choose>
                <when test="criterion.noValue">
                  and ${criterion.condition}
                </when>
                <when test="criterion.singleValue">
                  and ${criterion.condition} #{criterion.value}
                </when>
                <when test="criterion.betweenValue">
                  and ${criterion.condition} #{criterion.value} and #{criterion.secondValue}
                </when>
                <when test="criterion.listValue">
                  and ${criterion.condition}
                  <foreach close=")" collection="criterion.value" item="listItem" open="(" separator=",">
                    #{listItem}
                  </foreach>
                </when>
              </choose>
            </foreach>
          </trim>
        </if>
      </foreach>
    </where>
  </sql>
  <sql id="Update_By_Example_Where_Clause">
    <where>
      <foreach collection="example.oredCriteria" item="criteria" separator="or">
        <if test="criteria.valid">
          <trim prefix="(" prefixOverrides="and" suffix=")">
            <foreach collection="criteria.criteria" item="criterion">
              <choose>
                <when test="criterion.noValue">
                  and ${criterion.condition}
                </when>
                <when test="criterion.singleValue">
                  and ${criterion.condition} #{criterion.value}
                </when>
                <when test="criterion.betweenValue">
                  and ${criterion.condition} #{criterion.value} and #{criterion.secondValue}
                </when>
                <when test="criterion.listValue">
                  and ${criterion.condition}
                  <foreach close=")" collection="criterion.value" item="listItem" open="(" separator=",">
                    #{listItem}
                  </foreach>
                </when>
              </choose>
            </foreach>
          </trim>
        </if>
      </foreach>
    </where>
  </sql>
  <sql id="Base_Column_List">
    schemeId, projectId, schemeEditorId, schemeApproversId, schemeName, schemeDate, schemeAttachment, 
    attachmentType, schemeContent, schemeRemark, schemeStatus, approveDate, schemeComment
  </sql>
  <select id="selectByExample" parameterType="com.cpms.pojo.CpmsSchemeExample" resultMap="BaseResultMap">
    select
    <if test="distinct">
      distinct
    </if>
    <include refid="Base_Column_List" />
    from cpms_scheme
    <if test="_parameter != null">
      <include refid="Example_Where_Clause" />
    </if>
    <if test="orderByClause != null">
      order by ${orderByClause}
    </if>
  </select>
  <select id="selectByPrimaryKey" parameterType="java.lang.String" resultMap="BaseResultMap">
    select 
    <include refid="Base_Column_List" />
    from cpms_scheme
    where schemeId = #{schemeid,jdbcType=VARCHAR}
  </select>
  <delete id="deleteByPrimaryKey" parameterType="java.lang.String">
    delete from cpms_scheme
    where schemeId = #{schemeid,jdbcType=VARCHAR}
  </delete>
  <delete id="deleteByExample" parameterType="com.cpms.pojo.CpmsSchemeExample">
    delete from cpms_scheme
    <if test="_parameter != null">
      <include refid="Example_Where_Clause" />
    </if>
  </delete>
  <insert id="insert" parameterType="com.cpms.pojo.CpmsScheme">
    insert into cpms_scheme (schemeId, projectId, schemeEditorId, 
      schemeApproversId, schemeName, schemeDate, 
      schemeAttachment, attachmentType, schemeContent, 
      schemeRemark, schemeStatus, approveDate, 
      schemeComment)
    values (#{schemeid,jdbcType=VARCHAR}, #{projectid,jdbcType=VARCHAR}, #{schemeeditorid,jdbcType=VARCHAR}, 
      #{schemeapproversid,jdbcType=VARCHAR}, #{schemename,jdbcType=VARCHAR}, #{schemedate,jdbcType=DATE}, 
      #{schemeattachment,jdbcType=VARCHAR}, #{attachmenttype,jdbcType=VARCHAR}, #{schemecontent,jdbcType=VARCHAR}, 
      #{schemeremark,jdbcType=VARCHAR}, #{schemestatus,jdbcType=BIT}, #{approvedate,jdbcType=TIMESTAMP}, 
      #{schemecomment,jdbcType=VARCHAR})
  </insert>
  <insert id="insertSelective" parameterType="com.cpms.pojo.CpmsScheme">
    insert into cpms_scheme
    <trim prefix="(" suffix=")" suffixOverrides=",">
      <if test="schemeid != null">
        schemeId,
      </if>
      <if test="projectid != null">
        projectId,
      </if>
      <if test="schemeeditorid != null">
        schemeEditorId,
      </if>
      <if test="schemeapproversid != null">
        schemeApproversId,
      </if>
      <if test="schemename != null">
        schemeName,
      </if>
      <if test="schemedate != null">
        schemeDate,
      </if>
      <if test="schemeattachment != null">
        schemeAttachment,
      </if>
      <if test="attachmenttype != null">
        attachmentType,
      </if>
      <if test="schemecontent != null">
        schemeContent,
      </if>
      <if test="schemeremark != null">
        schemeRemark,
      </if>
      <if test="schemestatus != null">
        schemeStatus,
      </if>
      <if test="approvedate != null">
        approveDate,
      </if>
      <if test="schemecomment != null">
        schemeComment,
      </if>
    </trim>
    <trim prefix="values (" suffix=")" suffixOverrides=",">
      <if test="schemeid != null">
        #{schemeid,jdbcType=VARCHAR},
      </if>
      <if test="projectid != null">
        #{projectid,jdbcType=VARCHAR},
      </if>
      <if test="schemeeditorid != null">
        #{schemeeditorid,jdbcType=VARCHAR},
      </if>
      <if test="schemeapproversid != null">
        #{schemeapproversid,jdbcType=VARCHAR},
      </if>
      <if test="schemename != null">
        #{schemename,jdbcType=VARCHAR},
      </if>
      <if test="schemedate != null">
        #{schemedate,jdbcType=DATE},
      </if>
      <if test="schemeattachment != null">
        #{schemeattachment,jdbcType=VARCHAR},
      </if>
      <if test="attachmenttype != null">
        #{attachmenttype,jdbcType=VARCHAR},
      </if>
      <if test="schemecontent != null">
        #{schemecontent,jdbcType=VARCHAR},
      </if>
      <if test="schemeremark != null">
        #{schemeremark,jdbcType=VARCHAR},
      </if>
      <if test="schemestatus != null">
        #{schemestatus,jdbcType=BIT},
      </if>
      <if test="approvedate != null">
        #{approvedate,jdbcType=TIMESTAMP},
      </if>
      <if test="schemecomment != null">
        #{schemecomment,jdbcType=VARCHAR},
      </if>
    </trim>
  </insert>
  <select id="countByExample" parameterType="com.cpms.pojo.CpmsSchemeExample" resultType="java.lang.Integer">
    select count(*) from cpms_scheme
    <if test="_parameter != null">
      <include refid="Example_Where_Clause" />
    </if>
  </select>
  <update id="updateByExampleSelective" parameterType="map">
    update cpms_scheme
    <set>
      <if test="record.schemeid != null">
        schemeId = #{record.schemeid,jdbcType=VARCHAR},
      </if>
      <if test="record.projectid != null">
        projectId = #{record.projectid,jdbcType=VARCHAR},
      </if>
      <if test="record.schemeeditorid != null">
        schemeEditorId = #{record.schemeeditorid,jdbcType=VARCHAR},
      </if>
      <if test="record.schemeapproversid != null">
        schemeApproversId = #{record.schemeapproversid,jdbcType=VARCHAR},
      </if>
      <if test="record.schemename != null">
        schemeName = #{record.schemename,jdbcType=VARCHAR},
      </if>
      <if test="record.schemedate != null">
        schemeDate = #{record.schemedate,jdbcType=DATE},
      </if>
      <if test="record.schemeattachment != null">
        schemeAttachment = #{record.schemeattachment,jdbcType=VARCHAR},
      </if>
      <if test="record.attachmenttype != null">
        attachmentType = #{record.attachmenttype,jdbcType=VARCHAR},
      </if>
      <if test="record.schemecontent != null">
        schemeContent = #{record.schemecontent,jdbcType=VARCHAR},
      </if>
      <if test="record.schemeremark != null">
        schemeRemark = #{record.schemeremark,jdbcType=VARCHAR},
      </if>
      <if test="record.schemestatus != null">
        schemeStatus = #{record.schemestatus,jdbcType=BIT},
      </if>
      <if test="record.approvedate != null">
        approveDate = #{record.approvedate,jdbcType=TIMESTAMP},
      </if>
      <if test="record.schemecomment != null">
        schemeComment = #{record.schemecomment,jdbcType=VARCHAR},
      </if>
    </set>
    <if test="_parameter != null">
      <include refid="Update_By_Example_Where_Clause" />
    </if>
  </update>
  <update id="updateByExample" parameterType="map">
    update cpms_scheme
    set schemeId = #{record.schemeid,jdbcType=VARCHAR},
      projectId = #{record.projectid,jdbcType=VARCHAR},
      schemeEditorId = #{record.schemeeditorid,jdbcType=VARCHAR},
      schemeApproversId = #{record.schemeapproversid,jdbcType=VARCHAR},
      schemeName = #{record.schemename,jdbcType=VARCHAR},
      schemeDate = #{record.schemedate,jdbcType=DATE},
      schemeAttachment = #{record.schemeattachment,jdbcType=VARCHAR},
      attachmentType = #{record.attachmenttype,jdbcType=VARCHAR},
      schemeContent = #{record.schemecontent,jdbcType=VARCHAR},
      schemeRemark = #{record.schemeremark,jdbcType=VARCHAR},
      schemeStatus = #{record.schemestatus,jdbcType=BIT},
      approveDate = #{record.approvedate,jdbcType=TIMESTAMP},
      schemeComment = #{record.schemecomment,jdbcType=VARCHAR}
    <if test="_parameter != null">
      <include refid="Update_By_Example_Where_Clause" />
    </if>
  </update>
  <update id="updateByPrimaryKeySelective" parameterType="com.cpms.pojo.CpmsScheme">
    update cpms_scheme
    <set>
      <if test="projectid != null">
        projectId = #{projectid,jdbcType=VARCHAR},
      </if>
      <if test="schemeeditorid != null">
        schemeEditorId = #{schemeeditorid,jdbcType=VARCHAR},
      </if>
      <if test="schemeapproversid != null">
        schemeApproversId = #{schemeapproversid,jdbcType=VARCHAR},
      </if>
      <if test="schemename != null">
        schemeName = #{schemename,jdbcType=VARCHAR},
      </if>
      <if test="schemedate != null">
        schemeDate = #{schemedate,jdbcType=DATE},
      </if>
      <if test="schemeattachment != null">
        schemeAttachment = #{schemeattachment,jdbcType=VARCHAR},
      </if>
      <if test="attachmenttype != null">
        attachmentType = #{attachmenttype,jdbcType=VARCHAR},
      </if>
      <if test="schemecontent != null">
        schemeContent = #{schemecontent,jdbcType=VARCHAR},
      </if>
      <if test="schemeremark != null">
        schemeRemark = #{schemeremark,jdbcType=VARCHAR},
      </if>
      <if test="schemestatus != null">
        schemeStatus = #{schemestatus,jdbcType=BIT},
      </if>
      <if test="approvedate != null">
        approveDate = #{approvedate,jdbcType=TIMESTAMP},
      </if>
      <if test="schemecomment != null">
        schemeComment = #{schemecomment,jdbcType=VARCHAR},
      </if>
    </set>
    where schemeId = #{schemeid,jdbcType=VARCHAR}
  </update>
  <update id="updateByPrimaryKey" parameterType="com.cpms.pojo.CpmsScheme">
    update cpms_scheme
    set projectId = #{projectid,jdbcType=VARCHAR},
      schemeEditorId = #{schemeeditorid,jdbcType=VARCHAR},
      schemeApproversId = #{schemeapproversid,jdbcType=VARCHAR},
      schemeName = #{schemename,jdbcType=VARCHAR},
      schemeDate = #{schemedate,jdbcType=DATE},
      schemeAttachment = #{schemeattachment,jdbcType=VARCHAR},
      attachmentType = #{attachmenttype,jdbcType=VARCHAR},
      schemeContent = #{schemecontent,jdbcType=VARCHAR},
      schemeRemark = #{schemeremark,jdbcType=VARCHAR},
      schemeStatus = #{schemestatus,jdbcType=BIT},
      approveDate = #{approvedate,jdbcType=TIMESTAMP},
      schemeComment = #{schemecomment,jdbcType=VARCHAR}
    where schemeId = #{schemeid,jdbcType=VARCHAR}
  </update>
  <!-- <resultMap id="BaseResultMap1" type="com.cpms.pojo.CpmsScheme">
    <id column="schemeId" jdbcType="VARCHAR" property="schemeid" />
    <result column="projectId" jdbcType="VARCHAR" property="projectid" />
    <result column="schemeEditorId" jdbcType="VARCHAR" property="schemeeditorid" />
    <result column="schemeApproversId" jdbcType="VARCHAR" property="schemeapproversid" />
    <result column="schemeName" jdbcType="VARCHAR" property="schemename" />
    <result column="schemeDate" jdbcType="DATE" property="schemedate" />
    <result column="schemeAttachment" jdbcType="VARCHAR" property="schemeattachment" />
    <result column="attachmentType" jdbcType="VARCHAR" property="attachmenttype" />
    <result column="schemeContent" jdbcType="VARCHAR" property="schemecontent" />
    <result column="schemeRemark" jdbcType="VARCHAR" property="schemeremark" />
    <result column="schemeStatus" jdbcType="INTEGER" property="schemestatus" />
    <result column="approveDate" jdbcType="TIMESTAMP" property="approvedate" />
    <result column="schemeComment" jdbcType="VARCHAR" property="schemecomment" />
  </resultMap>
  <sql id="Example_Where_Clause">
    <where>
      <foreach collection="oredCriteria" item="criteria" separator="or">
        <if test="criteria.valid">
          <trim prefix="(" prefixOverrides="and" suffix=")">
            <foreach collection="criteria.criteria" item="criterion">
              <choose>
                <when test="criterion.noValue">
                  and ${criterion.condition}
                </when>
                <when test="criterion.singleValue">
                  and ${criterion.condition} #{criterion.value}
                </when>
                <when test="criterion.betweenValue">
                  and ${criterion.condition} #{criterion.value} and #{criterion.secondValue}
                </when>
                <when test="criterion.listValue">
                  and ${criterion.condition}
                  <foreach close=")" collection="criterion.value" item="listItem" open="(" separator=",">
                    #{listItem}
                  </foreach>
                </when>
              </choose>
            </foreach>
          </trim>
        </if>
      </foreach>
    </where>
  </sql>
  <sql id="Update_By_Example_Where_Clause">
    <where>
      <foreach collection="example.oredCriteria" item="criteria" separator="or">
        <if test="criteria.valid">
          <trim prefix="(" prefixOverrides="and" suffix=")">
            <foreach collection="criteria.criteria" item="criterion">
              <choose>
                <when test="criterion.noValue">
                  and ${criterion.condition}
                </when>
                <when test="criterion.singleValue">
                  and ${criterion.condition} #{criterion.value}
                </when>
                <when test="criterion.betweenValue">
                  and ${criterion.condition} #{criterion.value} and #{criterion.secondValue}
                </when>
                <when test="criterion.listValue">
                  and ${criterion.condition}
                  <foreach close=")" collection="criterion.value" item="listItem" open="(" separator=",">
                    #{listItem}
                  </foreach>
                </when>
              </choose>
            </foreach>
          </trim>
        </if>
      </foreach>
    </where>
  </sql>
  <sql id="Base_Column_List">
    schemeId, projectId, schemeEditorId, schemeApproversId, schemeName, schemeDate, schemeAttachment, 
    attachmentType, schemeContent, schemeRemark, schemeStatus, approveDate, schemeComment
  </sql>
  <select id="selectByExample" parameterType="com.cpms.pojo.CpmsSchemeExample" resultMap="BaseResultMap">
    select
    <if test="distinct">
      distinct
    </if>
    <include refid="Base_Column_List" />
    from cpms_scheme
    <if test="_parameter != null">
      <include refid="Example_Where_Clause" />
    </if>
    <if test="orderByClause != null">
      order by ${orderByClause}
    </if>
  </select>
  <select id="selectByPrimaryKey" parameterType="java.lang.String" resultMap="BaseResultMap">
    select 
    <include refid="Base_Column_List" />
    from cpms_scheme
    where schemeId = #{schemeid,jdbcType=VARCHAR}
  </select>
  <delete id="deleteByPrimaryKey" parameterType="java.lang.String">
    delete from cpms_scheme
    where schemeId = #{schemeid,jdbcType=VARCHAR}
  </delete>
  <delete id="deleteByExample" parameterType="com.cpms.pojo.CpmsSchemeExample">
    delete from cpms_scheme
    <if test="_parameter != null">
      <include refid="Example_Where_Clause" />
    </if>
  </delete>
  <insert id="insert" parameterType="com.cpms.pojo.CpmsScheme">
    insert into cpms_scheme (schemeId, projectId, schemeEditorId, 
      schemeApproversId, schemeName, schemeDate, 
      schemeAttachment, attachmentType, schemeContent, 
      schemeRemark, schemeStatus, approveDate, 
      schemeComment)
    values (#{schemeid,jdbcType=VARCHAR}, #{projectid,jdbcType=VARCHAR}, #{schemeeditorid,jdbcType=VARCHAR}, 
      #{schemeapproversid,jdbcType=VARCHAR}, #{schemename,jdbcType=VARCHAR}, #{schemedate,jdbcType=DATE}, 
      #{schemeattachment,jdbcType=VARCHAR}, #{attachmenttype,jdbcType=VARCHAR}, #{schemecontent,jdbcType=VARCHAR}, 
      #{schemeremark,jdbcType=VARCHAR}, #{schemestatus,jdbcType=INTEGER}, #{approvedate,jdbcType=TIMESTAMP}, 
      #{schemecomment,jdbcType=VARCHAR})
  </insert>
  <insert id="insertSelective" parameterType="com.cpms.pojo.CpmsScheme">
    insert into cpms_scheme
    <trim prefix="(" suffix=")" suffixOverrides=",">
      <if test="schemeid != null">
        schemeId,
      </if>
      <if test="projectid != null">
        projectId,
      </if>
      <if test="schemeeditorid != null">
        schemeEditorId,
      </if>
      <if test="schemeapproversid != null">
        schemeApproversId,
      </if>
      <if test="schemename != null">
        schemeName,
      </if>
      <if test="schemedate != null">
        schemeDate,
      </if>
      <if test="schemeattachment != null">
        schemeAttachment,
      </if>
      <if test="attachmenttype != null">
        attachmentType,
      </if>
      <if test="schemecontent != null">
        schemeContent,
      </if>
      <if test="schemeremark != null">
        schemeRemark,
      </if>
      <if test="schemestatus != null">
        schemeStatus,
      </if>
      <if test="approvedate != null">
        approveDate,
      </if>
      <if test="schemecomment != null">
        schemeComment,
      </if>
    </trim>
    <trim prefix="values (" suffix=")" suffixOverrides=",">
      <if test="schemeid != null">
        #{schemeid,jdbcType=VARCHAR},
      </if>
      <if test="projectid != null">
        #{projectid,jdbcType=VARCHAR},
      </if>
      <if test="schemeeditorid != null">
        #{schemeeditorid,jdbcType=VARCHAR},
      </if>
      <if test="schemeapproversid != null">
        #{schemeapproversid,jdbcType=VARCHAR},
      </if>
      <if test="schemename != null">
        #{schemename,jdbcType=VARCHAR},
      </if>
      <if test="schemedate != null">
        #{schemedate,jdbcType=DATE},
      </if>
      <if test="schemeattachment != null">
        #{schemeattachment,jdbcType=VARCHAR},
      </if>
      <if test="attachmenttype != null">
        #{attachmenttype,jdbcType=VARCHAR},
      </if>
      <if test="schemecontent != null">
        #{schemecontent,jdbcType=VARCHAR},
      </if>
      <if test="schemeremark != null">
        #{schemeremark,jdbcType=VARCHAR},
      </if>
      <if test="schemestatus != null">
        #{schemestatus,jdbcType=INTEGER},
      </if>
      <if test="approvedate != null">
        #{approvedate,jdbcType=TIMESTAMP},
      </if>
      <if test="schemecomment != null">
        #{schemecomment,jdbcType=VARCHAR},
      </if>
    </trim>
  </insert>
  <select id="countByExample" parameterType="com.cpms.pojo.CpmsSchemeExample" resultType="java.lang.Integer">
    select count(*) from cpms_scheme
    <if test="_parameter != null">
      <include refid="Example_Where_Clause" />
    </if>
  </select>
  <update id="updateByExampleSelective" parameterType="map">
    update cpms_scheme
    <set>
      <if test="record.schemeid != null">
        schemeId = #{record.schemeid,jdbcType=VARCHAR},
      </if>
      <if test="record.projectid != null">
        projectId = #{record.projectid,jdbcType=VARCHAR},
      </if>
      <if test="record.schemeeditorid != null">
        schemeEditorId = #{record.schemeeditorid,jdbcType=VARCHAR},
      </if>
      <if test="record.schemeapproversid != null">
        schemeApproversId = #{record.schemeapproversid,jdbcType=VARCHAR},
      </if>
      <if test="record.schemename != null">
        schemeName = #{record.schemename,jdbcType=VARCHAR},
      </if>
      <if test="record.schemedate != null">
        schemeDate = #{record.schemedate,jdbcType=DATE},
      </if>
      <if test="record.schemeattachment != null">
        schemeAttachment = #{record.schemeattachment,jdbcType=VARCHAR},
      </if>
      <if test="record.attachmenttype != null">
        attachmentType = #{record.attachmenttype,jdbcType=VARCHAR},
      </if>
      <if test="record.schemecontent != null">
        schemeContent = #{record.schemecontent,jdbcType=VARCHAR},
      </if>
      <if test="record.schemeremark != null">
        schemeRemark = #{record.schemeremark,jdbcType=VARCHAR},
      </if>
      <if test="record.schemestatus != null">
        schemeStatus = #{record.schemestatus,jdbcType=INTEGER},
      </if>
      <if test="record.approvedate != null">
        approveDate = #{record.approvedate,jdbcType=TIMESTAMP},
      </if>
      <if test="record.schemecomment != null">
        schemeComment = #{record.schemecomment,jdbcType=VARCHAR},
      </if>
    </set>
    <if test="_parameter != null">
      <include refid="Update_By_Example_Where_Clause" />
    </if>
  </update>
  <update id="updateByExample" parameterType="map">
    update cpms_scheme
    set schemeId = #{record.schemeid,jdbcType=VARCHAR},
      projectId = #{record.projectid,jdbcType=VARCHAR},
      schemeEditorId = #{record.schemeeditorid,jdbcType=VARCHAR},
      schemeApproversId = #{record.schemeapproversid,jdbcType=VARCHAR},
      schemeName = #{record.schemename,jdbcType=VARCHAR},
      schemeDate = #{record.schemedate,jdbcType=DATE},
      schemeAttachment = #{record.schemeattachment,jdbcType=VARCHAR},
      attachmentType = #{record.attachmenttype,jdbcType=VARCHAR},
      schemeContent = #{record.schemecontent,jdbcType=VARCHAR},
      schemeRemark = #{record.schemeremark,jdbcType=VARCHAR},
      schemeStatus = #{record.schemestatus,jdbcType=INTEGER},
      approveDate = #{record.approvedate,jdbcType=TIMESTAMP},
      schemeComment = #{record.schemecomment,jdbcType=VARCHAR}
    <if test="_parameter != null">
      <include refid="Update_By_Example_Where_Clause" />
    </if>
  </update>
  <update id="updateByPrimaryKeySelective" parameterType="com.cpms.pojo.CpmsScheme">
    update cpms_scheme
    <set>
      <if test="projectid != null">
        projectId = #{projectid,jdbcType=VARCHAR},
      </if>
      <if test="schemeeditorid != null">
        schemeEditorId = #{schemeeditorid,jdbcType=VARCHAR},
      </if>
      <if test="schemeapproversid != null">
        schemeApproversId = #{schemeapproversid,jdbcType=VARCHAR},
      </if>
      <if test="schemename != null">
        schemeName = #{schemename,jdbcType=VARCHAR},
      </if>
      <if test="schemedate != null">
        schemeDate = #{schemedate,jdbcType=DATE},
      </if>
      <if test="schemeattachment != null">
        schemeAttachment = #{schemeattachment,jdbcType=VARCHAR},
      </if>
      <if test="attachmenttype != null">
        attachmentType = #{attachmenttype,jdbcType=VARCHAR},
      </if>
      <if test="schemecontent != null">
        schemeContent = #{schemecontent,jdbcType=VARCHAR},
      </if>
      <if test="schemeremark != null">
        schemeRemark = #{schemeremark,jdbcType=VARCHAR},
      </if>
      <if test="schemestatus != null">
        schemeStatus = #{schemestatus,jdbcType=INTEGER},
      </if>
      <if test="approvedate != null">
        approveDate = #{approvedate,jdbcType=TIMESTAMP},
      </if>
      <if test="schemecomment != null">
        schemeComment = #{schemecomment,jdbcType=VARCHAR},
      </if>
    </set>
    where schemeId = #{schemeid,jdbcType=VARCHAR}
  </update>
  <update id="updateByPrimaryKey" parameterType="com.cpms.pojo.CpmsScheme">
    update cpms_scheme
    set projectId = #{projectid,jdbcType=VARCHAR},
      schemeEditorId = #{schemeeditorid,jdbcType=VARCHAR},
      schemeApproversId = #{schemeapproversid,jdbcType=VARCHAR},
      schemeName = #{schemename,jdbcType=VARCHAR},
      schemeDate = #{schemedate,jdbcType=DATE},
      schemeAttachment = #{schemeattachment,jdbcType=VARCHAR},
      attachmentType = #{attachmenttype,jdbcType=VARCHAR},
      schemeContent = #{schemecontent,jdbcType=VARCHAR},
      schemeRemark = #{schemeremark,jdbcType=VARCHAR},
      schemeStatus = #{schemestatus,jdbcType=INTEGER},
      approveDate = #{approvedate,jdbcType=TIMESTAMP},
      schemeComment = #{schemecomment,jdbcType=VARCHAR}
    where schemeId = #{schemeid,jdbcType=VARCHAR}
  </update> -->
</mapper>