<?xml version="1.0" encoding="UTF-8"?>
<!DOCTYPE mapper PUBLIC "-//mybatis.org//DTD Mapper 3.0//EN" "http://mybatis.org/dtd/mybatis-3-mapper.dtd">
<mapper namespace="com.cpms.mapper.CpmsChangeMapper">
  <resultMap id="BaseResultMap" type="com.cpms.pojo.CpmsChange">
    <id column="changeId" jdbcType="VARCHAR" property="changeid" />
    <result column="projectId" jdbcType="VARCHAR" property="projectid" />
    <result column="changeEditorId" jdbcType="VARCHAR" property="changeeditorid" />
    <result column="changeApproversId" jdbcType="VARCHAR" property="changeapproversid" />
    <result column="changeName" jdbcType="VARCHAR" property="changename" />
    <result column="changeDate" jdbcType="DATE" property="changedate" />
    <result column="changeAmount" jdbcType="DOUBLE" property="changeamount" />
    <result column="changeUnit" jdbcType="VARCHAR" property="changeunit" />
    <result column="changeOldDesign" jdbcType="VARCHAR" property="changeolddesign" />
    <result column="changeOldType" jdbcType="VARCHAR" property="changeoldtype" />
    <result column="changeNewDesign" jdbcType="VARCHAR" property="changenewdesign" />
    <result column="changeNewType" jdbcType="VARCHAR" property="changenewtype" />
    <result column="changeReason" jdbcType="VARCHAR" property="changereason" />
    <result column="changeContent" jdbcType="VARCHAR" property="changecontent" />
    <result column="changeRemark" jdbcType="VARCHAR" property="changeremark" />
    <result column="changeStatus" jdbcType="BIT" property="changestatus" />
    <result column="approveDate" jdbcType="TIMESTAMP" property="approvedate" />
    <result column="changeComment" jdbcType="VARCHAR" property="changecomment" />
  </resultMap>
  <sql id="Example_Where_Clause">
    <where>
      <foreach collection="oredCriteria" item="criteria" separator="or">
        <if test="criteria.valid">
          <trim prefix="(" prefixOverrides="and" suffix=")">
            <foreach collection="criteria.criteria" item="criterion">
              <choose>
                <when test="criterion.noValue">
                  and ${criterion.condition}
                </when>
                <when test="criterion.singleValue">
                  and ${criterion.condition} #{criterion.value}
                </when>
                <when test="criterion.betweenValue">
                  and ${criterion.condition} #{criterion.value} and #{criterion.secondValue}
                </when>
                <when test="criterion.listValue">
                  and ${criterion.condition}
                  <foreach close=")" collection="criterion.value" item="listItem" open="(" separator=",">
                    #{listItem}
                  </foreach>
                </when>
              </choose>
            </foreach>
          </trim>
        </if>
      </foreach>
    </where>
  </sql>
  <sql id="Update_By_Example_Where_Clause">
    <where>
      <foreach collection="example.oredCriteria" item="criteria" separator="or">
        <if test="criteria.valid">
          <trim prefix="(" prefixOverrides="and" suffix=")">
            <foreach collection="criteria.criteria" item="criterion">
              <choose>
                <when test="criterion.noValue">
                  and ${criterion.condition}
                </when>
                <when test="criterion.singleValue">
                  and ${criterion.condition} #{criterion.value}
                </when>
                <when test="criterion.betweenValue">
                  and ${criterion.condition} #{criterion.value} and #{criterion.secondValue}
                </when>
                <when test="criterion.listValue">
                  and ${criterion.condition}
                  <foreach close=")" collection="criterion.value" item="listItem" open="(" separator=",">
                    #{listItem}
                  </foreach>
                </when>
              </choose>
            </foreach>
          </trim>
        </if>
      </foreach>
    </where>
  </sql>
  <sql id="Base_Column_List">
    changeId, projectId, changeEditorId, changeApproversId, changeName, changeDate, changeAmount, 
    changeUnit, changeOldDesign, changeOldType, changeNewDesign, changeNewType, changeReason, 
    changeContent, changeRemark, changeStatus, approveDate, changeComment
  </sql>
  <select id="selectByExample" parameterType="com.cpms.pojo.CpmsChangeExample" resultMap="BaseResultMap">
    select
    <if test="distinct">
      distinct
    </if>
    <include refid="Base_Column_List" />
    from cpms_change
    <if test="_parameter != null">
      <include refid="Example_Where_Clause" />
    </if>
    <if test="orderByClause != null">
      order by ${orderByClause}
    </if>
  </select>
  <select id="selectByPrimaryKey" parameterType="java.lang.String" resultMap="BaseResultMap">
    select 
    <include refid="Base_Column_List" />
    from cpms_change
    where changeId = #{changeid,jdbcType=VARCHAR}
  </select>
  <delete id="deleteByPrimaryKey" parameterType="java.lang.String">
    delete from cpms_change
    where changeId = #{changeid,jdbcType=VARCHAR}
  </delete>
  <delete id="deleteByExample" parameterType="com.cpms.pojo.CpmsChangeExample">
    delete from cpms_change
    <if test="_parameter != null">
      <include refid="Example_Where_Clause" />
    </if>
  </delete>
  <insert id="insert" parameterType="com.cpms.pojo.CpmsChange">
    insert into cpms_change (changeId, projectId, changeEditorId, 
      changeApproversId, changeName, changeDate, 
      changeAmount, changeUnit, changeOldDesign, 
      changeOldType, changeNewDesign, changeNewType, 
      changeReason, changeContent, changeRemark, 
      changeStatus, approveDate, changeComment
      )
    values (#{changeid,jdbcType=VARCHAR}, #{projectid,jdbcType=VARCHAR}, #{changeeditorid,jdbcType=VARCHAR}, 
      #{changeapproversid,jdbcType=VARCHAR}, #{changename,jdbcType=VARCHAR}, #{changedate,jdbcType=DATE}, 
      #{changeamount,jdbcType=DOUBLE}, #{changeunit,jdbcType=VARCHAR}, #{changeolddesign,jdbcType=VARCHAR}, 
      #{changeoldtype,jdbcType=VARCHAR}, #{changenewdesign,jdbcType=VARCHAR}, #{changenewtype,jdbcType=VARCHAR}, 
      #{changereason,jdbcType=VARCHAR}, #{changecontent,jdbcType=VARCHAR}, #{changeremark,jdbcType=VARCHAR}, 
      #{changestatus,jdbcType=BIT}, #{approvedate,jdbcType=TIMESTAMP}, #{changecomment,jdbcType=VARCHAR}
      )
  </insert>
  <insert id="insertSelective" parameterType="com.cpms.pojo.CpmsChange">
    insert into cpms_change
    <trim prefix="(" suffix=")" suffixOverrides=",">
      <if test="changeid != null">
        changeId,
      </if>
      <if test="projectid != null">
        projectId,
      </if>
      <if test="changeeditorid != null">
        changeEditorId,
      </if>
      <if test="changeapproversid != null">
        changeApproversId,
      </if>
      <if test="changename != null">
        changeName,
      </if>
      <if test="changedate != null">
        changeDate,
      </if>
      <if test="changeamount != null">
        changeAmount,
      </if>
      <if test="changeunit != null">
        changeUnit,
      </if>
      <if test="changeolddesign != null">
        changeOldDesign,
      </if>
      <if test="changeoldtype != null">
        changeOldType,
      </if>
      <if test="changenewdesign != null">
        changeNewDesign,
      </if>
      <if test="changenewtype != null">
        changeNewType,
      </if>
      <if test="changereason != null">
        changeReason,
      </if>
      <if test="changecontent != null">
        changeContent,
      </if>
      <if test="changeremark != null">
        changeRemark,
      </if>
      <if test="changestatus != null">
        changeStatus,
      </if>
      <if test="approvedate != null">
        approveDate,
      </if>
      <if test="changecomment != null">
        changeComment,
      </if>
    </trim>
    <trim prefix="values (" suffix=")" suffixOverrides=",">
      <if test="changeid != null">
        #{changeid,jdbcType=VARCHAR},
      </if>
      <if test="projectid != null">
        #{projectid,jdbcType=VARCHAR},
      </if>
      <if test="changeeditorid != null">
        #{changeeditorid,jdbcType=VARCHAR},
      </if>
      <if test="changeapproversid != null">
        #{changeapproversid,jdbcType=VARCHAR},
      </if>
      <if test="changename != null">
        #{changename,jdbcType=VARCHAR},
      </if>
      <if test="changedate != null">
        #{changedate,jdbcType=DATE},
      </if>
      <if test="changeamount != null">
        #{changeamount,jdbcType=DOUBLE},
      </if>
      <if test="changeunit != null">
        #{changeunit,jdbcType=VARCHAR},
      </if>
      <if test="changeolddesign != null">
        #{changeolddesign,jdbcType=VARCHAR},
      </if>
      <if test="changeoldtype != null">
        #{changeoldtype,jdbcType=VARCHAR},
      </if>
      <if test="changenewdesign != null">
        #{changenewdesign,jdbcType=VARCHAR},
      </if>
      <if test="changenewtype != null">
        #{changenewtype,jdbcType=VARCHAR},
      </if>
      <if test="changereason != null">
        #{changereason,jdbcType=VARCHAR},
      </if>
      <if test="changecontent != null">
        #{changecontent,jdbcType=VARCHAR},
      </if>
      <if test="changeremark != null">
        #{changeremark,jdbcType=VARCHAR},
      </if>
      <if test="changestatus != null">
        #{changestatus,jdbcType=BIT},
      </if>
      <if test="approvedate != null">
        #{approvedate,jdbcType=TIMESTAMP},
      </if>
      <if test="changecomment != null">
        #{changecomment,jdbcType=VARCHAR},
      </if>
    </trim>
  </insert>
  <select id="countByExample" parameterType="com.cpms.pojo.CpmsChangeExample" resultType="java.lang.Integer">
    select count(*) from cpms_change
    <if test="_parameter != null">
      <include refid="Example_Where_Clause" />
    </if>
  </select>
  <update id="updateByExampleSelective" parameterType="map">
    update cpms_change
    <set>
      <if test="record.changeid != null">
        changeId = #{record.changeid,jdbcType=VARCHAR},
      </if>
      <if test="record.projectid != null">
        projectId = #{record.projectid,jdbcType=VARCHAR},
      </if>
      <if test="record.changeeditorid != null">
        changeEditorId = #{record.changeeditorid,jdbcType=VARCHAR},
      </if>
      <if test="record.changeapproversid != null">
        changeApproversId = #{record.changeapproversid,jdbcType=VARCHAR},
      </if>
      <if test="record.changename != null">
        changeName = #{record.changename,jdbcType=VARCHAR},
      </if>
      <if test="record.changedate != null">
        changeDate = #{record.changedate,jdbcType=DATE},
      </if>
      <if test="record.changeamount != null">
        changeAmount = #{record.changeamount,jdbcType=DOUBLE},
      </if>
      <if test="record.changeunit != null">
        changeUnit = #{record.changeunit,jdbcType=VARCHAR},
      </if>
      <if test="record.changeolddesign != null">
        changeOldDesign = #{record.changeolddesign,jdbcType=VARCHAR},
      </if>
      <if test="record.changeoldtype != null">
        changeOldType = #{record.changeoldtype,jdbcType=VARCHAR},
      </if>
      <if test="record.changenewdesign != null">
        changeNewDesign = #{record.changenewdesign,jdbcType=VARCHAR},
      </if>
      <if test="record.changenewtype != null">
        changeNewType = #{record.changenewtype,jdbcType=VARCHAR},
      </if>
      <if test="record.changereason != null">
        changeReason = #{record.changereason,jdbcType=VARCHAR},
      </if>
      <if test="record.changecontent != null">
        changeContent = #{record.changecontent,jdbcType=VARCHAR},
      </if>
      <if test="record.changeremark != null">
        changeRemark = #{record.changeremark,jdbcType=VARCHAR},
      </if>
      <if test="record.changestatus != null">
        changeStatus = #{record.changestatus,jdbcType=BIT},
      </if>
      <if test="record.approvedate != null">
        approveDate = #{record.approvedate,jdbcType=TIMESTAMP},
      </if>
      <if test="record.changecomment != null">
        changeComment = #{record.changecomment,jdbcType=VARCHAR},
      </if>
    </set>
    <if test="_parameter != null">
      <include refid="Update_By_Example_Where_Clause" />
    </if>
  </update>
  <update id="updateByExample" parameterType="map">
    update cpms_change
    set changeId = #{record.changeid,jdbcType=VARCHAR},
      projectId = #{record.projectid,jdbcType=VARCHAR},
      changeEditorId = #{record.changeeditorid,jdbcType=VARCHAR},
      changeApproversId = #{record.changeapproversid,jdbcType=VARCHAR},
      changeName = #{record.changename,jdbcType=VARCHAR},
      changeDate = #{record.changedate,jdbcType=DATE},
      changeAmount = #{record.changeamount,jdbcType=DOUBLE},
      changeUnit = #{record.changeunit,jdbcType=VARCHAR},
      changeOldDesign = #{record.changeolddesign,jdbcType=VARCHAR},
      changeOldType = #{record.changeoldtype,jdbcType=VARCHAR},
      changeNewDesign = #{record.changenewdesign,jdbcType=VARCHAR},
      changeNewType = #{record.changenewtype,jdbcType=VARCHAR},
      changeReason = #{record.changereason,jdbcType=VARCHAR},
      changeContent = #{record.changecontent,jdbcType=VARCHAR},
      changeRemark = #{record.changeremark,jdbcType=VARCHAR},
      changeStatus = #{record.changestatus,jdbcType=BIT},
      approveDate = #{record.approvedate,jdbcType=TIMESTAMP},
      changeComment = #{record.changecomment,jdbcType=VARCHAR}
    <if test="_parameter != null">
      <include refid="Update_By_Example_Where_Clause" />
    </if>
  </update>
  <update id="updateByPrimaryKeySelective" parameterType="com.cpms.pojo.CpmsChange">
    update cpms_change
    <set>
      <if test="projectid != null">
        projectId = #{projectid,jdbcType=VARCHAR},
      </if>
      <if test="changeeditorid != null">
        changeEditorId = #{changeeditorid,jdbcType=VARCHAR},
      </if>
      <if test="changeapproversid != null">
        changeApproversId = #{changeapproversid,jdbcType=VARCHAR},
      </if>
      <if test="changename != null">
        changeName = #{changename,jdbcType=VARCHAR},
      </if>
      <if test="changedate != null">
        changeDate = #{changedate,jdbcType=DATE},
      </if>
      <if test="changeamount != null">
        changeAmount = #{changeamount,jdbcType=DOUBLE},
      </if>
      <if test="changeunit != null">
        changeUnit = #{changeunit,jdbcType=VARCHAR},
      </if>
      <if test="changeolddesign != null">
        changeOldDesign = #{changeolddesign,jdbcType=VARCHAR},
      </if>
      <if test="changeoldtype != null">
        changeOldType = #{changeoldtype,jdbcType=VARCHAR},
      </if>
      <if test="changenewdesign != null">
        changeNewDesign = #{changenewdesign,jdbcType=VARCHAR},
      </if>
      <if test="changenewtype != null">
        changeNewType = #{changenewtype,jdbcType=VARCHAR},
      </if>
      <if test="changereason != null">
        changeReason = #{changereason,jdbcType=VARCHAR},
      </if>
      <if test="changecontent != null">
        changeContent = #{changecontent,jdbcType=VARCHAR},
      </if>
      <if test="changeremark != null">
        changeRemark = #{changeremark,jdbcType=VARCHAR},
      </if>
      <if test="changestatus != null">
        changeStatus = #{changestatus,jdbcType=BIT},
      </if>
      <if test="approvedate != null">
        approveDate = #{approvedate,jdbcType=TIMESTAMP},
      </if>
      <if test="changecomment != null">
        changeComment = #{changecomment,jdbcType=VARCHAR},
      </if>
    </set>
    where changeId = #{changeid,jdbcType=VARCHAR}
  </update>
  <update id="updateByPrimaryKey" parameterType="com.cpms.pojo.CpmsChange">
    update cpms_change
    set projectId = #{projectid,jdbcType=VARCHAR},
      changeEditorId = #{changeeditorid,jdbcType=VARCHAR},
      changeApproversId = #{changeapproversid,jdbcType=VARCHAR},
      changeName = #{changename,jdbcType=VARCHAR},
      changeDate = #{changedate,jdbcType=DATE},
      changeAmount = #{changeamount,jdbcType=DOUBLE},
      changeUnit = #{changeunit,jdbcType=VARCHAR},
      changeOldDesign = #{changeolddesign,jdbcType=VARCHAR},
      changeOldType = #{changeoldtype,jdbcType=VARCHAR},
      changeNewDesign = #{changenewdesign,jdbcType=VARCHAR},
      changeNewType = #{changenewtype,jdbcType=VARCHAR},
      changeReason = #{changereason,jdbcType=VARCHAR},
      changeContent = #{changecontent,jdbcType=VARCHAR},
      changeRemark = #{changeremark,jdbcType=VARCHAR},
      changeStatus = #{changestatus,jdbcType=BIT},
      approveDate = #{approvedate,jdbcType=TIMESTAMP},
      changeComment = #{changecomment,jdbcType=VARCHAR}
    where changeId = #{changeid,jdbcType=VARCHAR}
  </update>
 <!--  <resultMap id="BaseResultMap1" type="com.cpms.pojo.CpmsChange">
    <id column="changeId" jdbcType="VARCHAR" property="changeid" />
    <result column="projectId" jdbcType="VARCHAR" property="projectid" />
    <result column="changeEditorId" jdbcType="VARCHAR" property="changeeditorid" />
    <result column="changeApproversId" jdbcType="VARCHAR" property="changeapproversid" />
    <result column="changeName" jdbcType="VARCHAR" property="changename" />
    <result column="changeDate" jdbcType="DATE" property="changedate" />
    <result column="changeAmount" jdbcType="DOUBLE" property="changeamount" />
    <result column="changeUnit" jdbcType="VARCHAR" property="changeunit" />
    <result column="changeOldDesign" jdbcType="VARCHAR" property="changeolddesign" />
    <result column="changeOldType" jdbcType="VARCHAR" property="changeoldtype" />
    <result column="changeNewDesign" jdbcType="VARCHAR" property="changenewdesign" />
    <result column="changeNewType" jdbcType="VARCHAR" property="changenewtype" />
    <result column="changeReason" jdbcType="VARCHAR" property="changereason" />
    <result column="changeContent" jdbcType="VARCHAR" property="changecontent" />
    <result column="changeRemark" jdbcType="VARCHAR" property="changeremark" />
    <result column="changeStatus" jdbcType="BIT" property="changestatus" />
    <result column="approveDate" jdbcType="TIMESTAMP" property="approvedate" />
    <result column="changeComment" jdbcType="VARCHAR" property="changecomment" />
  </resultMap>
  <sql id="Example_Where_Clause">
    <where>
      <foreach collection="oredCriteria" item="criteria" separator="or">
        <if test="criteria.valid">
          <trim prefix="(" prefixOverrides="and" suffix=")">
            <foreach collection="criteria.criteria" item="criterion">
              <choose>
                <when test="criterion.noValue">
                  and ${criterion.condition}
                </when>
                <when test="criterion.singleValue">
                  and ${criterion.condition} #{criterion.value}
                </when>
                <when test="criterion.betweenValue">
                  and ${criterion.condition} #{criterion.value} and #{criterion.secondValue}
                </when>
                <when test="criterion.listValue">
                  and ${criterion.condition}
                  <foreach close=")" collection="criterion.value" item="listItem" open="(" separator=",">
                    #{listItem}
                  </foreach>
                </when>
              </choose>
            </foreach>
          </trim>
        </if>
      </foreach>
    </where>
  </sql>
  <sql id="Update_By_Example_Where_Clause">
    <where>
      <foreach collection="example.oredCriteria" item="criteria" separator="or">
        <if test="criteria.valid">
          <trim prefix="(" prefixOverrides="and" suffix=")">
            <foreach collection="criteria.criteria" item="criterion">
              <choose>
                <when test="criterion.noValue">
                  and ${criterion.condition}
                </when>
                <when test="criterion.singleValue">
                  and ${criterion.condition} #{criterion.value}
                </when>
                <when test="criterion.betweenValue">
                  and ${criterion.condition} #{criterion.value} and #{criterion.secondValue}
                </when>
                <when test="criterion.listValue">
                  and ${criterion.condition}
                  <foreach close=")" collection="criterion.value" item="listItem" open="(" separator=",">
                    #{listItem}
                  </foreach>
                </when>
              </choose>
            </foreach>
          </trim>
        </if>
      </foreach>
    </where>
  </sql>
  <sql id="Base_Column_List">
    changeId, projectId, changeEditorId, changeApproversId, changeName, changeDate, changeAmount, 
    changeUnit, changeOldDesign, changeOldType, changeNewDesign, changeNewType, changeReason, 
    changeContent, changeRemark, changeStatus, approveDate, changeComment
  </sql>
  <select id="selectByExample" parameterType="com.cpms.pojo.CpmsChangeExample" resultMap="BaseResultMap">
    select
    <if test="distinct">
      distinct
    </if>
    <include refid="Base_Column_List" />
    from cpms_change
    <if test="_parameter != null">
      <include refid="Example_Where_Clause" />
    </if>
    <if test="orderByClause != null">
      order by ${orderByClause}
    </if>
  </select>
  <select id="selectByPrimaryKey" parameterType="java.lang.String" resultMap="BaseResultMap">
    select 
    <include refid="Base_Column_List" />
    from cpms_change
    where changeId = #{changeid,jdbcType=VARCHAR}
  </select>
  <delete id="deleteByPrimaryKey" parameterType="java.lang.String">
    delete from cpms_change
    where changeId = #{changeid,jdbcType=VARCHAR}
  </delete>
  <delete id="deleteByExample" parameterType="com.cpms.pojo.CpmsChangeExample">
    delete from cpms_change
    <if test="_parameter != null">
      <include refid="Example_Where_Clause" />
    </if>
  </delete>
  <insert id="insert" parameterType="com.cpms.pojo.CpmsChange">
    insert into cpms_change (changeId, projectId, changeEditorId, 
      changeApproversId, changeName, changeDate, 
      changeAmount, changeUnit, changeOldDesign, 
      changeOldType, changeNewDesign, changeNewType, 
      changeReason, changeContent, changeRemark, 
      changeStatus, approveDate, changeComment
      )
    values (#{changeid,jdbcType=VARCHAR}, #{projectid,jdbcType=VARCHAR}, #{changeeditorid,jdbcType=VARCHAR}, 
      #{changeapproversid,jdbcType=VARCHAR}, #{changename,jdbcType=VARCHAR}, #{changedate,jdbcType=DATE}, 
      #{changeamount,jdbcType=DOUBLE}, #{changeunit,jdbcType=VARCHAR}, #{changeolddesign,jdbcType=VARCHAR}, 
      #{changeoldtype,jdbcType=VARCHAR}, #{changenewdesign,jdbcType=VARCHAR}, #{changenewtype,jdbcType=VARCHAR}, 
      #{changereason,jdbcType=VARCHAR}, #{changecontent,jdbcType=VARCHAR}, #{changeremark,jdbcType=VARCHAR}, 
      #{changestatus,jdbcType=BIT}, #{approvedate,jdbcType=TIMESTAMP}, #{changecomment,jdbcType=VARCHAR}
      )
  </insert>
  <insert id="insertSelective" parameterType="com.cpms.pojo.CpmsChange">
    insert into cpms_change
    <trim prefix="(" suffix=")" suffixOverrides=",">
      <if test="changeid != null">
        changeId,
      </if>
      <if test="projectid != null">
        projectId,
      </if>
      <if test="changeeditorid != null">
        changeEditorId,
      </if>
      <if test="changeapproversid != null">
        changeApproversId,
      </if>
      <if test="changename != null">
        changeName,
      </if>
      <if test="changedate != null">
        changeDate,
      </if>
      <if test="changeamount != null">
        changeAmount,
      </if>
      <if test="changeunit != null">
        changeUnit,
      </if>
      <if test="changeolddesign != null">
        changeOldDesign,
      </if>
      <if test="changeoldtype != null">
        changeOldType,
      </if>
      <if test="changenewdesign != null">
        changeNewDesign,
      </if>
      <if test="changenewtype != null">
        changeNewType,
      </if>
      <if test="changereason != null">
        changeReason,
      </if>
      <if test="changecontent != null">
        changeContent,
      </if>
      <if test="changeremark != null">
        changeRemark,
      </if>
      <if test="changestatus != null">
        changeStatus,
      </if>
      <if test="approvedate != null">
        approveDate,
      </if>
      <if test="changecomment != null">
        changeComment,
      </if>
    </trim>
    <trim prefix="values (" suffix=")" suffixOverrides=",">
      <if test="changeid != null">
        #{changeid,jdbcType=VARCHAR},
      </if>
      <if test="projectid != null">
        #{projectid,jdbcType=VARCHAR},
      </if>
      <if test="changeeditorid != null">
        #{changeeditorid,jdbcType=VARCHAR},
      </if>
      <if test="changeapproversid != null">
        #{changeapproversid,jdbcType=VARCHAR},
      </if>
      <if test="changename != null">
        #{changename,jdbcType=VARCHAR},
      </if>
      <if test="changedate != null">
        #{changedate,jdbcType=DATE},
      </if>
      <if test="changeamount != null">
        #{changeamount,jdbcType=DOUBLE},
      </if>
      <if test="changeunit != null">
        #{changeunit,jdbcType=VARCHAR},
      </if>
      <if test="changeolddesign != null">
        #{changeolddesign,jdbcType=VARCHAR},
      </if>
      <if test="changeoldtype != null">
        #{changeoldtype,jdbcType=VARCHAR},
      </if>
      <if test="changenewdesign != null">
        #{changenewdesign,jdbcType=VARCHAR},
      </if>
      <if test="changenewtype != null">
        #{changenewtype,jdbcType=VARCHAR},
      </if>
      <if test="changereason != null">
        #{changereason,jdbcType=VARCHAR},
      </if>
      <if test="changecontent != null">
        #{changecontent,jdbcType=VARCHAR},
      </if>
      <if test="changeremark != null">
        #{changeremark,jdbcType=VARCHAR},
      </if>
      <if test="changestatus != null">
        #{changestatus,jdbcType=BIT},
      </if>
      <if test="approvedate != null">
        #{approvedate,jdbcType=TIMESTAMP},
      </if>
      <if test="changecomment != null">
        #{changecomment,jdbcType=VARCHAR},
      </if>
    </trim>
  </insert>
  <select id="countByExample" parameterType="com.cpms.pojo.CpmsChangeExample" resultType="java.lang.Integer">
    select count(*) from cpms_change
    <if test="_parameter != null">
      <include refid="Example_Where_Clause" />
    </if>
  </select>
  <update id="updateByExampleSelective" parameterType="map">
    update cpms_change
    <set>
      <if test="record.changeid != null">
        changeId = #{record.changeid,jdbcType=VARCHAR},
      </if>
      <if test="record.projectid != null">
        projectId = #{record.projectid,jdbcType=VARCHAR},
      </if>
      <if test="record.changeeditorid != null">
        changeEditorId = #{record.changeeditorid,jdbcType=VARCHAR},
      </if>
      <if test="record.changeapproversid != null">
        changeApproversId = #{record.changeapproversid,jdbcType=VARCHAR},
      </if>
      <if test="record.changename != null">
        changeName = #{record.changename,jdbcType=VARCHAR},
      </if>
      <if test="record.changedate != null">
        changeDate = #{record.changedate,jdbcType=DATE},
      </if>
      <if test="record.changeamount != null">
        changeAmount = #{record.changeamount,jdbcType=DOUBLE},
      </if>
      <if test="record.changeunit != null">
        changeUnit = #{record.changeunit,jdbcType=VARCHAR},
      </if>
      <if test="record.changeolddesign != null">
        changeOldDesign = #{record.changeolddesign,jdbcType=VARCHAR},
      </if>
      <if test="record.changeoldtype != null">
        changeOldType = #{record.changeoldtype,jdbcType=VARCHAR},
      </if>
      <if test="record.changenewdesign != null">
        changeNewDesign = #{record.changenewdesign,jdbcType=VARCHAR},
      </if>
      <if test="record.changenewtype != null">
        changeNewType = #{record.changenewtype,jdbcType=VARCHAR},
      </if>
      <if test="record.changereason != null">
        changeReason = #{record.changereason,jdbcType=VARCHAR},
      </if>
      <if test="record.changecontent != null">
        changeContent = #{record.changecontent,jdbcType=VARCHAR},
      </if>
      <if test="record.changeremark != null">
        changeRemark = #{record.changeremark,jdbcType=VARCHAR},
      </if>
      <if test="record.changestatus != null">
        changeStatus = #{record.changestatus,jdbcType=BIT},
      </if>
      <if test="record.approvedate != null">
        approveDate = #{record.approvedate,jdbcType=TIMESTAMP},
      </if>
      <if test="record.changecomment != null">
        changeComment = #{record.changecomment,jdbcType=VARCHAR},
      </if>
    </set>
    <if test="_parameter != null">
      <include refid="Update_By_Example_Where_Clause" />
    </if>
  </update>
  <update id="updateByExample" parameterType="map">
    update cpms_change
    set changeId = #{record.changeid,jdbcType=VARCHAR},
      projectId = #{record.projectid,jdbcType=VARCHAR},
      changeEditorId = #{record.changeeditorid,jdbcType=VARCHAR},
      changeApproversId = #{record.changeapproversid,jdbcType=VARCHAR},
      changeName = #{record.changename,jdbcType=VARCHAR},
      changeDate = #{record.changedate,jdbcType=DATE},
      changeAmount = #{record.changeamount,jdbcType=DOUBLE},
      changeUnit = #{record.changeunit,jdbcType=VARCHAR},
      changeOldDesign = #{record.changeolddesign,jdbcType=VARCHAR},
      changeOldType = #{record.changeoldtype,jdbcType=VARCHAR},
      changeNewDesign = #{record.changenewdesign,jdbcType=VARCHAR},
      changeNewType = #{record.changenewtype,jdbcType=VARCHAR},
      changeReason = #{record.changereason,jdbcType=VARCHAR},
      changeContent = #{record.changecontent,jdbcType=VARCHAR},
      changeRemark = #{record.changeremark,jdbcType=VARCHAR},
      changeStatus = #{record.changestatus,jdbcType=BIT},
      approveDate = #{record.approvedate,jdbcType=TIMESTAMP},
      changeComment = #{record.changecomment,jdbcType=VARCHAR}
    <if test="_parameter != null">
      <include refid="Update_By_Example_Where_Clause" />
    </if>
  </update>
  <update id="updateByPrimaryKeySelective" parameterType="com.cpms.pojo.CpmsChange">
    update cpms_change
    <set>
      <if test="projectid != null">
        projectId = #{projectid,jdbcType=VARCHAR},
      </if>
      <if test="changeeditorid != null">
        changeEditorId = #{changeeditorid,jdbcType=VARCHAR},
      </if>
      <if test="changeapproversid != null">
        changeApproversId = #{changeapproversid,jdbcType=VARCHAR},
      </if>
      <if test="changename != null">
        changeName = #{changename,jdbcType=VARCHAR},
      </if>
      <if test="changedate != null">
        changeDate = #{changedate,jdbcType=DATE},
      </if>
      <if test="changeamount != null">
        changeAmount = #{changeamount,jdbcType=DOUBLE},
      </if>
      <if test="changeunit != null">
        changeUnit = #{changeunit,jdbcType=VARCHAR},
      </if>
      <if test="changeolddesign != null">
        changeOldDesign = #{changeolddesign,jdbcType=VARCHAR},
      </if>
      <if test="changeoldtype != null">
        changeOldType = #{changeoldtype,jdbcType=VARCHAR},
      </if>
      <if test="changenewdesign != null">
        changeNewDesign = #{changenewdesign,jdbcType=VARCHAR},
      </if>
      <if test="changenewtype != null">
        changeNewType = #{changenewtype,jdbcType=VARCHAR},
      </if>
      <if test="changereason != null">
        changeReason = #{changereason,jdbcType=VARCHAR},
      </if>
      <if test="changecontent != null">
        changeContent = #{changecontent,jdbcType=VARCHAR},
      </if>
      <if test="changeremark != null">
        changeRemark = #{changeremark,jdbcType=VARCHAR},
      </if>
      <if test="changestatus != null">
        changeStatus = #{changestatus,jdbcType=BIT},
      </if>
      <if test="approvedate != null">
        approveDate = #{approvedate,jdbcType=TIMESTAMP},
      </if>
      <if test="changecomment != null">
        changeComment = #{changecomment,jdbcType=VARCHAR},
      </if>
    </set>
    where changeId = #{changeid,jdbcType=VARCHAR}
  </update>
  <update id="updateByPrimaryKey" parameterType="com.cpms.pojo.CpmsChange">
    update cpms_change
    set projectId = #{projectid,jdbcType=VARCHAR},
      changeEditorId = #{changeeditorid,jdbcType=VARCHAR},
      changeApproversId = #{changeapproversid,jdbcType=VARCHAR},
      changeName = #{changename,jdbcType=VARCHAR},
      changeDate = #{changedate,jdbcType=DATE},
      changeAmount = #{changeamount,jdbcType=DOUBLE},
      changeUnit = #{changeunit,jdbcType=VARCHAR},
      changeOldDesign = #{changeolddesign,jdbcType=VARCHAR},
      changeOldType = #{changeoldtype,jdbcType=VARCHAR},
      changeNewDesign = #{changenewdesign,jdbcType=VARCHAR},
      changeNewType = #{changenewtype,jdbcType=VARCHAR},
      changeReason = #{changereason,jdbcType=VARCHAR},
      changeContent = #{changecontent,jdbcType=VARCHAR},
      changeRemark = #{changeremark,jdbcType=VARCHAR},
      changeStatus = #{changestatus,jdbcType=BIT},
      approveDate = #{approvedate,jdbcType=TIMESTAMP},
      changeComment = #{changecomment,jdbcType=VARCHAR}
    where changeId = #{changeid,jdbcType=VARCHAR}
  </update> -->
</mapper>