<?xml version="1.0" encoding="UTF-8"?>
<!DOCTYPE mapper PUBLIC "-//mybatis.org//DTD Mapper 3.0//EN" "http://mybatis.org/dtd/mybatis-3-mapper.dtd">
<mapper namespace="com.cpms.mapper.CpmsSafetyMapper">
  <resultMap id="BaseResultMap" type="com.cpms.pojo.CpmsSafety">
    <id column="safetyId" jdbcType="VARCHAR" property="safetyid" />
    <result column="projectId" jdbcType="VARCHAR" property="projectid" />
    <result column="safetyEditorId" jdbcType="VARCHAR" property="safetyeditorid" />
    <result column="safetyApproversId" jdbcType="VARCHAR" property="safetyapproversid" />
    <result column="safetyAttendance" jdbcType="SMALLINT" property="safetyattendance" />
    <result column="safetyDept" jdbcType="VARCHAR" property="safetydept" />
    <result column="safetyTemperature" jdbcType="TINYINT" property="safetytemperature" />
    <result column="safetyDate" jdbcType="DATE" property="safetydate" />
    <result column="safetyPart" jdbcType="VARCHAR" property="safetypart" />
    <result column="safetyCondition" jdbcType="VARCHAR" property="safetycondition" />
    <result column="safetyEducation" jdbcType="VARCHAR" property="safetyeducation" />
    <result column="safetyAppeal" jdbcType="VARCHAR" property="safetyappeal" />
    <result column="safetyAccept" jdbcType="VARCHAR" property="safetyaccept" />
    <result column="safetyCheck" jdbcType="VARCHAR" property="safetycheck" />
    <result column="safetyNote" jdbcType="VARCHAR" property="safetynote" />
    <result column="safetyOther" jdbcType="VARCHAR" property="safetyother" />
    <result column="safetyStatus" jdbcType="BIT" property="safetystatus" />
    <result column="approveDate" jdbcType="TIMESTAMP" property="approvedate" />
    <result column="safetyComment" jdbcType="VARCHAR" property="safetycomment" />
  </resultMap>
  <sql id="Example_Where_Clause">
    <where>
      <foreach collection="oredCriteria" item="criteria" separator="or">
        <if test="criteria.valid">
          <trim prefix="(" prefixOverrides="and" suffix=")">
            <foreach collection="criteria.criteria" item="criterion">
              <choose>
                <when test="criterion.noValue">
                  and ${criterion.condition}
                </when>
                <when test="criterion.singleValue">
                  and ${criterion.condition} #{criterion.value}
                </when>
                <when test="criterion.betweenValue">
                  and ${criterion.condition} #{criterion.value} and #{criterion.secondValue}
                </when>
                <when test="criterion.listValue">
                  and ${criterion.condition}
                  <foreach close=")" collection="criterion.value" item="listItem" open="(" separator=",">
                    #{listItem}
                  </foreach>
                </when>
              </choose>
            </foreach>
          </trim>
        </if>
      </foreach>
    </where>
  </sql>
  <sql id="Update_By_Example_Where_Clause">
    <where>
      <foreach collection="example.oredCriteria" item="criteria" separator="or">
        <if test="criteria.valid">
          <trim prefix="(" prefixOverrides="and" suffix=")">
            <foreach collection="criteria.criteria" item="criterion">
              <choose>
                <when test="criterion.noValue">
                  and ${criterion.condition}
                </when>
                <when test="criterion.singleValue">
                  and ${criterion.condition} #{criterion.value}
                </when>
                <when test="criterion.betweenValue">
                  and ${criterion.condition} #{criterion.value} and #{criterion.secondValue}
                </when>
                <when test="criterion.listValue">
                  and ${criterion.condition}
                  <foreach close=")" collection="criterion.value" item="listItem" open="(" separator=",">
                    #{listItem}
                  </foreach>
                </when>
              </choose>
            </foreach>
          </trim>
        </if>
      </foreach>
    </where>
  </sql>
  <sql id="Base_Column_List">
    safetyId, projectId, safetyEditorId, safetyApproversId, safetyAttendance, safetyDept, 
    safetyTemperature, safetyDate, safetyPart, safetyCondition, safetyEducation, safetyAppeal, 
    safetyAccept, safetyCheck, safetyNote, safetyOther, safetyStatus, approveDate, safetyComment
  </sql>
  <select id="selectByExample" parameterType="com.cpms.pojo.CpmsSafetyExample" resultMap="BaseResultMap">
    select
    <if test="distinct">
      distinct
    </if>
    <include refid="Base_Column_List" />
    from cpms_safety
    <if test="_parameter != null">
      <include refid="Example_Where_Clause" />
    </if>
    <if test="orderByClause != null">
      order by ${orderByClause}
    </if>
  </select>
  <select id="selectByPrimaryKey" parameterType="java.lang.String" resultMap="BaseResultMap">
    select 
    <include refid="Base_Column_List" />
    from cpms_safety
    where safetyId = #{safetyid,jdbcType=VARCHAR}
  </select>
  <delete id="deleteByPrimaryKey" parameterType="java.lang.String">
    delete from cpms_safety
    where safetyId = #{safetyid,jdbcType=VARCHAR}
  </delete>
  <delete id="deleteByExample" parameterType="com.cpms.pojo.CpmsSafetyExample">
    delete from cpms_safety
    <if test="_parameter != null">
      <include refid="Example_Where_Clause" />
    </if>
  </delete>
  <insert id="insert" parameterType="com.cpms.pojo.CpmsSafety">
    insert into cpms_safety (safetyId, projectId, safetyEditorId, 
      safetyApproversId, safetyAttendance, safetyDept, 
      safetyTemperature, safetyDate, safetyPart, 
      safetyCondition, safetyEducation, safetyAppeal, 
      safetyAccept, safetyCheck, safetyNote, 
      safetyOther, safetyStatus, approveDate, 
      safetyComment)
    values (#{safetyid,jdbcType=VARCHAR}, #{projectid,jdbcType=VARCHAR}, #{safetyeditorid,jdbcType=VARCHAR}, 
      #{safetyapproversid,jdbcType=VARCHAR}, #{safetyattendance,jdbcType=SMALLINT}, #{safetydept,jdbcType=VARCHAR}, 
      #{safetytemperature,jdbcType=TINYINT}, #{safetydate,jdbcType=DATE}, #{safetypart,jdbcType=VARCHAR}, 
      #{safetycondition,jdbcType=VARCHAR}, #{safetyeducation,jdbcType=VARCHAR}, #{safetyappeal,jdbcType=VARCHAR}, 
      #{safetyaccept,jdbcType=VARCHAR}, #{safetycheck,jdbcType=VARCHAR}, #{safetynote,jdbcType=VARCHAR}, 
      #{safetyother,jdbcType=VARCHAR}, #{safetystatus,jdbcType=BIT}, #{approvedate,jdbcType=TIMESTAMP}, 
      #{safetycomment,jdbcType=VARCHAR})
  </insert>
  <insert id="insertSelective" parameterType="com.cpms.pojo.CpmsSafety">
    insert into cpms_safety
    <trim prefix="(" suffix=")" suffixOverrides=",">
      <if test="safetyid != null">
        safetyId,
      </if>
      <if test="projectid != null">
        projectId,
      </if>
      <if test="safetyeditorid != null">
        safetyEditorId,
      </if>
      <if test="safetyapproversid != null">
        safetyApproversId,
      </if>
      <if test="safetyattendance != null">
        safetyAttendance,
      </if>
      <if test="safetydept != null">
        safetyDept,
      </if>
      <if test="safetytemperature != null">
        safetyTemperature,
      </if>
      <if test="safetydate != null">
        safetyDate,
      </if>
      <if test="safetypart != null">
        safetyPart,
      </if>
      <if test="safetycondition != null">
        safetyCondition,
      </if>
      <if test="safetyeducation != null">
        safetyEducation,
      </if>
      <if test="safetyappeal != null">
        safetyAppeal,
      </if>
      <if test="safetyaccept != null">
        safetyAccept,
      </if>
      <if test="safetycheck != null">
        safetyCheck,
      </if>
      <if test="safetynote != null">
        safetyNote,
      </if>
      <if test="safetyother != null">
        safetyOther,
      </if>
      <if test="safetystatus != null">
        safetyStatus,
      </if>
      <if test="approvedate != null">
        approveDate,
      </if>
      <if test="safetycomment != null">
        safetyComment,
      </if>
    </trim>
    <trim prefix="values (" suffix=")" suffixOverrides=",">
      <if test="safetyid != null">
        #{safetyid,jdbcType=VARCHAR},
      </if>
      <if test="projectid != null">
        #{projectid,jdbcType=VARCHAR},
      </if>
      <if test="safetyeditorid != null">
        #{safetyeditorid,jdbcType=VARCHAR},
      </if>
      <if test="safetyapproversid != null">
        #{safetyapproversid,jdbcType=VARCHAR},
      </if>
      <if test="safetyattendance != null">
        #{safetyattendance,jdbcType=SMALLINT},
      </if>
      <if test="safetydept != null">
        #{safetydept,jdbcType=VARCHAR},
      </if>
      <if test="safetytemperature != null">
        #{safetytemperature,jdbcType=TINYINT},
      </if>
      <if test="safetydate != null">
        #{safetydate,jdbcType=DATE},
      </if>
      <if test="safetypart != null">
        #{safetypart,jdbcType=VARCHAR},
      </if>
      <if test="safetycondition != null">
        #{safetycondition,jdbcType=VARCHAR},
      </if>
      <if test="safetyeducation != null">
        #{safetyeducation,jdbcType=VARCHAR},
      </if>
      <if test="safetyappeal != null">
        #{safetyappeal,jdbcType=VARCHAR},
      </if>
      <if test="safetyaccept != null">
        #{safetyaccept,jdbcType=VARCHAR},
      </if>
      <if test="safetycheck != null">
        #{safetycheck,jdbcType=VARCHAR},
      </if>
      <if test="safetynote != null">
        #{safetynote,jdbcType=VARCHAR},
      </if>
      <if test="safetyother != null">
        #{safetyother,jdbcType=VARCHAR},
      </if>
      <if test="safetystatus != null">
        #{safetystatus,jdbcType=BIT},
      </if>
      <if test="approvedate != null">
        #{approvedate,jdbcType=TIMESTAMP},
      </if>
      <if test="safetycomment != null">
        #{safetycomment,jdbcType=VARCHAR},
      </if>
    </trim>
  </insert>
  <select id="countByExample" parameterType="com.cpms.pojo.CpmsSafetyExample" resultType="java.lang.Integer">
    select count(*) from cpms_safety
    <if test="_parameter != null">
      <include refid="Example_Where_Clause" />
    </if>
  </select>
  <update id="updateByExampleSelective" parameterType="map">
    update cpms_safety
    <set>
      <if test="record.safetyid != null">
        safetyId = #{record.safetyid,jdbcType=VARCHAR},
      </if>
      <if test="record.projectid != null">
        projectId = #{record.projectid,jdbcType=VARCHAR},
      </if>
      <if test="record.safetyeditorid != null">
        safetyEditorId = #{record.safetyeditorid,jdbcType=VARCHAR},
      </if>
      <if test="record.safetyapproversid != null">
        safetyApproversId = #{record.safetyapproversid,jdbcType=VARCHAR},
      </if>
      <if test="record.safetyattendance != null">
        safetyAttendance = #{record.safetyattendance,jdbcType=SMALLINT},
      </if>
      <if test="record.safetydept != null">
        safetyDept = #{record.safetydept,jdbcType=VARCHAR},
      </if>
      <if test="record.safetytemperature != null">
        safetyTemperature = #{record.safetytemperature,jdbcType=TINYINT},
      </if>
      <if test="record.safetydate != null">
        safetyDate = #{record.safetydate,jdbcType=DATE},
      </if>
      <if test="record.safetypart != null">
        safetyPart = #{record.safetypart,jdbcType=VARCHAR},
      </if>
      <if test="record.safetycondition != null">
        safetyCondition = #{record.safetycondition,jdbcType=VARCHAR},
      </if>
      <if test="record.safetyeducation != null">
        safetyEducation = #{record.safetyeducation,jdbcType=VARCHAR},
      </if>
      <if test="record.safetyappeal != null">
        safetyAppeal = #{record.safetyappeal,jdbcType=VARCHAR},
      </if>
      <if test="record.safetyaccept != null">
        safetyAccept = #{record.safetyaccept,jdbcType=VARCHAR},
      </if>
      <if test="record.safetycheck != null">
        safetyCheck = #{record.safetycheck,jdbcType=VARCHAR},
      </if>
      <if test="record.safetynote != null">
        safetyNote = #{record.safetynote,jdbcType=VARCHAR},
      </if>
      <if test="record.safetyother != null">
        safetyOther = #{record.safetyother,jdbcType=VARCHAR},
      </if>
      <if test="record.safetystatus != null">
        safetyStatus = #{record.safetystatus,jdbcType=BIT},
      </if>
      <if test="record.approvedate != null">
        approveDate = #{record.approvedate,jdbcType=TIMESTAMP},
      </if>
      <if test="record.safetycomment != null">
        safetyComment = #{record.safetycomment,jdbcType=VARCHAR},
      </if>
    </set>
    <if test="_parameter != null">
      <include refid="Update_By_Example_Where_Clause" />
    </if>
  </update>
  <update id="updateByExample" parameterType="map">
    update cpms_safety
    set safetyId = #{record.safetyid,jdbcType=VARCHAR},
      projectId = #{record.projectid,jdbcType=VARCHAR},
      safetyEditorId = #{record.safetyeditorid,jdbcType=VARCHAR},
      safetyApproversId = #{record.safetyapproversid,jdbcType=VARCHAR},
      safetyAttendance = #{record.safetyattendance,jdbcType=SMALLINT},
      safetyDept = #{record.safetydept,jdbcType=VARCHAR},
      safetyTemperature = #{record.safetytemperature,jdbcType=TINYINT},
      safetyDate = #{record.safetydate,jdbcType=DATE},
      safetyPart = #{record.safetypart,jdbcType=VARCHAR},
      safetyCondition = #{record.safetycondition,jdbcType=VARCHAR},
      safetyEducation = #{record.safetyeducation,jdbcType=VARCHAR},
      safetyAppeal = #{record.safetyappeal,jdbcType=VARCHAR},
      safetyAccept = #{record.safetyaccept,jdbcType=VARCHAR},
      safetyCheck = #{record.safetycheck,jdbcType=VARCHAR},
      safetyNote = #{record.safetynote,jdbcType=VARCHAR},
      safetyOther = #{record.safetyother,jdbcType=VARCHAR},
      safetyStatus = #{record.safetystatus,jdbcType=BIT},
      approveDate = #{record.approvedate,jdbcType=TIMESTAMP},
      safetyComment = #{record.safetycomment,jdbcType=VARCHAR}
    <if test="_parameter != null">
      <include refid="Update_By_Example_Where_Clause" />
    </if>
  </update>
  <update id="updateByPrimaryKeySelective" parameterType="com.cpms.pojo.CpmsSafety">
    update cpms_safety
    <set>
      <if test="projectid != null">
        projectId = #{projectid,jdbcType=VARCHAR},
      </if>
      <if test="safetyeditorid != null">
        safetyEditorId = #{safetyeditorid,jdbcType=VARCHAR},
      </if>
      <if test="safetyapproversid != null">
        safetyApproversId = #{safetyapproversid,jdbcType=VARCHAR},
      </if>
      <if test="safetyattendance != null">
        safetyAttendance = #{safetyattendance,jdbcType=SMALLINT},
      </if>
      <if test="safetydept != null">
        safetyDept = #{safetydept,jdbcType=VARCHAR},
      </if>
      <if test="safetytemperature != null">
        safetyTemperature = #{safetytemperature,jdbcType=TINYINT},
      </if>
      <if test="safetydate != null">
        safetyDate = #{safetydate,jdbcType=DATE},
      </if>
      <if test="safetypart != null">
        safetyPart = #{safetypart,jdbcType=VARCHAR},
      </if>
      <if test="safetycondition != null">
        safetyCondition = #{safetycondition,jdbcType=VARCHAR},
      </if>
      <if test="safetyeducation != null">
        safetyEducation = #{safetyeducation,jdbcType=VARCHAR},
      </if>
      <if test="safetyappeal != null">
        safetyAppeal = #{safetyappeal,jdbcType=VARCHAR},
      </if>
      <if test="safetyaccept != null">
        safetyAccept = #{safetyaccept,jdbcType=VARCHAR},
      </if>
      <if test="safetycheck != null">
        safetyCheck = #{safetycheck,jdbcType=VARCHAR},
      </if>
      <if test="safetynote != null">
        safetyNote = #{safetynote,jdbcType=VARCHAR},
      </if>
      <if test="safetyother != null">
        safetyOther = #{safetyother,jdbcType=VARCHAR},
      </if>
      <if test="safetystatus != null">
        safetyStatus = #{safetystatus,jdbcType=BIT},
      </if>
      <if test="approvedate != null">
        approveDate = #{approvedate,jdbcType=TIMESTAMP},
      </if>
      <if test="safetycomment != null">
        safetyComment = #{safetycomment,jdbcType=VARCHAR},
      </if>
    </set>
    where safetyId = #{safetyid,jdbcType=VARCHAR}
  </update>
  <update id="updateByPrimaryKey" parameterType="com.cpms.pojo.CpmsSafety">
    update cpms_safety
    set projectId = #{projectid,jdbcType=VARCHAR},
      safetyEditorId = #{safetyeditorid,jdbcType=VARCHAR},
      safetyApproversId = #{safetyapproversid,jdbcType=VARCHAR},
      safetyAttendance = #{safetyattendance,jdbcType=SMALLINT},
      safetyDept = #{safetydept,jdbcType=VARCHAR},
      safetyTemperature = #{safetytemperature,jdbcType=TINYINT},
      safetyDate = #{safetydate,jdbcType=DATE},
      safetyPart = #{safetypart,jdbcType=VARCHAR},
      safetyCondition = #{safetycondition,jdbcType=VARCHAR},
      safetyEducation = #{safetyeducation,jdbcType=VARCHAR},
      safetyAppeal = #{safetyappeal,jdbcType=VARCHAR},
      safetyAccept = #{safetyaccept,jdbcType=VARCHAR},
      safetyCheck = #{safetycheck,jdbcType=VARCHAR},
      safetyNote = #{safetynote,jdbcType=VARCHAR},
      safetyOther = #{safetyother,jdbcType=VARCHAR},
      safetyStatus = #{safetystatus,jdbcType=BIT},
      approveDate = #{approvedate,jdbcType=TIMESTAMP},
      safetyComment = #{safetycomment,jdbcType=VARCHAR}
    where safetyId = #{safetyid,jdbcType=VARCHAR}
  </update>
 <!--  <resultMap id="BaseResultMap1" type="com.cpms.pojo.CpmsSafety">
    <id column="safetyId" jdbcType="VARCHAR" property="safetyid" />
    <result column="projectId" jdbcType="VARCHAR" property="projectid" />
    <result column="safetyEditorId" jdbcType="VARCHAR" property="safetyeditorid" />
    <result column="safetyApproversId" jdbcType="VARCHAR" property="safetyapproversid" />
    <result column="safetyAttendance" jdbcType="SMALLINT" property="safetyattendance" />
    <result column="safetyDept" jdbcType="VARCHAR" property="safetydept" />
    <result column="safetyTemperature" jdbcType="INTEGER" property="safetytemperature" />
    <result column="safetyDate" jdbcType="DATE" property="safetydate" />
    <result column="safetyPart" jdbcType="VARCHAR" property="safetypart" />
    <result column="safetyCondition" jdbcType="VARCHAR" property="safetycondition" />
    <result column="safetyEducation" jdbcType="VARCHAR" property="safetyeducation" />
    <result column="safetyAppeal" jdbcType="VARCHAR" property="safetyappeal" />
    <result column="safetyAccept" jdbcType="VARCHAR" property="safetyaccept" />
    <result column="safetyCheck" jdbcType="VARCHAR" property="safetycheck" />
    <result column="safetyNote" jdbcType="VARCHAR" property="safetynote" />
    <result column="safetyOther" jdbcType="VARCHAR" property="safetyother" />
    <result column="safetyStatus" jdbcType="INTEGER" property="safetystatus" />
    <result column="approveDate" jdbcType="TIMESTAMP" property="approvedate" />
    <result column="safetyComment" jdbcType="VARCHAR" property="safetycomment" />
  </resultMap>
  <sql id="Example_Where_Clause">
    <where>
      <foreach collection="oredCriteria" item="criteria" separator="or">
        <if test="criteria.valid">
          <trim prefix="(" prefixOverrides="and" suffix=")">
            <foreach collection="criteria.criteria" item="criterion">
              <choose>
                <when test="criterion.noValue">
                  and ${criterion.condition}
                </when>
                <when test="criterion.singleValue">
                  and ${criterion.condition} #{criterion.value}
                </when>
                <when test="criterion.betweenValue">
                  and ${criterion.condition} #{criterion.value} and #{criterion.secondValue}
                </when>
                <when test="criterion.listValue">
                  and ${criterion.condition}
                  <foreach close=")" collection="criterion.value" item="listItem" open="(" separator=",">
                    #{listItem}
                  </foreach>
                </when>
              </choose>
            </foreach>
          </trim>
        </if>
      </foreach>
    </where>
  </sql>
  <sql id="Update_By_Example_Where_Clause">
    <where>
      <foreach collection="example.oredCriteria" item="criteria" separator="or">
        <if test="criteria.valid">
          <trim prefix="(" prefixOverrides="and" suffix=")">
            <foreach collection="criteria.criteria" item="criterion">
              <choose>
                <when test="criterion.noValue">
                  and ${criterion.condition}
                </when>
                <when test="criterion.singleValue">
                  and ${criterion.condition} #{criterion.value}
                </when>
                <when test="criterion.betweenValue">
                  and ${criterion.condition} #{criterion.value} and #{criterion.secondValue}
                </when>
                <when test="criterion.listValue">
                  and ${criterion.condition}
                  <foreach close=")" collection="criterion.value" item="listItem" open="(" separator=",">
                    #{listItem}
                  </foreach>
                </when>
              </choose>
            </foreach>
          </trim>
        </if>
      </foreach>
    </where>
  </sql>
  <sql id="Base_Column_List">
    safetyId, projectId, safetyEditorId, safetyApproversId, safetyAttendance, safetyDept, 
    safetyTemperature, safetyDate, safetyPart, safetyCondition, safetyEducation, safetyAppeal, 
    safetyAccept, safetyCheck, safetyNote, safetyOther, safetyStatus, approveDate, safetyComment
  </sql>
  <select id="selectByExample" parameterType="com.cpms.pojo.CpmsSafetyExample" resultMap="BaseResultMap">
    select
    <if test="distinct">
      distinct
    </if>
    <include refid="Base_Column_List" />
    from cpms_safety
    <if test="_parameter != null">
      <include refid="Example_Where_Clause" />
    </if>
    <if test="orderByClause != null">
      order by ${orderByClause}
    </if>
  </select>
  <select id="selectByPrimaryKey" parameterType="java.lang.String" resultMap="BaseResultMap">
    select 
    <include refid="Base_Column_List" />
    from cpms_safety
    where safetyId = #{safetyid,jdbcType=VARCHAR}
  </select>
  <delete id="deleteByPrimaryKey" parameterType="java.lang.String">
    delete from cpms_safety
    where safetyId = #{safetyid,jdbcType=VARCHAR}
  </delete>
  <delete id="deleteByExample" parameterType="com.cpms.pojo.CpmsSafetyExample">
    delete from cpms_safety
    <if test="_parameter != null">
      <include refid="Example_Where_Clause" />
    </if>
  </delete>
  <insert id="insert" parameterType="com.cpms.pojo.CpmsSafety">
    insert into cpms_safety (safetyId, projectId, safetyEditorId, 
      safetyApproversId, safetyAttendance, safetyDept, 
      safetyTemperature, safetyDate, safetyPart, 
      safetyCondition, safetyEducation, safetyAppeal, 
      safetyAccept, safetyCheck, safetyNote, 
      safetyOther, safetyStatus, approveDate, 
      safetyComment)
    values (#{safetyid,jdbcType=VARCHAR}, #{projectid,jdbcType=VARCHAR}, #{safetyeditorid,jdbcType=VARCHAR}, 
      #{safetyapproversid,jdbcType=VARCHAR}, #{safetyattendance,jdbcType=SMALLINT}, #{safetydept,jdbcType=VARCHAR}, 
      #{safetytemperature,jdbcType=INTEGER}, #{safetydate,jdbcType=DATE}, #{safetypart,jdbcType=VARCHAR}, 
      #{safetycondition,jdbcType=VARCHAR}, #{safetyeducation,jdbcType=VARCHAR}, #{safetyappeal,jdbcType=VARCHAR}, 
      #{safetyaccept,jdbcType=VARCHAR}, #{safetycheck,jdbcType=VARCHAR}, #{safetynote,jdbcType=VARCHAR}, 
      #{safetyother,jdbcType=VARCHAR}, #{safetystatus,jdbcType=INTEGER}, #{approvedate,jdbcType=TIMESTAMP}, 
      #{safetycomment,jdbcType=VARCHAR})
  </insert>
  <insert id="insertSelective" parameterType="com.cpms.pojo.CpmsSafety">
    insert into cpms_safety
    <trim prefix="(" suffix=")" suffixOverrides=",">
      <if test="safetyid != null">
        safetyId,
      </if>
      <if test="projectid != null">
        projectId,
      </if>
      <if test="safetyeditorid != null">
        safetyEditorId,
      </if>
      <if test="safetyapproversid != null">
        safetyApproversId,
      </if>
      <if test="safetyattendance != null">
        safetyAttendance,
      </if>
      <if test="safetydept != null">
        safetyDept,
      </if>
      <if test="safetytemperature != null">
        safetyTemperature,
      </if>
      <if test="safetydate != null">
        safetyDate,
      </if>
      <if test="safetypart != null">
        safetyPart,
      </if>
      <if test="safetycondition != null">
        safetyCondition,
      </if>
      <if test="safetyeducation != null">
        safetyEducation,
      </if>
      <if test="safetyappeal != null">
        safetyAppeal,
      </if>
      <if test="safetyaccept != null">
        safetyAccept,
      </if>
      <if test="safetycheck != null">
        safetyCheck,
      </if>
      <if test="safetynote != null">
        safetyNote,
      </if>
      <if test="safetyother != null">
        safetyOther,
      </if>
      <if test="safetystatus != null">
        safetyStatus,
      </if>
      <if test="approvedate != null">
        approveDate,
      </if>
      <if test="safetycomment != null">
        safetyComment,
      </if>
    </trim>
    <trim prefix="values (" suffix=")" suffixOverrides=",">
      <if test="safetyid != null">
        #{safetyid,jdbcType=VARCHAR},
      </if>
      <if test="projectid != null">
        #{projectid,jdbcType=VARCHAR},
      </if>
      <if test="safetyeditorid != null">
        #{safetyeditorid,jdbcType=VARCHAR},
      </if>
      <if test="safetyapproversid != null">
        #{safetyapproversid,jdbcType=VARCHAR},
      </if>
      <if test="safetyattendance != null">
        #{safetyattendance,jdbcType=SMALLINT},
      </if>
      <if test="safetydept != null">
        #{safetydept,jdbcType=VARCHAR},
      </if>
      <if test="safetytemperature != null">
        #{safetytemperature,jdbcType=INTEGER},
      </if>
      <if test="safetydate != null">
        #{safetydate,jdbcType=DATE},
      </if>
      <if test="safetypart != null">
        #{safetypart,jdbcType=VARCHAR},
      </if>
      <if test="safetycondition != null">
        #{safetycondition,jdbcType=VARCHAR},
      </if>
      <if test="safetyeducation != null">
        #{safetyeducation,jdbcType=VARCHAR},
      </if>
      <if test="safetyappeal != null">
        #{safetyappeal,jdbcType=VARCHAR},
      </if>
      <if test="safetyaccept != null">
        #{safetyaccept,jdbcType=VARCHAR},
      </if>
      <if test="safetycheck != null">
        #{safetycheck,jdbcType=VARCHAR},
      </if>
      <if test="safetynote != null">
        #{safetynote,jdbcType=VARCHAR},
      </if>
      <if test="safetyother != null">
        #{safetyother,jdbcType=VARCHAR},
      </if>
      <if test="safetystatus != null">
        #{safetystatus,jdbcType=INTEGER},
      </if>
      <if test="approvedate != null">
        #{approvedate,jdbcType=TIMESTAMP},
      </if>
      <if test="safetycomment != null">
        #{safetycomment,jdbcType=VARCHAR},
      </if>
    </trim>
  </insert>
  <select id="countByExample" parameterType="com.cpms.pojo.CpmsSafetyExample" resultType="java.lang.Integer">
    select count(*) from cpms_safety
    <if test="_parameter != null">
      <include refid="Example_Where_Clause" />
    </if>
  </select>
  <update id="updateByExampleSelective" parameterType="map">
    update cpms_safety
    <set>
      <if test="record.safetyid != null">
        safetyId = #{record.safetyid,jdbcType=VARCHAR},
      </if>
      <if test="record.projectid != null">
        projectId = #{record.projectid,jdbcType=VARCHAR},
      </if>
      <if test="record.safetyeditorid != null">
        safetyEditorId = #{record.safetyeditorid,jdbcType=VARCHAR},
      </if>
      <if test="record.safetyapproversid != null">
        safetyApproversId = #{record.safetyapproversid,jdbcType=VARCHAR},
      </if>
      <if test="record.safetyattendance != null">
        safetyAttendance = #{record.safetyattendance,jdbcType=SMALLINT},
      </if>
      <if test="record.safetydept != null">
        safetyDept = #{record.safetydept,jdbcType=VARCHAR},
      </if>
      <if test="record.safetytemperature != null">
        safetyTemperature = #{record.safetytemperature,jdbcType=INTEGER},
      </if>
      <if test="record.safetydate != null">
        safetyDate = #{record.safetydate,jdbcType=DATE},
      </if>
      <if test="record.safetypart != null">
        safetyPart = #{record.safetypart,jdbcType=VARCHAR},
      </if>
      <if test="record.safetycondition != null">
        safetyCondition = #{record.safetycondition,jdbcType=VARCHAR},
      </if>
      <if test="record.safetyeducation != null">
        safetyEducation = #{record.safetyeducation,jdbcType=VARCHAR},
      </if>
      <if test="record.safetyappeal != null">
        safetyAppeal = #{record.safetyappeal,jdbcType=VARCHAR},
      </if>
      <if test="record.safetyaccept != null">
        safetyAccept = #{record.safetyaccept,jdbcType=VARCHAR},
      </if>
      <if test="record.safetycheck != null">
        safetyCheck = #{record.safetycheck,jdbcType=VARCHAR},
      </if>
      <if test="record.safetynote != null">
        safetyNote = #{record.safetynote,jdbcType=VARCHAR},
      </if>
      <if test="record.safetyother != null">
        safetyOther = #{record.safetyother,jdbcType=VARCHAR},
      </if>
      <if test="record.safetystatus != null">
        safetyStatus = #{record.safetystatus,jdbcType=INTEGER},
      </if>
      <if test="record.approvedate != null">
        approveDate = #{record.approvedate,jdbcType=TIMESTAMP},
      </if>
      <if test="record.safetycomment != null">
        safetyComment = #{record.safetycomment,jdbcType=VARCHAR},
      </if>
    </set>
    <if test="_parameter != null">
      <include refid="Update_By_Example_Where_Clause" />
    </if>
  </update>
  <update id="updateByExample" parameterType="map">
    update cpms_safety
    set safetyId = #{record.safetyid,jdbcType=VARCHAR},
      projectId = #{record.projectid,jdbcType=VARCHAR},
      safetyEditorId = #{record.safetyeditorid,jdbcType=VARCHAR},
      safetyApproversId = #{record.safetyapproversid,jdbcType=VARCHAR},
      safetyAttendance = #{record.safetyattendance,jdbcType=SMALLINT},
      safetyDept = #{record.safetydept,jdbcType=VARCHAR},
      safetyTemperature = #{record.safetytemperature,jdbcType=INTEGER},
      safetyDate = #{record.safetydate,jdbcType=DATE},
      safetyPart = #{record.safetypart,jdbcType=VARCHAR},
      safetyCondition = #{record.safetycondition,jdbcType=VARCHAR},
      safetyEducation = #{record.safetyeducation,jdbcType=VARCHAR},
      safetyAppeal = #{record.safetyappeal,jdbcType=VARCHAR},
      safetyAccept = #{record.safetyaccept,jdbcType=VARCHAR},
      safetyCheck = #{record.safetycheck,jdbcType=VARCHAR},
      safetyNote = #{record.safetynote,jdbcType=VARCHAR},
      safetyOther = #{record.safetyother,jdbcType=VARCHAR},
      safetyStatus = #{record.safetystatus,jdbcType=INTEGER},
      approveDate = #{record.approvedate,jdbcType=TIMESTAMP},
      safetyComment = #{record.safetycomment,jdbcType=VARCHAR}
    <if test="_parameter != null">
      <include refid="Update_By_Example_Where_Clause" />
    </if>
  </update>
  <update id="updateByPrimaryKeySelective" parameterType="com.cpms.pojo.CpmsSafety">
    update cpms_safety
    <set>
      <if test="projectid != null">
        projectId = #{projectid,jdbcType=VARCHAR},
      </if>
      <if test="safetyeditorid != null">
        safetyEditorId = #{safetyeditorid,jdbcType=VARCHAR},
      </if>
      <if test="safetyapproversid != null">
        safetyApproversId = #{safetyapproversid,jdbcType=VARCHAR},
      </if>
      <if test="safetyattendance != null">
        safetyAttendance = #{safetyattendance,jdbcType=SMALLINT},
      </if>
      <if test="safetydept != null">
        safetyDept = #{safetydept,jdbcType=VARCHAR},
      </if>
      <if test="safetytemperature != null">
        safetyTemperature = #{safetytemperature,jdbcType=INTEGER},
      </if>
      <if test="safetydate != null">
        safetyDate = #{safetydate,jdbcType=DATE},
      </if>
      <if test="safetypart != null">
        safetyPart = #{safetypart,jdbcType=VARCHAR},
      </if>
      <if test="safetycondition != null">
        safetyCondition = #{safetycondition,jdbcType=VARCHAR},
      </if>
      <if test="safetyeducation != null">
        safetyEducation = #{safetyeducation,jdbcType=VARCHAR},
      </if>
      <if test="safetyappeal != null">
        safetyAppeal = #{safetyappeal,jdbcType=VARCHAR},
      </if>
      <if test="safetyaccept != null">
        safetyAccept = #{safetyaccept,jdbcType=VARCHAR},
      </if>
      <if test="safetycheck != null">
        safetyCheck = #{safetycheck,jdbcType=VARCHAR},
      </if>
      <if test="safetynote != null">
        safetyNote = #{safetynote,jdbcType=VARCHAR},
      </if>
      <if test="safetyother != null">
        safetyOther = #{safetyother,jdbcType=VARCHAR},
      </if>
      <if test="safetystatus != null">
        safetyStatus = #{safetystatus,jdbcType=INTEGER},
      </if>
      <if test="approvedate != null">
        approveDate = #{approvedate,jdbcType=TIMESTAMP},
      </if>
      <if test="safetycomment != null">
        safetyComment = #{safetycomment,jdbcType=VARCHAR},
      </if>
    </set>
    where safetyId = #{safetyid,jdbcType=VARCHAR}
  </update>
  <update id="updateByPrimaryKey" parameterType="com.cpms.pojo.CpmsSafety">
    update cpms_safety
    set projectId = #{projectid,jdbcType=VARCHAR},
      safetyEditorId = #{safetyeditorid,jdbcType=VARCHAR},
      safetyApproversId = #{safetyapproversid,jdbcType=VARCHAR},
      safetyAttendance = #{safetyattendance,jdbcType=SMALLINT},
      safetyDept = #{safetydept,jdbcType=VARCHAR},
      safetyTemperature = #{safetytemperature,jdbcType=INTEGER},
      safetyDate = #{safetydate,jdbcType=DATE},
      safetyPart = #{safetypart,jdbcType=VARCHAR},
      safetyCondition = #{safetycondition,jdbcType=VARCHAR},
      safetyEducation = #{safetyeducation,jdbcType=VARCHAR},
      safetyAppeal = #{safetyappeal,jdbcType=VARCHAR},
      safetyAccept = #{safetyaccept,jdbcType=VARCHAR},
      safetyCheck = #{safetycheck,jdbcType=VARCHAR},
      safetyNote = #{safetynote,jdbcType=VARCHAR},
      safetyOther = #{safetyother,jdbcType=VARCHAR},
      safetyStatus = #{safetystatus,jdbcType=INTEGER},
      approveDate = #{approvedate,jdbcType=TIMESTAMP},
      safetyComment = #{safetycomment,jdbcType=VARCHAR}
    where safetyId = #{safetyid,jdbcType=VARCHAR}
  </update> -->
</mapper>