<?xml version="1.0" encoding="UTF-8"?>
<!DOCTYPE mapper PUBLIC "-//mybatis.org//DTD Mapper 3.0//EN" "http://mybatis.org/dtd/mybatis-3-mapper.dtd">
<mapper namespace="com.cpms.mapper.CpmsTechniqueMapper">
  <resultMap id="BaseResultMap" type="com.cpms.pojo.CpmsTechnique">
    <id column="techniqueId" jdbcType="VARCHAR" property="techniqueid" />
    <result column="projectId" jdbcType="VARCHAR" property="projectid" />
    <result column="techniqueEditorId" jdbcType="VARCHAR" property="techniqueeditorid" />
    <result column="techniqueApproversId" jdbcType="VARCHAR" property="techniqueapproversid" />
    <result column="techniqueName" jdbcType="VARCHAR" property="techniquename" />
    <result column="techniqueUnit" jdbcType="VARCHAR" property="techniqueunit" />
    <result column="techniqueDate" jdbcType="DATE" property="techniquedate" />
    <result column="techniquePlace" jdbcType="VARCHAR" property="techniqueplace" />
    <result column="techniqueCommitter" jdbcType="VARCHAR" property="techniquecommitter" />
    <result column="techniqueCommitted" jdbcType="VARCHAR" property="techniquecommitted" />
    <result column="techniqueAttachment" jdbcType="VARCHAR" property="techniqueattachment" />
    <result column="attachmentType" jdbcType="VARCHAR" property="attachmenttype" />
    <result column="techniqueContent" jdbcType="VARCHAR" property="techniquecontent" />
    <result column="techniqueRemark" jdbcType="VARCHAR" property="techniqueremark" />
    <result column="techniqueStatus" jdbcType="BIT" property="techniquestatus" />
    <result column="approveDate" jdbcType="TIMESTAMP" property="approvedate" />
    <result column="techniqueComment" jdbcType="VARCHAR" property="techniquecomment" />
  </resultMap>
  <sql id="Example_Where_Clause">
    <where>
      <foreach collection="oredCriteria" item="criteria" separator="or">
        <if test="criteria.valid">
          <trim prefix="(" prefixOverrides="and" suffix=")">
            <foreach collection="criteria.criteria" item="criterion">
              <choose>
                <when test="criterion.noValue">
                  and ${criterion.condition}
                </when>
                <when test="criterion.singleValue">
                  and ${criterion.condition} #{criterion.value}
                </when>
                <when test="criterion.betweenValue">
                  and ${criterion.condition} #{criterion.value} and #{criterion.secondValue}
                </when>
                <when test="criterion.listValue">
                  and ${criterion.condition}
                  <foreach close=")" collection="criterion.value" item="listItem" open="(" separator=",">
                    #{listItem}
                  </foreach>
                </when>
              </choose>
            </foreach>
          </trim>
        </if>
      </foreach>
    </where>
  </sql>
  <sql id="Update_By_Example_Where_Clause">
    <where>
      <foreach collection="example.oredCriteria" item="criteria" separator="or">
        <if test="criteria.valid">
          <trim prefix="(" prefixOverrides="and" suffix=")">
            <foreach collection="criteria.criteria" item="criterion">
              <choose>
                <when test="criterion.noValue">
                  and ${criterion.condition}
                </when>
                <when test="criterion.singleValue">
                  and ${criterion.condition} #{criterion.value}
                </when>
                <when test="criterion.betweenValue">
                  and ${criterion.condition} #{criterion.value} and #{criterion.secondValue}
                </when>
                <when test="criterion.listValue">
                  and ${criterion.condition}
                  <foreach close=")" collection="criterion.value" item="listItem" open="(" separator=",">
                    #{listItem}
                  </foreach>
                </when>
              </choose>
            </foreach>
          </trim>
        </if>
      </foreach>
    </where>
  </sql>
  <sql id="Base_Column_List">
    techniqueId, projectId, techniqueEditorId, techniqueApproversId, techniqueName, techniqueUnit, 
    techniqueDate, techniquePlace, techniqueCommitter, techniqueCommitted, techniqueAttachment, 
    attachmentType, techniqueContent, techniqueRemark, techniqueStatus, approveDate, 
    techniqueComment
  </sql>
  <select id="selectByExample" parameterType="com.cpms.pojo.CpmsTechniqueExample" resultMap="BaseResultMap">
    select
    <if test="distinct">
      distinct
    </if>
    <include refid="Base_Column_List" />
    from cpms_technique
    <if test="_parameter != null">
      <include refid="Example_Where_Clause" />
    </if>
    <if test="orderByClause != null">
      order by ${orderByClause}
    </if>
  </select>
  <select id="selectByPrimaryKey" parameterType="java.lang.String" resultMap="BaseResultMap">
    select 
    <include refid="Base_Column_List" />
    from cpms_technique
    where techniqueId = #{techniqueid,jdbcType=VARCHAR}
  </select>
  <delete id="deleteByPrimaryKey" parameterType="java.lang.String">
    delete from cpms_technique
    where techniqueId = #{techniqueid,jdbcType=VARCHAR}
  </delete>
  <delete id="deleteByExample" parameterType="com.cpms.pojo.CpmsTechniqueExample">
    delete from cpms_technique
    <if test="_parameter != null">
      <include refid="Example_Where_Clause" />
    </if>
  </delete>
  <insert id="insert" parameterType="com.cpms.pojo.CpmsTechnique">
    insert into cpms_technique (techniqueId, projectId, techniqueEditorId, 
      techniqueApproversId, techniqueName, techniqueUnit, 
      techniqueDate, techniquePlace, techniqueCommitter, 
      techniqueCommitted, techniqueAttachment, 
      attachmentType, techniqueContent, techniqueRemark, 
      techniqueStatus, approveDate, techniqueComment
      )
    values (#{techniqueid,jdbcType=VARCHAR}, #{projectid,jdbcType=VARCHAR}, #{techniqueeditorid,jdbcType=VARCHAR}, 
      #{techniqueapproversid,jdbcType=VARCHAR}, #{techniquename,jdbcType=VARCHAR}, #{techniqueunit,jdbcType=VARCHAR}, 
      #{techniquedate,jdbcType=DATE}, #{techniqueplace,jdbcType=VARCHAR}, #{techniquecommitter,jdbcType=VARCHAR}, 
      #{techniquecommitted,jdbcType=VARCHAR}, #{techniqueattachment,jdbcType=VARCHAR}, 
      #{attachmenttype,jdbcType=VARCHAR}, #{techniquecontent,jdbcType=VARCHAR}, #{techniqueremark,jdbcType=VARCHAR}, 
      #{techniquestatus,jdbcType=BIT}, #{approvedate,jdbcType=TIMESTAMP}, #{techniquecomment,jdbcType=VARCHAR}
      )
  </insert>
  <insert id="insertSelective" parameterType="com.cpms.pojo.CpmsTechnique">
    insert into cpms_technique
    <trim prefix="(" suffix=")" suffixOverrides=",">
      <if test="techniqueid != null">
        techniqueId,
      </if>
      <if test="projectid != null">
        projectId,
      </if>
      <if test="techniqueeditorid != null">
        techniqueEditorId,
      </if>
      <if test="techniqueapproversid != null">
        techniqueApproversId,
      </if>
      <if test="techniquename != null">
        techniqueName,
      </if>
      <if test="techniqueunit != null">
        techniqueUnit,
      </if>
      <if test="techniquedate != null">
        techniqueDate,
      </if>
      <if test="techniqueplace != null">
        techniquePlace,
      </if>
      <if test="techniquecommitter != null">
        techniqueCommitter,
      </if>
      <if test="techniquecommitted != null">
        techniqueCommitted,
      </if>
      <if test="techniqueattachment != null">
        techniqueAttachment,
      </if>
      <if test="attachmenttype != null">
        attachmentType,
      </if>
      <if test="techniquecontent != null">
        techniqueContent,
      </if>
      <if test="techniqueremark != null">
        techniqueRemark,
      </if>
      <if test="techniquestatus != null">
        techniqueStatus,
      </if>
      <if test="approvedate != null">
        approveDate,
      </if>
      <if test="techniquecomment != null">
        techniqueComment,
      </if>
    </trim>
    <trim prefix="values (" suffix=")" suffixOverrides=",">
      <if test="techniqueid != null">
        #{techniqueid,jdbcType=VARCHAR},
      </if>
      <if test="projectid != null">
        #{projectid,jdbcType=VARCHAR},
      </if>
      <if test="techniqueeditorid != null">
        #{techniqueeditorid,jdbcType=VARCHAR},
      </if>
      <if test="techniqueapproversid != null">
        #{techniqueapproversid,jdbcType=VARCHAR},
      </if>
      <if test="techniquename != null">
        #{techniquename,jdbcType=VARCHAR},
      </if>
      <if test="techniqueunit != null">
        #{techniqueunit,jdbcType=VARCHAR},
      </if>
      <if test="techniquedate != null">
        #{techniquedate,jdbcType=DATE},
      </if>
      <if test="techniqueplace != null">
        #{techniqueplace,jdbcType=VARCHAR},
      </if>
      <if test="techniquecommitter != null">
        #{techniquecommitter,jdbcType=VARCHAR},
      </if>
      <if test="techniquecommitted != null">
        #{techniquecommitted,jdbcType=VARCHAR},
      </if>
      <if test="techniqueattachment != null">
        #{techniqueattachment,jdbcType=VARCHAR},
      </if>
      <if test="attachmenttype != null">
        #{attachmenttype,jdbcType=VARCHAR},
      </if>
      <if test="techniquecontent != null">
        #{techniquecontent,jdbcType=VARCHAR},
      </if>
      <if test="techniqueremark != null">
        #{techniqueremark,jdbcType=VARCHAR},
      </if>
      <if test="techniquestatus != null">
        #{techniquestatus,jdbcType=BIT},
      </if>
      <if test="approvedate != null">
        #{approvedate,jdbcType=TIMESTAMP},
      </if>
      <if test="techniquecomment != null">
        #{techniquecomment,jdbcType=VARCHAR},
      </if>
    </trim>
  </insert>
  <select id="countByExample" parameterType="com.cpms.pojo.CpmsTechniqueExample" resultType="java.lang.Integer">
    select count(*) from cpms_technique
    <if test="_parameter != null">
      <include refid="Example_Where_Clause" />
    </if>
  </select>
  <update id="updateByExampleSelective" parameterType="map">
    update cpms_technique
    <set>
      <if test="record.techniqueid != null">
        techniqueId = #{record.techniqueid,jdbcType=VARCHAR},
      </if>
      <if test="record.projectid != null">
        projectId = #{record.projectid,jdbcType=VARCHAR},
      </if>
      <if test="record.techniqueeditorid != null">
        techniqueEditorId = #{record.techniqueeditorid,jdbcType=VARCHAR},
      </if>
      <if test="record.techniqueapproversid != null">
        techniqueApproversId = #{record.techniqueapproversid,jdbcType=VARCHAR},
      </if>
      <if test="record.techniquename != null">
        techniqueName = #{record.techniquename,jdbcType=VARCHAR},
      </if>
      <if test="record.techniqueunit != null">
        techniqueUnit = #{record.techniqueunit,jdbcType=VARCHAR},
      </if>
      <if test="record.techniquedate != null">
        techniqueDate = #{record.techniquedate,jdbcType=DATE},
      </if>
      <if test="record.techniqueplace != null">
        techniquePlace = #{record.techniqueplace,jdbcType=VARCHAR},
      </if>
      <if test="record.techniquecommitter != null">
        techniqueCommitter = #{record.techniquecommitter,jdbcType=VARCHAR},
      </if>
      <if test="record.techniquecommitted != null">
        techniqueCommitted = #{record.techniquecommitted,jdbcType=VARCHAR},
      </if>
      <if test="record.techniqueattachment != null">
        techniqueAttachment = #{record.techniqueattachment,jdbcType=VARCHAR},
      </if>
      <if test="record.attachmenttype != null">
        attachmentType = #{record.attachmenttype,jdbcType=VARCHAR},
      </if>
      <if test="record.techniquecontent != null">
        techniqueContent = #{record.techniquecontent,jdbcType=VARCHAR},
      </if>
      <if test="record.techniqueremark != null">
        techniqueRemark = #{record.techniqueremark,jdbcType=VARCHAR},
      </if>
      <if test="record.techniquestatus != null">
        techniqueStatus = #{record.techniquestatus,jdbcType=BIT},
      </if>
      <if test="record.approvedate != null">
        approveDate = #{record.approvedate,jdbcType=TIMESTAMP},
      </if>
      <if test="record.techniquecomment != null">
        techniqueComment = #{record.techniquecomment,jdbcType=VARCHAR},
      </if>
    </set>
    <if test="_parameter != null">
      <include refid="Update_By_Example_Where_Clause" />
    </if>
  </update>
  <update id="updateByExample" parameterType="map">
    update cpms_technique
    set techniqueId = #{record.techniqueid,jdbcType=VARCHAR},
      projectId = #{record.projectid,jdbcType=VARCHAR},
      techniqueEditorId = #{record.techniqueeditorid,jdbcType=VARCHAR},
      techniqueApproversId = #{record.techniqueapproversid,jdbcType=VARCHAR},
      techniqueName = #{record.techniquename,jdbcType=VARCHAR},
      techniqueUnit = #{record.techniqueunit,jdbcType=VARCHAR},
      techniqueDate = #{record.techniquedate,jdbcType=DATE},
      techniquePlace = #{record.techniqueplace,jdbcType=VARCHAR},
      techniqueCommitter = #{record.techniquecommitter,jdbcType=VARCHAR},
      techniqueCommitted = #{record.techniquecommitted,jdbcType=VARCHAR},
      techniqueAttachment = #{record.techniqueattachment,jdbcType=VARCHAR},
      attachmentType = #{record.attachmenttype,jdbcType=VARCHAR},
      techniqueContent = #{record.techniquecontent,jdbcType=VARCHAR},
      techniqueRemark = #{record.techniqueremark,jdbcType=VARCHAR},
      techniqueStatus = #{record.techniquestatus,jdbcType=BIT},
      approveDate = #{record.approvedate,jdbcType=TIMESTAMP},
      techniqueComment = #{record.techniquecomment,jdbcType=VARCHAR}
    <if test="_parameter != null">
      <include refid="Update_By_Example_Where_Clause" />
    </if>
  </update>
  <update id="updateByPrimaryKeySelective" parameterType="com.cpms.pojo.CpmsTechnique">
    update cpms_technique
    <set>
      <if test="projectid != null">
        projectId = #{projectid,jdbcType=VARCHAR},
      </if>
      <if test="techniqueeditorid != null">
        techniqueEditorId = #{techniqueeditorid,jdbcType=VARCHAR},
      </if>
      <if test="techniqueapproversid != null">
        techniqueApproversId = #{techniqueapproversid,jdbcType=VARCHAR},
      </if>
      <if test="techniquename != null">
        techniqueName = #{techniquename,jdbcType=VARCHAR},
      </if>
      <if test="techniqueunit != null">
        techniqueUnit = #{techniqueunit,jdbcType=VARCHAR},
      </if>
      <if test="techniquedate != null">
        techniqueDate = #{techniquedate,jdbcType=DATE},
      </if>
      <if test="techniqueplace != null">
        techniquePlace = #{techniqueplace,jdbcType=VARCHAR},
      </if>
      <if test="techniquecommitter != null">
        techniqueCommitter = #{techniquecommitter,jdbcType=VARCHAR},
      </if>
      <if test="techniquecommitted != null">
        techniqueCommitted = #{techniquecommitted,jdbcType=VARCHAR},
      </if>
      <if test="techniqueattachment != null">
        techniqueAttachment = #{techniqueattachment,jdbcType=VARCHAR},
      </if>
      <if test="attachmenttype != null">
        attachmentType = #{attachmenttype,jdbcType=VARCHAR},
      </if>
      <if test="techniquecontent != null">
        techniqueContent = #{techniquecontent,jdbcType=VARCHAR},
      </if>
      <if test="techniqueremark != null">
        techniqueRemark = #{techniqueremark,jdbcType=VARCHAR},
      </if>
      <if test="techniquestatus != null">
        techniqueStatus = #{techniquestatus,jdbcType=BIT},
      </if>
      <if test="approvedate != null">
        approveDate = #{approvedate,jdbcType=TIMESTAMP},
      </if>
      <if test="techniquecomment != null">
        techniqueComment = #{techniquecomment,jdbcType=VARCHAR},
      </if>
    </set>
    where techniqueId = #{techniqueid,jdbcType=VARCHAR}
  </update>
  <update id="updateByPrimaryKey" parameterType="com.cpms.pojo.CpmsTechnique">
    update cpms_technique
    set projectId = #{projectid,jdbcType=VARCHAR},
      techniqueEditorId = #{techniqueeditorid,jdbcType=VARCHAR},
      techniqueApproversId = #{techniqueapproversid,jdbcType=VARCHAR},
      techniqueName = #{techniquename,jdbcType=VARCHAR},
      techniqueUnit = #{techniqueunit,jdbcType=VARCHAR},
      techniqueDate = #{techniquedate,jdbcType=DATE},
      techniquePlace = #{techniqueplace,jdbcType=VARCHAR},
      techniqueCommitter = #{techniquecommitter,jdbcType=VARCHAR},
      techniqueCommitted = #{techniquecommitted,jdbcType=VARCHAR},
      techniqueAttachment = #{techniqueattachment,jdbcType=VARCHAR},
      attachmentType = #{attachmenttype,jdbcType=VARCHAR},
      techniqueContent = #{techniquecontent,jdbcType=VARCHAR},
      techniqueRemark = #{techniqueremark,jdbcType=VARCHAR},
      techniqueStatus = #{techniquestatus,jdbcType=BIT},
      approveDate = #{approvedate,jdbcType=TIMESTAMP},
      techniqueComment = #{techniquecomment,jdbcType=VARCHAR}
    where techniqueId = #{techniqueid,jdbcType=VARCHAR}
  </update>
  <!-- <resultMap id="BaseResultMap1" type="com.cpms.pojo.CpmsTechnique">
    <id column="techniqueId" jdbcType="VARCHAR" property="techniqueid" />
    <result column="projectId" jdbcType="VARCHAR" property="projectid" />
    <result column="techniqueEditorId" jdbcType="VARCHAR" property="techniqueeditorid" />
    <result column="techniqueApproversId" jdbcType="VARCHAR" property="techniqueapproversid" />
    <result column="techniqueName" jdbcType="VARCHAR" property="techniquename" />
    <result column="techniqueUnit" jdbcType="VARCHAR" property="techniqueunit" />
    <result column="techniqueDate" jdbcType="DATE" property="techniquedate" />
    <result column="techniquePlace" jdbcType="VARCHAR" property="techniqueplace" />
    <result column="techniqueCommitter" jdbcType="VARCHAR" property="techniquecommitter" />
    <result column="techniqueCommitted" jdbcType="VARCHAR" property="techniquecommitted" />
    <result column="techniqueAttachment" jdbcType="VARCHAR" property="techniqueattachment" />
    <result column="attachmentType" jdbcType="VARCHAR" property="attachmenttype" />
    <result column="techniqueContent" jdbcType="VARCHAR" property="techniquecontent" />
    <result column="techniqueRemark" jdbcType="VARCHAR" property="techniqueremark" />
    <result column="techniqueStatus" jdbcType="INTEGER" property="techniquestatus" />
    <result column="approveDate" jdbcType="TIMESTAMP" property="approvedate" />
    <result column="techniqueComment" jdbcType="VARCHAR" property="techniquecomment" />
  </resultMap>
  <sql id="Example_Where_Clause">
    <where>
      <foreach collection="oredCriteria" item="criteria" separator="or">
        <if test="criteria.valid">
          <trim prefix="(" prefixOverrides="and" suffix=")">
            <foreach collection="criteria.criteria" item="criterion">
              <choose>
                <when test="criterion.noValue">
                  and ${criterion.condition}
                </when>
                <when test="criterion.singleValue">
                  and ${criterion.condition} #{criterion.value}
                </when>
                <when test="criterion.betweenValue">
                  and ${criterion.condition} #{criterion.value} and #{criterion.secondValue}
                </when>
                <when test="criterion.listValue">
                  and ${criterion.condition}
                  <foreach close=")" collection="criterion.value" item="listItem" open="(" separator=",">
                    #{listItem}
                  </foreach>
                </when>
              </choose>
            </foreach>
          </trim>
        </if>
      </foreach>
    </where>
  </sql>
  <sql id="Update_By_Example_Where_Clause">
    <where>
      <foreach collection="example.oredCriteria" item="criteria" separator="or">
        <if test="criteria.valid">
          <trim prefix="(" prefixOverrides="and" suffix=")">
            <foreach collection="criteria.criteria" item="criterion">
              <choose>
                <when test="criterion.noValue">
                  and ${criterion.condition}
                </when>
                <when test="criterion.singleValue">
                  and ${criterion.condition} #{criterion.value}
                </when>
                <when test="criterion.betweenValue">
                  and ${criterion.condition} #{criterion.value} and #{criterion.secondValue}
                </when>
                <when test="criterion.listValue">
                  and ${criterion.condition}
                  <foreach close=")" collection="criterion.value" item="listItem" open="(" separator=",">
                    #{listItem}
                  </foreach>
                </when>
              </choose>
            </foreach>
          </trim>
        </if>
      </foreach>
    </where>
  </sql>
  <sql id="Base_Column_List">
    techniqueId, projectId, techniqueEditorId, techniqueApproversId, techniqueName, techniqueUnit, 
    techniqueDate, techniquePlace, techniqueCommitter, techniqueCommitted, techniqueAttachment, 
    attachmentType, techniqueContent, techniqueRemark, techniqueStatus, approveDate, 
    techniqueComment
  </sql>
  <select id="selectByExample" parameterType="com.cpms.pojo.CpmsTechniqueExample" resultMap="BaseResultMap">
    select
    <if test="distinct">
      distinct
    </if>
    <include refid="Base_Column_List" />
    from cpms_technique
    <if test="_parameter != null">
      <include refid="Example_Where_Clause" />
    </if>
    <if test="orderByClause != null">
      order by ${orderByClause}
    </if>
  </select>
  <select id="selectByPrimaryKey" parameterType="java.lang.String" resultMap="BaseResultMap">
    select 
    <include refid="Base_Column_List" />
    from cpms_technique
    where techniqueId = #{techniqueid,jdbcType=VARCHAR}
  </select>
  <delete id="deleteByPrimaryKey" parameterType="java.lang.String">
    delete from cpms_technique
    where techniqueId = #{techniqueid,jdbcType=VARCHAR}
  </delete>
  <delete id="deleteByExample" parameterType="com.cpms.pojo.CpmsTechniqueExample">
    delete from cpms_technique
    <if test="_parameter != null">
      <include refid="Example_Where_Clause" />
    </if>
  </delete>
  <insert id="insert" parameterType="com.cpms.pojo.CpmsTechnique">
    insert into cpms_technique (techniqueId, projectId, techniqueEditorId, 
      techniqueApproversId, techniqueName, techniqueUnit, 
      techniqueDate, techniquePlace, techniqueCommitter, 
      techniqueCommitted, techniqueAttachment, 
      attachmentType, techniqueContent, techniqueRemark, 
      techniqueStatus, approveDate, techniqueComment
      )
    values (#{techniqueid,jdbcType=VARCHAR}, #{projectid,jdbcType=VARCHAR}, #{techniqueeditorid,jdbcType=VARCHAR}, 
      #{techniqueapproversid,jdbcType=VARCHAR}, #{techniquename,jdbcType=VARCHAR}, #{techniqueunit,jdbcType=VARCHAR}, 
      #{techniquedate,jdbcType=DATE}, #{techniqueplace,jdbcType=VARCHAR}, #{techniquecommitter,jdbcType=VARCHAR}, 
      #{techniquecommitted,jdbcType=VARCHAR}, #{techniqueattachment,jdbcType=VARCHAR}, 
      #{attachmenttype,jdbcType=VARCHAR}, #{techniquecontent,jdbcType=VARCHAR}, #{techniqueremark,jdbcType=VARCHAR}, 
      #{techniquestatus,jdbcType=INTEGER}, #{approvedate,jdbcType=TIMESTAMP}, #{techniquecomment,jdbcType=VARCHAR}
      )
  </insert>
  <insert id="insertSelective" parameterType="com.cpms.pojo.CpmsTechnique">
    insert into cpms_technique
    <trim prefix="(" suffix=")" suffixOverrides=",">
      <if test="techniqueid != null">
        techniqueId,
      </if>
      <if test="projectid != null">
        projectId,
      </if>
      <if test="techniqueeditorid != null">
        techniqueEditorId,
      </if>
      <if test="techniqueapproversid != null">
        techniqueApproversId,
      </if>
      <if test="techniquename != null">
        techniqueName,
      </if>
      <if test="techniqueunit != null">
        techniqueUnit,
      </if>
      <if test="techniquedate != null">
        techniqueDate,
      </if>
      <if test="techniqueplace != null">
        techniquePlace,
      </if>
      <if test="techniquecommitter != null">
        techniqueCommitter,
      </if>
      <if test="techniquecommitted != null">
        techniqueCommitted,
      </if>
      <if test="techniqueattachment != null">
        techniqueAttachment,
      </if>
      <if test="attachmenttype != null">
        attachmentType,
      </if>
      <if test="techniquecontent != null">
        techniqueContent,
      </if>
      <if test="techniqueremark != null">
        techniqueRemark,
      </if>
      <if test="techniquestatus != null">
        techniqueStatus,
      </if>
      <if test="approvedate != null">
        approveDate,
      </if>
      <if test="techniquecomment != null">
        techniqueComment,
      </if>
    </trim>
    <trim prefix="values (" suffix=")" suffixOverrides=",">
      <if test="techniqueid != null">
        #{techniqueid,jdbcType=VARCHAR},
      </if>
      <if test="projectid != null">
        #{projectid,jdbcType=VARCHAR},
      </if>
      <if test="techniqueeditorid != null">
        #{techniqueeditorid,jdbcType=VARCHAR},
      </if>
      <if test="techniqueapproversid != null">
        #{techniqueapproversid,jdbcType=VARCHAR},
      </if>
      <if test="techniquename != null">
        #{techniquename,jdbcType=VARCHAR},
      </if>
      <if test="techniqueunit != null">
        #{techniqueunit,jdbcType=VARCHAR},
      </if>
      <if test="techniquedate != null">
        #{techniquedate,jdbcType=DATE},
      </if>
      <if test="techniqueplace != null">
        #{techniqueplace,jdbcType=VARCHAR},
      </if>
      <if test="techniquecommitter != null">
        #{techniquecommitter,jdbcType=VARCHAR},
      </if>
      <if test="techniquecommitted != null">
        #{techniquecommitted,jdbcType=VARCHAR},
      </if>
      <if test="techniqueattachment != null">
        #{techniqueattachment,jdbcType=VARCHAR},
      </if>
      <if test="attachmenttype != null">
        #{attachmenttype,jdbcType=VARCHAR},
      </if>
      <if test="techniquecontent != null">
        #{techniquecontent,jdbcType=VARCHAR},
      </if>
      <if test="techniqueremark != null">
        #{techniqueremark,jdbcType=VARCHAR},
      </if>
      <if test="techniquestatus != null">
        #{techniquestatus,jdbcType=INTEGER},
      </if>
      <if test="approvedate != null">
        #{approvedate,jdbcType=TIMESTAMP},
      </if>
      <if test="techniquecomment != null">
        #{techniquecomment,jdbcType=VARCHAR},
      </if>
    </trim>
  </insert>
  <select id="countByExample" parameterType="com.cpms.pojo.CpmsTechniqueExample" resultType="java.lang.Integer">
    select count(*) from cpms_technique
    <if test="_parameter != null">
      <include refid="Example_Where_Clause" />
    </if>
  </select>
  <update id="updateByExampleSelective" parameterType="map">
    update cpms_technique
    <set>
      <if test="record.techniqueid != null">
        techniqueId = #{record.techniqueid,jdbcType=VARCHAR},
      </if>
      <if test="record.projectid != null">
        projectId = #{record.projectid,jdbcType=VARCHAR},
      </if>
      <if test="record.techniqueeditorid != null">
        techniqueEditorId = #{record.techniqueeditorid,jdbcType=VARCHAR},
      </if>
      <if test="record.techniqueapproversid != null">
        techniqueApproversId = #{record.techniqueapproversid,jdbcType=VARCHAR},
      </if>
      <if test="record.techniquename != null">
        techniqueName = #{record.techniquename,jdbcType=VARCHAR},
      </if>
      <if test="record.techniqueunit != null">
        techniqueUnit = #{record.techniqueunit,jdbcType=VARCHAR},
      </if>
      <if test="record.techniquedate != null">
        techniqueDate = #{record.techniquedate,jdbcType=DATE},
      </if>
      <if test="record.techniqueplace != null">
        techniquePlace = #{record.techniqueplace,jdbcType=VARCHAR},
      </if>
      <if test="record.techniquecommitter != null">
        techniqueCommitter = #{record.techniquecommitter,jdbcType=VARCHAR},
      </if>
      <if test="record.techniquecommitted != null">
        techniqueCommitted = #{record.techniquecommitted,jdbcType=VARCHAR},
      </if>
      <if test="record.techniqueattachment != null">
        techniqueAttachment = #{record.techniqueattachment,jdbcType=VARCHAR},
      </if>
      <if test="record.attachmenttype != null">
        attachmentType = #{record.attachmenttype,jdbcType=VARCHAR},
      </if>
      <if test="record.techniquecontent != null">
        techniqueContent = #{record.techniquecontent,jdbcType=VARCHAR},
      </if>
      <if test="record.techniqueremark != null">
        techniqueRemark = #{record.techniqueremark,jdbcType=VARCHAR},
      </if>
      <if test="record.techniquestatus != null">
        techniqueStatus = #{record.techniquestatus,jdbcType=INTEGER},
      </if>
      <if test="record.approvedate != null">
        approveDate = #{record.approvedate,jdbcType=TIMESTAMP},
      </if>
      <if test="record.techniquecomment != null">
        techniqueComment = #{record.techniquecomment,jdbcType=VARCHAR},
      </if>
    </set>
    <if test="_parameter != null">
      <include refid="Update_By_Example_Where_Clause" />
    </if>
  </update>
  <update id="updateByExample" parameterType="map">
    update cpms_technique
    set techniqueId = #{record.techniqueid,jdbcType=VARCHAR},
      projectId = #{record.projectid,jdbcType=VARCHAR},
      techniqueEditorId = #{record.techniqueeditorid,jdbcType=VARCHAR},
      techniqueApproversId = #{record.techniqueapproversid,jdbcType=VARCHAR},
      techniqueName = #{record.techniquename,jdbcType=VARCHAR},
      techniqueUnit = #{record.techniqueunit,jdbcType=VARCHAR},
      techniqueDate = #{record.techniquedate,jdbcType=DATE},
      techniquePlace = #{record.techniqueplace,jdbcType=VARCHAR},
      techniqueCommitter = #{record.techniquecommitter,jdbcType=VARCHAR},
      techniqueCommitted = #{record.techniquecommitted,jdbcType=VARCHAR},
      techniqueAttachment = #{record.techniqueattachment,jdbcType=VARCHAR},
      attachmentType = #{record.attachmenttype,jdbcType=VARCHAR},
      techniqueContent = #{record.techniquecontent,jdbcType=VARCHAR},
      techniqueRemark = #{record.techniqueremark,jdbcType=VARCHAR},
      techniqueStatus = #{record.techniquestatus,jdbcType=INTEGER},
      approveDate = #{record.approvedate,jdbcType=TIMESTAMP},
      techniqueComment = #{record.techniquecomment,jdbcType=VARCHAR}
    <if test="_parameter != null">
      <include refid="Update_By_Example_Where_Clause" />
    </if>
  </update>
  <update id="updateByPrimaryKeySelective" parameterType="com.cpms.pojo.CpmsTechnique">
    update cpms_technique
    <set>
      <if test="projectid != null">
        projectId = #{projectid,jdbcType=VARCHAR},
      </if>
      <if test="techniqueeditorid != null">
        techniqueEditorId = #{techniqueeditorid,jdbcType=VARCHAR},
      </if>
      <if test="techniqueapproversid != null">
        techniqueApproversId = #{techniqueapproversid,jdbcType=VARCHAR},
      </if>
      <if test="techniquename != null">
        techniqueName = #{techniquename,jdbcType=VARCHAR},
      </if>
      <if test="techniqueunit != null">
        techniqueUnit = #{techniqueunit,jdbcType=VARCHAR},
      </if>
      <if test="techniquedate != null">
        techniqueDate = #{techniquedate,jdbcType=DATE},
      </if>
      <if test="techniqueplace != null">
        techniquePlace = #{techniqueplace,jdbcType=VARCHAR},
      </if>
      <if test="techniquecommitter != null">
        techniqueCommitter = #{techniquecommitter,jdbcType=VARCHAR},
      </if>
      <if test="techniquecommitted != null">
        techniqueCommitted = #{techniquecommitted,jdbcType=VARCHAR},
      </if>
      <if test="techniqueattachment != null">
        techniqueAttachment = #{techniqueattachment,jdbcType=VARCHAR},
      </if>
      <if test="attachmenttype != null">
        attachmentType = #{attachmenttype,jdbcType=VARCHAR},
      </if>
      <if test="techniquecontent != null">
        techniqueContent = #{techniquecontent,jdbcType=VARCHAR},
      </if>
      <if test="techniqueremark != null">
        techniqueRemark = #{techniqueremark,jdbcType=VARCHAR},
      </if>
      <if test="techniquestatus != null">
        techniqueStatus = #{techniquestatus,jdbcType=INTEGER},
      </if>
      <if test="approvedate != null">
        approveDate = #{approvedate,jdbcType=TIMESTAMP},
      </if>
      <if test="techniquecomment != null">
        techniqueComment = #{techniquecomment,jdbcType=VARCHAR},
      </if>
    </set>
    where techniqueId = #{techniqueid,jdbcType=VARCHAR}
  </update>
  <update id="updateByPrimaryKey" parameterType="com.cpms.pojo.CpmsTechnique">
    update cpms_technique
    set projectId = #{projectid,jdbcType=VARCHAR},
      techniqueEditorId = #{techniqueeditorid,jdbcType=VARCHAR},
      techniqueApproversId = #{techniqueapproversid,jdbcType=VARCHAR},
      techniqueName = #{techniquename,jdbcType=VARCHAR},
      techniqueUnit = #{techniqueunit,jdbcType=VARCHAR},
      techniqueDate = #{techniquedate,jdbcType=DATE},
      techniquePlace = #{techniqueplace,jdbcType=VARCHAR},
      techniqueCommitter = #{techniquecommitter,jdbcType=VARCHAR},
      techniqueCommitted = #{techniquecommitted,jdbcType=VARCHAR},
      techniqueAttachment = #{techniqueattachment,jdbcType=VARCHAR},
      attachmentType = #{attachmenttype,jdbcType=VARCHAR},
      techniqueContent = #{techniquecontent,jdbcType=VARCHAR},
      techniqueRemark = #{techniqueremark,jdbcType=VARCHAR},
      techniqueStatus = #{techniquestatus,jdbcType=INTEGER},
      approveDate = #{approvedate,jdbcType=TIMESTAMP},
      techniqueComment = #{techniquecomment,jdbcType=VARCHAR}
    where techniqueId = #{techniqueid,jdbcType=VARCHAR}
  </update> -->
</mapper>