<?xml version="1.0" encoding="UTF-8"?>
<!DOCTYPE mapper PUBLIC "-//mybatis.org//DTD Mapper 3.0//EN" "http://mybatis.org/dtd/mybatis-3-mapper.dtd">
<mapper namespace="com.cpms.mapper.CpmsDeptMapper">
  <resultMap id="BaseResultMap" type="com.cpms.pojo.CpmsDept">
    <id column="deptId" jdbcType="TINYINT" property="deptid" />
    <result column="deptName" jdbcType="VARCHAR" property="deptname" />
    <result column="companyId" jdbcType="TINYINT" property="companyid" />
  </resultMap>
  <sql id="Example_Where_Clause">
    <where>
      <foreach collection="oredCriteria" item="criteria" separator="or">
        <if test="criteria.valid">
          <trim prefix="(" prefixOverrides="and" suffix=")">
            <foreach collection="criteria.criteria" item="criterion">
              <choose>
                <when test="criterion.noValue">
                  and ${criterion.condition}
                </when>
                <when test="criterion.singleValue">
                  and ${criterion.condition} #{criterion.value}
                </when>
                <when test="criterion.betweenValue">
                  and ${criterion.condition} #{criterion.value} and #{criterion.secondValue}
                </when>
                <when test="criterion.listValue">
                  and ${criterion.condition}
                  <foreach close=")" collection="criterion.value" item="listItem" open="(" separator=",">
                    #{listItem}
                  </foreach>
                </when>
              </choose>
            </foreach>
          </trim>
        </if>
      </foreach>
    </where>
  </sql>
  <sql id="Update_By_Example_Where_Clause">
    <where>
      <foreach collection="example.oredCriteria" item="criteria" separator="or">
        <if test="criteria.valid">
          <trim prefix="(" prefixOverrides="and" suffix=")">
            <foreach collection="criteria.criteria" item="criterion">
              <choose>
                <when test="criterion.noValue">
                  and ${criterion.condition}
                </when>
                <when test="criterion.singleValue">
                  and ${criterion.condition} #{criterion.value}
                </when>
                <when test="criterion.betweenValue">
                  and ${criterion.condition} #{criterion.value} and #{criterion.secondValue}
                </when>
                <when test="criterion.listValue">
                  and ${criterion.condition}
                  <foreach close=")" collection="criterion.value" item="listItem" open="(" separator=",">
                    #{listItem}
                  </foreach>
                </when>
              </choose>
            </foreach>
          </trim>
        </if>
      </foreach>
    </where>
  </sql>
  <sql id="Base_Column_List">
    deptId, deptName, companyId
  </sql>
  <select id="selectByExample" parameterType="com.cpms.pojo.CpmsDeptExample" resultMap="BaseResultMap">
    select
    <if test="distinct">
      distinct
    </if>
    <include refid="Base_Column_List" />
    from cpms_dept
    <if test="_parameter != null">
      <include refid="Example_Where_Clause" />
    </if>
    <if test="orderByClause != null">
      order by ${orderByClause}
    </if>
  </select>
  <select id="selectByPrimaryKey" parameterType="Integer" resultMap="BaseResultMap">
    select 
    <include refid="Base_Column_List" />
    from cpms_dept
    where deptId = #{deptid,jdbcType=TINYINT}
  </select>
  <delete id="deleteByPrimaryKey" parameterType="Integer">
    delete from cpms_dept
    where deptId = #{deptid,jdbcType=TINYINT}
  </delete>
  <delete id="deleteByExample" parameterType="com.cpms.pojo.CpmsDeptExample">
    delete from cpms_dept
    <if test="_parameter != null">
      <include refid="Example_Where_Clause" />
    </if>
  </delete>
  <insert id="insert" parameterType="com.cpms.pojo.CpmsDept">
    insert into cpms_dept (deptId, deptName, companyId
      )
    values (#{deptid,jdbcType=TINYINT}, #{deptname,jdbcType=VARCHAR}, #{companyid,jdbcType=TINYINT}
      )
  </insert>
  <insert id="insertSelective" parameterType="com.cpms.pojo.CpmsDept">
    insert into cpms_dept
    <trim prefix="(" suffix=")" suffixOverrides=",">
      <if test="deptid != null">
        deptId,
      </if>
      <if test="deptname != null">
        deptName,
      </if>
      <if test="companyid != null">
        companyId,
      </if>
    </trim>
    <trim prefix="values (" suffix=")" suffixOverrides=",">
      <if test="deptid != null">
        #{deptid,jdbcType=TINYINT},
      </if>
      <if test="deptname != null">
        #{deptname,jdbcType=VARCHAR},
      </if>
      <if test="companyid != null">
        #{companyid,jdbcType=TINYINT},
      </if>
    </trim>
  </insert>
  <select id="countByExample" parameterType="com.cpms.pojo.CpmsDeptExample" resultType="java.lang.Integer">
    select count(*) from cpms_dept
    <if test="_parameter != null">
      <include refid="Example_Where_Clause" />
    </if>
  </select>
  <update id="updateByExampleSelective" parameterType="map">
    update cpms_dept
    <set>
      <if test="record.deptid != null">
        deptId = #{record.deptid,jdbcType=TINYINT},
      </if>
      <if test="record.deptname != null">
        deptName = #{record.deptname,jdbcType=VARCHAR},
      </if>
      <if test="record.companyid != null">
        companyId = #{record.companyid,jdbcType=TINYINT},
      </if>
    </set>
    <if test="_parameter != null">
      <include refid="Update_By_Example_Where_Clause" />
    </if>
  </update>
  <update id="updateByExample" parameterType="map">
    update cpms_dept
    set deptId = #{record.deptid,jdbcType=TINYINT},
      deptName = #{record.deptname,jdbcType=VARCHAR},
      companyId = #{record.companyid,jdbcType=TINYINT}
    <if test="_parameter != null">
      <include refid="Update_By_Example_Where_Clause" />
    </if>
  </update>
  <update id="updateByPrimaryKeySelective" parameterType="com.cpms.pojo.CpmsDept">
    update cpms_dept
    <set>
      <if test="deptname != null">
        deptName = #{deptname,jdbcType=VARCHAR},
      </if>
      <if test="companyid != null">
        companyId = #{companyid,jdbcType=TINYINT},
      </if>
    </set>
    where deptId = #{deptid,jdbcType=TINYINT}
  </update>
  <update id="updateByPrimaryKey" parameterType="com.cpms.pojo.CpmsDept">
    update cpms_dept
    set deptName = #{deptname,jdbcType=VARCHAR},
      companyId = #{companyid,jdbcType=TINYINT}
    where deptId = #{deptid,jdbcType=TINYINT}
  </update>

<!--   <select id="selectDeptById" resultType="com.cpms.pojo.CpmsDep" parameterType="int">
  	select * from cpms_dept where deptId = #{deptid}
  </select> -->
 <!--  <resultMap id="BaseResultMap1" type="com.cpms.pojo.CpmsDept">
    <id column="deptId" jdbcType="INTEGER" property="deptid" />
    <result column="deptName" jdbcType="VARCHAR" property="deptname" />
    <result column="companyId" jdbcType="INTEGER" property="companyid" />
  </resultMap>
  <sql id="Example_Where_Clause">
    <where>
      <foreach collection="oredCriteria" item="criteria" separator="or">
        <if test="criteria.valid">
          <trim prefix="(" prefixOverrides="and" suffix=")">
            <foreach collection="criteria.criteria" item="criterion">
              <choose>
                <when test="criterion.noValue">
                  and ${criterion.condition}
                </when>
                <when test="criterion.singleValue">
                  and ${criterion.condition} #{criterion.value}
                </when>
                <when test="criterion.betweenValue">
                  and ${criterion.condition} #{criterion.value} and #{criterion.secondValue}
                </when>
                <when test="criterion.listValue">
                  and ${criterion.condition}
                  <foreach close=")" collection="criterion.value" item="listItem" open="(" separator=",">
                    #{listItem}
                  </foreach>
                </when>
              </choose>
            </foreach>
          </trim>
        </if>
      </foreach>
    </where>
  </sql>
  <sql id="Update_By_Example_Where_Clause">
    <where>
      <foreach collection="example.oredCriteria" item="criteria" separator="or">
        <if test="criteria.valid">
          <trim prefix="(" prefixOverrides="and" suffix=")">
            <foreach collection="criteria.criteria" item="criterion">
              <choose>
                <when test="criterion.noValue">
                  and ${criterion.condition}
                </when>
                <when test="criterion.singleValue">
                  and ${criterion.condition} #{criterion.value}
                </when>
                <when test="criterion.betweenValue">
                  and ${criterion.condition} #{criterion.value} and #{criterion.secondValue}
                </when>
                <when test="criterion.listValue">
                  and ${criterion.condition}
                  <foreach close=")" collection="criterion.value" item="listItem" open="(" separator=",">
                    #{listItem}
                  </foreach>
                </when>
              </choose>
            </foreach>
          </trim>
        </if>
      </foreach>
    </where>
  </sql>
  <sql id="Base_Column_List">
    deptId, deptName, companyId
  </sql>
  <select id="selectByExample" parameterType="com.cpms.pojo.CpmsDeptExample" resultMap="BaseResultMap">
    select
    <if test="distinct">
      distinct
    </if>
    <include refid="Base_Column_List" />
    from cpms_dept
    <if test="_parameter != null">
      <include refid="Example_Where_Clause" />
    </if>
    <if test="orderByClause != null">
      order by ${orderByClause}
    </if>
  </select>
  <select id="selectByPrimaryKey" parameterType="Integer" resultMap="BaseResultMap">
    select 
    <include refid="Base_Column_List" />
    from cpms_dept
    where deptId = #{deptid,jdbcType=INTEGER}
  </select>
  <delete id="deleteByPrimaryKey" parameterType="Integer">
    delete from cpms_dept
    where deptId = #{deptid,jdbcType=INTEGER}
  </delete>
  <delete id="deleteByExample" parameterType="com.cpms.pojo.CpmsDeptExample">
    delete from cpms_dept
    <if test="_parameter != null">
      <include refid="Example_Where_Clause" />
    </if>
  </delete>
  <insert id="insert" parameterType="com.cpms.pojo.CpmsDept">
    insert into cpms_dept (deptId, deptName, companyId
      )
    values (#{deptid,jdbcType=INTEGER}, #{deptname,jdbcType=VARCHAR}, #{companyid,jdbcType=INTEGER}
      )
  </insert>
  <insert id="insertSelective" parameterType="com.cpms.pojo.CpmsDept">
    insert into cpms_dept
    <trim prefix="(" suffix=")" suffixOverrides=",">
      <if test="deptid != null">
        deptId,
      </if>
      <if test="deptname != null">
        deptName,
      </if>
      <if test="companyid != null">
        companyId,
      </if>
    </trim>
    <trim prefix="values (" suffix=")" suffixOverrides=",">
      <if test="deptid != null">
        #{deptid,jdbcType=INTEGER},
      </if>
      <if test="deptname != null">
        #{deptname,jdbcType=VARCHAR},
      </if>
      <if test="companyid != null">
        #{companyid,jdbcType=INTEGER},
      </if>
    </trim>
  </insert>
  <select id="countByExample" parameterType="com.cpms.pojo.CpmsDeptExample" resultType="java.lang.Integer">
    select count(*) from cpms_dept
    <if test="_parameter != null">
      <include refid="Example_Where_Clause" />
    </if>
  </select>
  <update id="updateByExampleSelective" parameterType="map">
    update cpms_dept
    <set>
      <if test="record.deptid != null">
        deptId = #{record.deptid,jdbcType=INTEGER},
      </if>
      <if test="record.deptname != null">
        deptName = #{record.deptname,jdbcType=VARCHAR},
      </if>
      <if test="record.companyid != null">
        companyId = #{record.companyid,jdbcType=INTEGER},
      </if>
    </set>
    <if test="_parameter != null">
      <include refid="Update_By_Example_Where_Clause" />
    </if>
  </update>
  <update id="updateByExample" parameterType="map">
    update cpms_dept
    set deptId = #{record.deptid,jdbcType=INTEGER},
      deptName = #{record.deptname,jdbcType=VARCHAR},
      companyId = #{record.companyid,jdbcType=INTEGER}
    <if test="_parameter != null">
      <include refid="Update_By_Example_Where_Clause" />
    </if>
  </update>
  <update id="updateByPrimaryKeySelective" parameterType="com.cpms.pojo.CpmsDept">
    update cpms_dept
    <set>
      <if test="deptname != null">
        deptName = #{deptname,jdbcType=VARCHAR},
      </if>
      <if test="companyid != null">
        companyId = #{companyid,jdbcType=INTEGER},
      </if>
    </set>
    where deptId = #{deptid,jdbcType=INTEGER}
  </update>
  <update id="updateByPrimaryKey" parameterType="com.cpms.pojo.CpmsDept">
    update cpms_dept
    set deptName = #{deptname,jdbcType=VARCHAR},
      companyId = #{companyid,jdbcType=INTEGER}
    where deptId = #{deptid,jdbcType=INTEGER}
  </update> -->
</mapper>