<?xml version="1.0" encoding="UTF-8"?>
<!DOCTYPE mapper PUBLIC "-//mybatis.org//DTD Mapper 3.0//EN" "http://mybatis.org/dtd/mybatis-3-mapper.dtd">
<mapper namespace="com.cpms.mapper.CpmsDiaryDetailMapper">
  <resultMap id="BaseResultMap" type="com.cpms.pojo.CpmsDiaryDetail">
    <id column="diaryDetailId" jdbcType="INTEGER" property="diarydetailid" />
    <result column="diaryId" jdbcType="VARCHAR" property="diaryid" />
    <result column="detailTeam" jdbcType="VARCHAR" property="detailteam" />
    <result column="detailWorkerNum" jdbcType="SMALLINT" property="detailworkernum" />
    <result column="detailContent" jdbcType="VARCHAR" property="detailcontent" />
    <result column="detailRemark" jdbcType="VARCHAR" property="detailremark" />
    <result column="detailProgress" jdbcType="VARCHAR" property="detailprogress" />
    <result column="detailMainWork" jdbcType="VARCHAR" property="detailmainwork" />
    <result column="detailOther" jdbcType="VARCHAR" property="detailother" />
  </resultMap>
  <sql id="Example_Where_Clause">
    <where>
      <foreach collection="oredCriteria" item="criteria" separator="or">
        <if test="criteria.valid">
          <trim prefix="(" prefixOverrides="and" suffix=")">
            <foreach collection="criteria.criteria" item="criterion">
              <choose>
                <when test="criterion.noValue">
                  and ${criterion.condition}
                </when>
                <when test="criterion.singleValue">
                  and ${criterion.condition} #{criterion.value}
                </when>
                <when test="criterion.betweenValue">
                  and ${criterion.condition} #{criterion.value} and #{criterion.secondValue}
                </when>
                <when test="criterion.listValue">
                  and ${criterion.condition}
                  <foreach close=")" collection="criterion.value" item="listItem" open="(" separator=",">
                    #{listItem}
                  </foreach>
                </when>
              </choose>
            </foreach>
          </trim>
        </if>
      </foreach>
    </where>
  </sql>
  <sql id="Update_By_Example_Where_Clause">
    <where>
      <foreach collection="example.oredCriteria" item="criteria" separator="or">
        <if test="criteria.valid">
          <trim prefix="(" prefixOverrides="and" suffix=")">
            <foreach collection="criteria.criteria" item="criterion">
              <choose>
                <when test="criterion.noValue">
                  and ${criterion.condition}
                </when>
                <when test="criterion.singleValue">
                  and ${criterion.condition} #{criterion.value}
                </when>
                <when test="criterion.betweenValue">
                  and ${criterion.condition} #{criterion.value} and #{criterion.secondValue}
                </when>
                <when test="criterion.listValue">
                  and ${criterion.condition}
                  <foreach close=")" collection="criterion.value" item="listItem" open="(" separator=",">
                    #{listItem}
                  </foreach>
                </when>
              </choose>
            </foreach>
          </trim>
        </if>
      </foreach>
    </where>
  </sql>
  <sql id="Base_Column_List">
    diaryDetailId, diaryId, detailTeam, detailWorkerNum, detailContent, detailRemark, 
    detailProgress, detailMainWork, detailOther
  </sql>
  <select id="selectByExample" parameterType="com.cpms.pojo.CpmsDiaryDetailExample" resultMap="BaseResultMap">
    select
    <if test="distinct">
      distinct
    </if>
    <include refid="Base_Column_List" />
    from cpms_diary_detail
    <if test="_parameter != null">
      <include refid="Example_Where_Clause" />
    </if>
    <if test="orderByClause != null">
      order by ${orderByClause}
    </if>
  </select>
  <select id="selectByPrimaryKey" parameterType="java.lang.Integer" resultMap="BaseResultMap">
    select 
    <include refid="Base_Column_List" />
    from cpms_diary_detail
    where diaryDetailId = #{diarydetailid,jdbcType=INTEGER}
  </select>
  <delete id="deleteByPrimaryKey" parameterType="java.lang.Integer">
    delete from cpms_diary_detail
    where diaryDetailId = #{diarydetailid,jdbcType=INTEGER}
  </delete>
  <delete id="deleteByExample" parameterType="com.cpms.pojo.CpmsDiaryDetailExample">
    delete from cpms_diary_detail
    <if test="_parameter != null">
      <include refid="Example_Where_Clause" />
    </if>
  </delete>
  <insert id="insert" parameterType="com.cpms.pojo.CpmsDiaryDetail">
    insert into cpms_diary_detail (diaryDetailId, diaryId, detailTeam, 
      detailWorkerNum, detailContent, detailRemark, 
      detailProgress, detailMainWork, detailOther
      )
    values (#{diarydetailid,jdbcType=INTEGER}, #{diaryid,jdbcType=VARCHAR}, #{detailteam,jdbcType=VARCHAR}, 
      #{detailworkernum,jdbcType=SMALLINT}, #{detailcontent,jdbcType=VARCHAR}, #{detailremark,jdbcType=VARCHAR}, 
      #{detailprogress,jdbcType=VARCHAR}, #{detailmainwork,jdbcType=VARCHAR}, #{detailother,jdbcType=VARCHAR}
      )
  </insert>
  <insert id="insertSelective" parameterType="com.cpms.pojo.CpmsDiaryDetail">
    insert into cpms_diary_detail
    <trim prefix="(" suffix=")" suffixOverrides=",">
      <if test="diarydetailid != null">
        diaryDetailId,
      </if>
      <if test="diaryid != null">
        diaryId,
      </if>
      <if test="detailteam != null">
        detailTeam,
      </if>
      <if test="detailworkernum != null">
        detailWorkerNum,
      </if>
      <if test="detailcontent != null">
        detailContent,
      </if>
      <if test="detailremark != null">
        detailRemark,
      </if>
      <if test="detailprogress != null">
        detailProgress,
      </if>
      <if test="detailmainwork != null">
        detailMainWork,
      </if>
      <if test="detailother != null">
        detailOther,
      </if>
    </trim>
    <trim prefix="values (" suffix=")" suffixOverrides=",">
      <if test="diarydetailid != null">
        #{diarydetailid,jdbcType=INTEGER},
      </if>
      <if test="diaryid != null">
        #{diaryid,jdbcType=VARCHAR},
      </if>
      <if test="detailteam != null">
        #{detailteam,jdbcType=VARCHAR},
      </if>
      <if test="detailworkernum != null">
        #{detailworkernum,jdbcType=SMALLINT},
      </if>
      <if test="detailcontent != null">
        #{detailcontent,jdbcType=VARCHAR},
      </if>
      <if test="detailremark != null">
        #{detailremark,jdbcType=VARCHAR},
      </if>
      <if test="detailprogress != null">
        #{detailprogress,jdbcType=VARCHAR},
      </if>
      <if test="detailmainwork != null">
        #{detailmainwork,jdbcType=VARCHAR},
      </if>
      <if test="detailother != null">
        #{detailother,jdbcType=VARCHAR},
      </if>
    </trim>
  </insert>
  <select id="countByExample" parameterType="com.cpms.pojo.CpmsDiaryDetailExample" resultType="java.lang.Integer">
    select count(*) from cpms_diary_detail
    <if test="_parameter != null">
      <include refid="Example_Where_Clause" />
    </if>
  </select>
  <update id="updateByExampleSelective" parameterType="map">
    update cpms_diary_detail
    <set>
      <if test="record.diarydetailid != null">
        diaryDetailId = #{record.diarydetailid,jdbcType=INTEGER},
      </if>
      <if test="record.diaryid != null">
        diaryId = #{record.diaryid,jdbcType=VARCHAR},
      </if>
      <if test="record.detailteam != null">
        detailTeam = #{record.detailteam,jdbcType=VARCHAR},
      </if>
      <if test="record.detailworkernum != null">
        detailWorkerNum = #{record.detailworkernum,jdbcType=SMALLINT},
      </if>
      <if test="record.detailcontent != null">
        detailContent = #{record.detailcontent,jdbcType=VARCHAR},
      </if>
      <if test="record.detailremark != null">
        detailRemark = #{record.detailremark,jdbcType=VARCHAR},
      </if>
      <if test="record.detailprogress != null">
        detailProgress = #{record.detailprogress,jdbcType=VARCHAR},
      </if>
      <if test="record.detailmainwork != null">
        detailMainWork = #{record.detailmainwork,jdbcType=VARCHAR},
      </if>
      <if test="record.detailother != null">
        detailOther = #{record.detailother,jdbcType=VARCHAR},
      </if>
    </set>
    <if test="_parameter != null">
      <include refid="Update_By_Example_Where_Clause" />
    </if>
  </update>
  <update id="updateByExample" parameterType="map">
    update cpms_diary_detail
    set diaryDetailId = #{record.diarydetailid,jdbcType=INTEGER},
      diaryId = #{record.diaryid,jdbcType=VARCHAR},
      detailTeam = #{record.detailteam,jdbcType=VARCHAR},
      detailWorkerNum = #{record.detailworkernum,jdbcType=SMALLINT},
      detailContent = #{record.detailcontent,jdbcType=VARCHAR},
      detailRemark = #{record.detailremark,jdbcType=VARCHAR},
      detailProgress = #{record.detailprogress,jdbcType=VARCHAR},
      detailMainWork = #{record.detailmainwork,jdbcType=VARCHAR},
      detailOther = #{record.detailother,jdbcType=VARCHAR}
    <if test="_parameter != null">
      <include refid="Update_By_Example_Where_Clause" />
    </if>
  </update>
  <update id="updateByPrimaryKeySelective" parameterType="com.cpms.pojo.CpmsDiaryDetail">
    update cpms_diary_detail
    <set>
      <if test="diaryid != null">
        diaryId = #{diaryid,jdbcType=VARCHAR},
      </if>
      <if test="detailteam != null">
        detailTeam = #{detailteam,jdbcType=VARCHAR},
      </if>
      <if test="detailworkernum != null">
        detailWorkerNum = #{detailworkernum,jdbcType=SMALLINT},
      </if>
      <if test="detailcontent != null">
        detailContent = #{detailcontent,jdbcType=VARCHAR},
      </if>
      <if test="detailremark != null">
        detailRemark = #{detailremark,jdbcType=VARCHAR},
      </if>
      <if test="detailprogress != null">
        detailProgress = #{detailprogress,jdbcType=VARCHAR},
      </if>
      <if test="detailmainwork != null">
        detailMainWork = #{detailmainwork,jdbcType=VARCHAR},
      </if>
      <if test="detailother != null">
        detailOther = #{detailother,jdbcType=VARCHAR},
      </if>
    </set>
    where diaryDetailId = #{diarydetailid,jdbcType=INTEGER}
  </update>
  <update id="updateByPrimaryKey" parameterType="com.cpms.pojo.CpmsDiaryDetail">
    update cpms_diary_detail
    set diaryId = #{diaryid,jdbcType=VARCHAR},
      detailTeam = #{detailteam,jdbcType=VARCHAR},
      detailWorkerNum = #{detailworkernum,jdbcType=SMALLINT},
      detailContent = #{detailcontent,jdbcType=VARCHAR},
      detailRemark = #{detailremark,jdbcType=VARCHAR},
      detailProgress = #{detailprogress,jdbcType=VARCHAR},
      detailMainWork = #{detailmainwork,jdbcType=VARCHAR},
      detailOther = #{detailother,jdbcType=VARCHAR}
    where diaryDetailId = #{diarydetailid,jdbcType=INTEGER}
  </update>
 <!--  <resultMap id="BaseResultMap1" type="com.cpms.pojo.CpmsDiaryDetail">
    <id column="diaryDetailId" jdbcType="INTEGER" property="diarydetailid" />
    <result column="diaryId" jdbcType="VARCHAR" property="diaryid" />
    <result column="detailTeam" jdbcType="VARCHAR" property="detailteam" />
    <result column="detailWorkerNum" jdbcType="INTEGER" property="detailworkernum" />
    <result column="detailContent" jdbcType="VARCHAR" property="detailcontent" />
    <result column="detailRemark" jdbcType="VARCHAR" property="detailremark" />
    <result column="detailProgress" jdbcType="VARCHAR" property="detailprogress" />
    <result column="detailMainWork" jdbcType="VARCHAR" property="detailmainwork" />
    <result column="detailOther" jdbcType="VARCHAR" property="detailother" />
  </resultMap>
  <sql id="Example_Where_Clause">
    <where>
      <foreach collection="oredCriteria" item="criteria" separator="or">
        <if test="criteria.valid">
          <trim prefix="(" prefixOverrides="and" suffix=")">
            <foreach collection="criteria.criteria" item="criterion">
              <choose>
                <when test="criterion.noValue">
                  and ${criterion.condition}
                </when>
                <when test="criterion.singleValue">
                  and ${criterion.condition} #{criterion.value}
                </when>
                <when test="criterion.betweenValue">
                  and ${criterion.condition} #{criterion.value} and #{criterion.secondValue}
                </when>
                <when test="criterion.listValue">
                  and ${criterion.condition}
                  <foreach close=")" collection="criterion.value" item="listItem" open="(" separator=",">
                    #{listItem}
                  </foreach>
                </when>
              </choose>
            </foreach>
          </trim>
        </if>
      </foreach>
    </where>
  </sql>
  <sql id="Update_By_Example_Where_Clause">
    <where>
      <foreach collection="example.oredCriteria" item="criteria" separator="or">
        <if test="criteria.valid">
          <trim prefix="(" prefixOverrides="and" suffix=")">
            <foreach collection="criteria.criteria" item="criterion">
              <choose>
                <when test="criterion.noValue">
                  and ${criterion.condition}
                </when>
                <when test="criterion.singleValue">
                  and ${criterion.condition} #{criterion.value}
                </when>
                <when test="criterion.betweenValue">
                  and ${criterion.condition} #{criterion.value} and #{criterion.secondValue}
                </when>
                <when test="criterion.listValue">
                  and ${criterion.condition}
                  <foreach close=")" collection="criterion.value" item="listItem" open="(" separator=",">
                    #{listItem}
                  </foreach>
                </when>
              </choose>
            </foreach>
          </trim>
        </if>
      </foreach>
    </where>
  </sql>
  <sql id="Base_Column_List">
    diaryDetailId, diaryId, detailTeam, detailWorkerNum, detailContent, detailRemark, 
    detailProgress, detailMainWork, detailOther
  </sql>
  <select id="selectByExample" parameterType="com.cpms.pojo.CpmsDiaryDetailExample" resultMap="BaseResultMap">
    select
    <if test="distinct">
      distinct
    </if>
    <include refid="Base_Column_List" />
    from cpms_diary_detail
    <if test="_parameter != null">
      <include refid="Example_Where_Clause" />
    </if>
    <if test="orderByClause != null">
      order by ${orderByClause}
    </if>
  </select>
  <select id="selectByPrimaryKey" parameterType="java.lang.Integer" resultMap="BaseResultMap">
    select 
    <include refid="Base_Column_List" />
    from cpms_diary_detail
    where diaryDetailId = #{diarydetailid,jdbcType=INTEGER}
  </select>
  <delete id="deleteByPrimaryKey" parameterType="java.lang.Integer">
    delete from cpms_diary_detail
    where diaryDetailId = #{diarydetailid,jdbcType=INTEGER}
  </delete>
  <delete id="deleteByExample" parameterType="com.cpms.pojo.CpmsDiaryDetailExample">
    delete from cpms_diary_detail
    <if test="_parameter != null">
      <include refid="Example_Where_Clause" />
    </if>
  </delete>
  <insert id="insert" parameterType="com.cpms.pojo.CpmsDiaryDetail">
    insert into cpms_diary_detail (diaryDetailId, diaryId, detailTeam, 
      detailWorkerNum, detailContent, detailRemark, 
      detailProgress, detailMainWork, detailOther
      )
    values (#{diarydetailid,jdbcType=INTEGER}, #{diaryid,jdbcType=VARCHAR}, #{detailteam,jdbcType=VARCHAR}, 
      #{detailworkernum,jdbcType=INTEGER}, #{detailcontent,jdbcType=VARCHAR}, #{detailremark,jdbcType=VARCHAR}, 
      #{detailprogress,jdbcType=VARCHAR}, #{detailmainwork,jdbcType=VARCHAR}, #{detailother,jdbcType=VARCHAR}
      )
  </insert>
  <insert id="insertSelective" parameterType="com.cpms.pojo.CpmsDiaryDetail">
    insert into cpms_diary_detail
    <trim prefix="(" suffix=")" suffixOverrides=",">
      <if test="diarydetailid != null">
        diaryDetailId,
      </if>
      <if test="diaryid != null">
        diaryId,
      </if>
      <if test="detailteam != null">
        detailTeam,
      </if>
      <if test="detailworkernum != null">
        detailWorkerNum,
      </if>
      <if test="detailcontent != null">
        detailContent,
      </if>
      <if test="detailremark != null">
        detailRemark,
      </if>
      <if test="detailprogress != null">
        detailProgress,
      </if>
      <if test="detailmainwork != null">
        detailMainWork,
      </if>
      <if test="detailother != null">
        detailOther,
      </if>
    </trim>
    <trim prefix="values (" suffix=")" suffixOverrides=",">
      <if test="diarydetailid != null">
        #{diarydetailid,jdbcType=INTEGER},
      </if>
      <if test="diaryid != null">
        #{diaryid,jdbcType=VARCHAR},
      </if>
      <if test="detailteam != null">
        #{detailteam,jdbcType=VARCHAR},
      </if>
      <if test="detailworkernum != null">
        #{detailworkernum,jdbcType=INTEGER},
      </if>
      <if test="detailcontent != null">
        #{detailcontent,jdbcType=VARCHAR},
      </if>
      <if test="detailremark != null">
        #{detailremark,jdbcType=VARCHAR},
      </if>
      <if test="detailprogress != null">
        #{detailprogress,jdbcType=VARCHAR},
      </if>
      <if test="detailmainwork != null">
        #{detailmainwork,jdbcType=VARCHAR},
      </if>
      <if test="detailother != null">
        #{detailother,jdbcType=VARCHAR},
      </if>
    </trim>
  </insert>
  <select id="countByExample" parameterType="com.cpms.pojo.CpmsDiaryDetailExample" resultType="java.lang.Integer">
    select count(*) from cpms_diary_detail
    <if test="_parameter != null">
      <include refid="Example_Where_Clause" />
    </if>
  </select>
  <update id="updateByExampleSelective" parameterType="map">
    update cpms_diary_detail
    <set>
      <if test="record.diarydetailid != null">
        diaryDetailId = #{record.diarydetailid,jdbcType=INTEGER},
      </if>
      <if test="record.diaryid != null">
        diaryId = #{record.diaryid,jdbcType=VARCHAR},
      </if>
      <if test="record.detailteam != null">
        detailTeam = #{record.detailteam,jdbcType=VARCHAR},
      </if>
      <if test="record.detailworkernum != null">
        detailWorkerNum = #{record.detailworkernum,jdbcType=INTEGER},
      </if>
      <if test="record.detailcontent != null">
        detailContent = #{record.detailcontent,jdbcType=VARCHAR},
      </if>
      <if test="record.detailremark != null">
        detailRemark = #{record.detailremark,jdbcType=VARCHAR},
      </if>
      <if test="record.detailprogress != null">
        detailProgress = #{record.detailprogress,jdbcType=VARCHAR},
      </if>
      <if test="record.detailmainwork != null">
        detailMainWork = #{record.detailmainwork,jdbcType=VARCHAR},
      </if>
      <if test="record.detailother != null">
        detailOther = #{record.detailother,jdbcType=VARCHAR},
      </if>
    </set>
    <if test="_parameter != null">
      <include refid="Update_By_Example_Where_Clause" />
    </if>
  </update>
  <update id="updateByExample" parameterType="map">
    update cpms_diary_detail
    set diaryDetailId = #{record.diarydetailid,jdbcType=INTEGER},
      diaryId = #{record.diaryid,jdbcType=VARCHAR},
      detailTeam = #{record.detailteam,jdbcType=VARCHAR},
      detailWorkerNum = #{record.detailworkernum,jdbcType=INTEGER},
      detailContent = #{record.detailcontent,jdbcType=VARCHAR},
      detailRemark = #{record.detailremark,jdbcType=VARCHAR},
      detailProgress = #{record.detailprogress,jdbcType=VARCHAR},
      detailMainWork = #{record.detailmainwork,jdbcType=VARCHAR},
      detailOther = #{record.detailother,jdbcType=VARCHAR}
    <if test="_parameter != null">
      <include refid="Update_By_Example_Where_Clause" />
    </if>
  </update>
  <update id="updateByPrimaryKeySelective" parameterType="com.cpms.pojo.CpmsDiaryDetail">
    update cpms_diary_detail
    <set>
      <if test="diaryid != null">
        diaryId = #{diaryid,jdbcType=VARCHAR},
      </if>
      <if test="detailteam != null">
        detailTeam = #{detailteam,jdbcType=VARCHAR},
      </if>
      <if test="detailworkernum != null">
        detailWorkerNum = #{detailworkernum,jdbcType=INTEGER},
      </if>
      <if test="detailcontent != null">
        detailContent = #{detailcontent,jdbcType=VARCHAR},
      </if>
      <if test="detailremark != null">
        detailRemark = #{detailremark,jdbcType=VARCHAR},
      </if>
      <if test="detailprogress != null">
        detailProgress = #{detailprogress,jdbcType=VARCHAR},
      </if>
      <if test="detailmainwork != null">
        detailMainWork = #{detailmainwork,jdbcType=VARCHAR},
      </if>
      <if test="detailother != null">
        detailOther = #{detailother,jdbcType=VARCHAR},
      </if>
    </set>
    where diaryDetailId = #{diarydetailid,jdbcType=INTEGER}
  </update>
  <update id="updateByPrimaryKey" parameterType="com.cpms.pojo.CpmsDiaryDetail">
    update cpms_diary_detail
    set diaryId = #{diaryid,jdbcType=VARCHAR},
      detailTeam = #{detailteam,jdbcType=VARCHAR},
      detailWorkerNum = #{detailworkernum,jdbcType=INTEGER},
      detailContent = #{detailcontent,jdbcType=VARCHAR},
      detailRemark = #{detailremark,jdbcType=VARCHAR},
      detailProgress = #{detailprogress,jdbcType=VARCHAR},
      detailMainWork = #{detailmainwork,jdbcType=VARCHAR},
      detailOther = #{detailother,jdbcType=VARCHAR}
    where diaryDetailId = #{diarydetailid,jdbcType=INTEGER}
  </update> -->
</mapper>