<?xml version="1.0" encoding="UTF-8"?>
<!DOCTYPE mapper PUBLIC "-//mybatis.org//DTD Mapper 3.0//EN" "http://mybatis.org/dtd/mybatis-3-mapper.dtd">
<mapper namespace="com.cpms.mapper.CpmsCostMapper">
  <resultMap id="BaseResultMap" type="com.cpms.pojo.CpmsCost">
    <id column="costId" jdbcType="VARCHAR" property="costid" />
    <result column="projectId" jdbcType="VARCHAR" property="projectid" />
    <result column="costEditorId" jdbcType="VARCHAR" property="costeditorid" />
    <result column="costApproversId" jdbcType="VARCHAR" property="costapproversid" />
    <result column="costName" jdbcType="VARCHAR" property="costname" />
    <result column="costDate" jdbcType="DATE" property="costdate" />
    <result column="costDept" jdbcType="VARCHAR" property="costdept" />
    <result column="costAttachment" jdbcType="VARCHAR" property="costattachment" />
    <result column="attachmentType" jdbcType="VARCHAR" property="attachmenttype" />
    <result column="costRemark" jdbcType="VARCHAR" property="costremark" />
    <result column="costSum" jdbcType="DOUBLE" property="costsum" />
    <result column="costStatus" jdbcType="BIT" property="coststatus" />
    <result column="approveDate" jdbcType="TIMESTAMP" property="approvedate" />
    <result column="costComment" jdbcType="VARCHAR" property="costcomment" />
  </resultMap>
  <sql id="Example_Where_Clause">
    <where>
      <foreach collection="oredCriteria" item="criteria" separator="or">
        <if test="criteria.valid">
          <trim prefix="(" prefixOverrides="and" suffix=")">
            <foreach collection="criteria.criteria" item="criterion">
              <choose>
                <when test="criterion.noValue">
                  and ${criterion.condition}
                </when>
                <when test="criterion.singleValue">
                  and ${criterion.condition} #{criterion.value}
                </when>
                <when test="criterion.betweenValue">
                  and ${criterion.condition} #{criterion.value} and #{criterion.secondValue}
                </when>
                <when test="criterion.listValue">
                  and ${criterion.condition}
                  <foreach close=")" collection="criterion.value" item="listItem" open="(" separator=",">
                    #{listItem}
                  </foreach>
                </when>
              </choose>
            </foreach>
          </trim>
        </if>
      </foreach>
    </where>
  </sql>
  <sql id="Update_By_Example_Where_Clause">
    <where>
      <foreach collection="example.oredCriteria" item="criteria" separator="or">
        <if test="criteria.valid">
          <trim prefix="(" prefixOverrides="and" suffix=")">
            <foreach collection="criteria.criteria" item="criterion">
              <choose>
                <when test="criterion.noValue">
                  and ${criterion.condition}
                </when>
                <when test="criterion.singleValue">
                  and ${criterion.condition} #{criterion.value}
                </when>
                <when test="criterion.betweenValue">
                  and ${criterion.condition} #{criterion.value} and #{criterion.secondValue}
                </when>
                <when test="criterion.listValue">
                  and ${criterion.condition}
                  <foreach close=")" collection="criterion.value" item="listItem" open="(" separator=",">
                    #{listItem}
                  </foreach>
                </when>
              </choose>
            </foreach>
          </trim>
        </if>
      </foreach>
    </where>
  </sql>
  <sql id="Base_Column_List">
    costId, projectId, costEditorId, costApproversId, costName, costDate, costDept, costAttachment, 
    attachmentType, costRemark, costSum, costStatus, approveDate, costComment
  </sql>
  <select id="selectByExample" parameterType="com.cpms.pojo.CpmsCostExample" resultMap="BaseResultMap">
    select
    <if test="distinct">
      distinct
    </if>
    <include refid="Base_Column_List" />
    from cpms_cost
    <if test="_parameter != null">
      <include refid="Example_Where_Clause" />
    </if>
    <if test="orderByClause != null">
      order by ${orderByClause}
    </if>
  </select>
  <select id="selectByPrimaryKey" parameterType="java.lang.String" resultMap="BaseResultMap">
    select 
    <include refid="Base_Column_List" />
    from cpms_cost
    where costId = #{costid,jdbcType=VARCHAR}
  </select>
  <delete id="deleteByPrimaryKey" parameterType="java.lang.String">
    delete from cpms_cost
    where costId = #{costid,jdbcType=VARCHAR}
  </delete>
  <delete id="deleteByExample" parameterType="com.cpms.pojo.CpmsCostExample">
    delete from cpms_cost
    <if test="_parameter != null">
      <include refid="Example_Where_Clause" />
    </if>
  </delete>
  <insert id="insert" parameterType="com.cpms.pojo.CpmsCost">
    insert into cpms_cost (costId, projectId, costEditorId, 
      costApproversId, costName, costDate, 
      costDept, costAttachment, attachmentType, 
      costRemark, costSum, costStatus, 
      approveDate, costComment)
    values (#{costid,jdbcType=VARCHAR}, #{projectid,jdbcType=VARCHAR}, #{costeditorid,jdbcType=VARCHAR}, 
      #{costapproversid,jdbcType=VARCHAR}, #{costname,jdbcType=VARCHAR}, #{costdate,jdbcType=DATE}, 
      #{costdept,jdbcType=VARCHAR}, #{costattachment,jdbcType=VARCHAR}, #{attachmenttype,jdbcType=VARCHAR}, 
      #{costremark,jdbcType=VARCHAR}, #{costsum,jdbcType=DOUBLE}, #{coststatus,jdbcType=BIT}, 
      #{approvedate,jdbcType=TIMESTAMP}, #{costcomment,jdbcType=VARCHAR})
  </insert>
  <insert id="insertSelective" parameterType="com.cpms.pojo.CpmsCost">
    insert into cpms_cost
    <trim prefix="(" suffix=")" suffixOverrides=",">
      <if test="costid != null">
        costId,
      </if>
      <if test="projectid != null">
        projectId,
      </if>
      <if test="costeditorid != null">
        costEditorId,
      </if>
      <if test="costapproversid != null">
        costApproversId,
      </if>
      <if test="costname != null">
        costName,
      </if>
      <if test="costdate != null">
        costDate,
      </if>
      <if test="costdept != null">
        costDept,
      </if>
      <if test="costattachment != null">
        costAttachment,
      </if>
      <if test="attachmenttype != null">
        attachmentType,
      </if>
      <if test="costremark != null">
        costRemark,
      </if>
      <if test="costsum != null">
        costSum,
      </if>
      <if test="coststatus != null">
        costStatus,
      </if>
      <if test="approvedate != null">
        approveDate,
      </if>
      <if test="costcomment != null">
        costComment,
      </if>
    </trim>
    <trim prefix="values (" suffix=")" suffixOverrides=",">
      <if test="costid != null">
        #{costid,jdbcType=VARCHAR},
      </if>
      <if test="projectid != null">
        #{projectid,jdbcType=VARCHAR},
      </if>
      <if test="costeditorid != null">
        #{costeditorid,jdbcType=VARCHAR},
      </if>
      <if test="costapproversid != null">
        #{costapproversid,jdbcType=VARCHAR},
      </if>
      <if test="costname != null">
        #{costname,jdbcType=VARCHAR},
      </if>
      <if test="costdate != null">
        #{costdate,jdbcType=DATE},
      </if>
      <if test="costdept != null">
        #{costdept,jdbcType=VARCHAR},
      </if>
      <if test="costattachment != null">
        #{costattachment,jdbcType=VARCHAR},
      </if>
      <if test="attachmenttype != null">
        #{attachmenttype,jdbcType=VARCHAR},
      </if>
      <if test="costremark != null">
        #{costremark,jdbcType=VARCHAR},
      </if>
      <if test="costsum != null">
        #{costsum,jdbcType=DOUBLE},
      </if>
      <if test="coststatus != null">
        #{coststatus,jdbcType=BIT},
      </if>
      <if test="approvedate != null">
        #{approvedate,jdbcType=TIMESTAMP},
      </if>
      <if test="costcomment != null">
        #{costcomment,jdbcType=VARCHAR},
      </if>
    </trim>
  </insert>
  <select id="countByExample" parameterType="com.cpms.pojo.CpmsCostExample" resultType="java.lang.Integer">
    select count(*) from cpms_cost
    <if test="_parameter != null">
      <include refid="Example_Where_Clause" />
    </if>
  </select>
  <update id="updateByExampleSelective" parameterType="map">
    update cpms_cost
    <set>
      <if test="record.costid != null">
        costId = #{record.costid,jdbcType=VARCHAR},
      </if>
      <if test="record.projectid != null">
        projectId = #{record.projectid,jdbcType=VARCHAR},
      </if>
      <if test="record.costeditorid != null">
        costEditorId = #{record.costeditorid,jdbcType=VARCHAR},
      </if>
      <if test="record.costapproversid != null">
        costApproversId = #{record.costapproversid,jdbcType=VARCHAR},
      </if>
      <if test="record.costname != null">
        costName = #{record.costname,jdbcType=VARCHAR},
      </if>
      <if test="record.costdate != null">
        costDate = #{record.costdate,jdbcType=DATE},
      </if>
      <if test="record.costdept != null">
        costDept = #{record.costdept,jdbcType=VARCHAR},
      </if>
      <if test="record.costattachment != null">
        costAttachment = #{record.costattachment,jdbcType=VARCHAR},
      </if>
      <if test="record.attachmenttype != null">
        attachmentType = #{record.attachmenttype,jdbcType=VARCHAR},
      </if>
      <if test="record.costremark != null">
        costRemark = #{record.costremark,jdbcType=VARCHAR},
      </if>
      <if test="record.costsum != null">
        costSum = #{record.costsum,jdbcType=DOUBLE},
      </if>
      <if test="record.coststatus != null">
        costStatus = #{record.coststatus,jdbcType=BIT},
      </if>
      <if test="record.approvedate != null">
        approveDate = #{record.approvedate,jdbcType=TIMESTAMP},
      </if>
      <if test="record.costcomment != null">
        costComment = #{record.costcomment,jdbcType=VARCHAR},
      </if>
    </set>
    <if test="_parameter != null">
      <include refid="Update_By_Example_Where_Clause" />
    </if>
  </update>
  <update id="updateByExample" parameterType="map">
    update cpms_cost
    set costId = #{record.costid,jdbcType=VARCHAR},
      projectId = #{record.projectid,jdbcType=VARCHAR},
      costEditorId = #{record.costeditorid,jdbcType=VARCHAR},
      costApproversId = #{record.costapproversid,jdbcType=VARCHAR},
      costName = #{record.costname,jdbcType=VARCHAR},
      costDate = #{record.costdate,jdbcType=DATE},
      costDept = #{record.costdept,jdbcType=VARCHAR},
      costAttachment = #{record.costattachment,jdbcType=VARCHAR},
      attachmentType = #{record.attachmenttype,jdbcType=VARCHAR},
      costRemark = #{record.costremark,jdbcType=VARCHAR},
      costSum = #{record.costsum,jdbcType=DOUBLE},
      costStatus = #{record.coststatus,jdbcType=BIT},
      approveDate = #{record.approvedate,jdbcType=TIMESTAMP},
      costComment = #{record.costcomment,jdbcType=VARCHAR}
    <if test="_parameter != null">
      <include refid="Update_By_Example_Where_Clause" />
    </if>
  </update>
  <update id="updateByPrimaryKeySelective" parameterType="com.cpms.pojo.CpmsCost">
    update cpms_cost
    <set>
      <if test="projectid != null">
        projectId = #{projectid,jdbcType=VARCHAR},
      </if>
      <if test="costeditorid != null">
        costEditorId = #{costeditorid,jdbcType=VARCHAR},
      </if>
      <if test="costapproversid != null">
        costApproversId = #{costapproversid,jdbcType=VARCHAR},
      </if>
      <if test="costname != null">
        costName = #{costname,jdbcType=VARCHAR},
      </if>
      <if test="costdate != null">
        costDate = #{costdate,jdbcType=DATE},
      </if>
      <if test="costdept != null">
        costDept = #{costdept,jdbcType=VARCHAR},
      </if>
      <if test="costattachment != null">
        costAttachment = #{costattachment,jdbcType=VARCHAR},
      </if>
      <if test="attachmenttype != null">
        attachmentType = #{attachmenttype,jdbcType=VARCHAR},
      </if>
      <if test="costremark != null">
        costRemark = #{costremark,jdbcType=VARCHAR},
      </if>
      <if test="costsum != null">
        costSum = #{costsum,jdbcType=DOUBLE},
      </if>
      <if test="coststatus != null">
        costStatus = #{coststatus,jdbcType=BIT},
      </if>
      <if test="approvedate != null">
        approveDate = #{approvedate,jdbcType=TIMESTAMP},
      </if>
      <if test="costcomment != null">
        costComment = #{costcomment,jdbcType=VARCHAR},
      </if>
    </set>
    where costId = #{costid,jdbcType=VARCHAR}
  </update>
  <update id="updateByPrimaryKey" parameterType="com.cpms.pojo.CpmsCost">
    update cpms_cost
    set projectId = #{projectid,jdbcType=VARCHAR},
      costEditorId = #{costeditorid,jdbcType=VARCHAR},
      costApproversId = #{costapproversid,jdbcType=VARCHAR},
      costName = #{costname,jdbcType=VARCHAR},
      costDate = #{costdate,jdbcType=DATE},
      costDept = #{costdept,jdbcType=VARCHAR},
      costAttachment = #{costattachment,jdbcType=VARCHAR},
      attachmentType = #{attachmenttype,jdbcType=VARCHAR},
      costRemark = #{costremark,jdbcType=VARCHAR},
      costSum = #{costsum,jdbcType=DOUBLE},
      costStatus = #{coststatus,jdbcType=BIT},
      approveDate = #{approvedate,jdbcType=TIMESTAMP},
      costComment = #{costcomment,jdbcType=VARCHAR}
    where costId = #{costid,jdbcType=VARCHAR}
  </update>
 <!--  <resultMap id="BaseResultMap1" type="com.cpms.pojo.CpmsCost">
    <id column="costId" jdbcType="VARCHAR" property="costid" />
    <result column="projectId" jdbcType="VARCHAR" property="projectid" />
    <result column="costEditorId" jdbcType="VARCHAR" property="costeditorid" />
    <result column="costApproversId" jdbcType="VARCHAR" property="costapproversid" />
    <result column="costName" jdbcType="VARCHAR" property="costname" />
    <result column="costDate" jdbcType="DATE" property="costdate" />
    <result column="costDept" jdbcType="VARCHAR" property="costdept" />
    <result column="costAttachment" jdbcType="VARCHAR" property="costattachment" />
    <result column="attachmentType" jdbcType="VARCHAR" property="attachmenttype" />
    <result column="costRemark" jdbcType="VARCHAR" property="costremark" />
    <result column="costSum" jdbcType="DOUBLE" property="costsum" />
    <result column="costStatus" jdbcType="INTEGER" property="coststatus" />
    <result column="approveDate" jdbcType="TIMESTAMP" property="approvedate" />
    <result column="costComment" jdbcType="VARCHAR" property="costcomment" />
  </resultMap>
  <sql id="Example_Where_Clause">
    <where>
      <foreach collection="oredCriteria" item="criteria" separator="or">
        <if test="criteria.valid">
          <trim prefix="(" prefixOverrides="and" suffix=")">
            <foreach collection="criteria.criteria" item="criterion">
              <choose>
                <when test="criterion.noValue">
                  and ${criterion.condition}
                </when>
                <when test="criterion.singleValue">
                  and ${criterion.condition} #{criterion.value}
                </when>
                <when test="criterion.betweenValue">
                  and ${criterion.condition} #{criterion.value} and #{criterion.secondValue}
                </when>
                <when test="criterion.listValue">
                  and ${criterion.condition}
                  <foreach close=")" collection="criterion.value" item="listItem" open="(" separator=",">
                    #{listItem}
                  </foreach>
                </when>
              </choose>
            </foreach>
          </trim>
        </if>
      </foreach>
    </where>
  </sql>
  <sql id="Update_By_Example_Where_Clause">
    <where>
      <foreach collection="example.oredCriteria" item="criteria" separator="or">
        <if test="criteria.valid">
          <trim prefix="(" prefixOverrides="and" suffix=")">
            <foreach collection="criteria.criteria" item="criterion">
              <choose>
                <when test="criterion.noValue">
                  and ${criterion.condition}
                </when>
                <when test="criterion.singleValue">
                  and ${criterion.condition} #{criterion.value}
                </when>
                <when test="criterion.betweenValue">
                  and ${criterion.condition} #{criterion.value} and #{criterion.secondValue}
                </when>
                <when test="criterion.listValue">
                  and ${criterion.condition}
                  <foreach close=")" collection="criterion.value" item="listItem" open="(" separator=",">
                    #{listItem}
                  </foreach>
                </when>
              </choose>
            </foreach>
          </trim>
        </if>
      </foreach>
    </where>
  </sql>
  <sql id="Base_Column_List">
    costId, projectId, costEditorId, costApproversId, costName, costDate, costDept, costAttachment, 
    attachmentType, costRemark, costSum, costStatus, approveDate, costComment
  </sql>
  <select id="selectByExample" parameterType="com.cpms.pojo.CpmsCostExample" resultMap="BaseResultMap">
    select
    <if test="distinct">
      distinct
    </if>
    <include refid="Base_Column_List" />
    from cpms_cost
    <if test="_parameter != null">
      <include refid="Example_Where_Clause" />
    </if>
    <if test="orderByClause != null">
      order by ${orderByClause}
    </if>
  </select>
  <select id="selectByPrimaryKey" parameterType="java.lang.String" resultMap="BaseResultMap">
    select 
    <include refid="Base_Column_List" />
    from cpms_cost
    where costId = #{costid,jdbcType=VARCHAR}
  </select>
  <delete id="deleteByPrimaryKey" parameterType="java.lang.String">
    delete from cpms_cost
    where costId = #{costid,jdbcType=VARCHAR}
  </delete>
  <delete id="deleteByExample" parameterType="com.cpms.pojo.CpmsCostExample">
    delete from cpms_cost
    <if test="_parameter != null">
      <include refid="Example_Where_Clause" />
    </if>
  </delete>
  <insert id="insert" parameterType="com.cpms.pojo.CpmsCost">
    insert into cpms_cost (costId, projectId, costEditorId, 
      costApproversId, costName, costDate, 
      costDept, costAttachment, attachmentType, 
      costRemark, costSum, costStatus, 
      approveDate, costComment)
    values (#{costid,jdbcType=VARCHAR}, #{projectid,jdbcType=VARCHAR}, #{costeditorid,jdbcType=VARCHAR}, 
      #{costapproversid,jdbcType=VARCHAR}, #{costname,jdbcType=VARCHAR}, #{costdate,jdbcType=DATE}, 
      #{costdept,jdbcType=VARCHAR}, #{costattachment,jdbcType=VARCHAR}, #{attachmenttype,jdbcType=VARCHAR}, 
      #{costremark,jdbcType=VARCHAR}, #{costsum,jdbcType=DOUBLE}, #{coststatus,jdbcType=INTEGER}, 
      #{approvedate,jdbcType=TIMESTAMP}, #{costcomment,jdbcType=VARCHAR})
  </insert>
  <insert id="insertSelective" parameterType="com.cpms.pojo.CpmsCost">
    insert into cpms_cost
    <trim prefix="(" suffix=")" suffixOverrides=",">
      <if test="costid != null">
        costId,
      </if>
      <if test="projectid != null">
        projectId,
      </if>
      <if test="costeditorid != null">
        costEditorId,
      </if>
      <if test="costapproversid != null">
        costApproversId,
      </if>
      <if test="costname != null">
        costName,
      </if>
      <if test="costdate != null">
        costDate,
      </if>
      <if test="costdept != null">
        costDept,
      </if>
      <if test="costattachment != null">
        costAttachment,
      </if>
      <if test="attachmenttype != null">
        attachmentType,
      </if>
      <if test="costremark != null">
        costRemark,
      </if>
      <if test="costsum != null">
        costSum,
      </if>
      <if test="coststatus != null">
        costStatus,
      </if>
      <if test="approvedate != null">
        approveDate,
      </if>
      <if test="costcomment != null">
        costComment,
      </if>
    </trim>
    <trim prefix="values (" suffix=")" suffixOverrides=",">
      <if test="costid != null">
        #{costid,jdbcType=VARCHAR},
      </if>
      <if test="projectid != null">
        #{projectid,jdbcType=VARCHAR},
      </if>
      <if test="costeditorid != null">
        #{costeditorid,jdbcType=VARCHAR},
      </if>
      <if test="costapproversid != null">
        #{costapproversid,jdbcType=VARCHAR},
      </if>
      <if test="costname != null">
        #{costname,jdbcType=VARCHAR},
      </if>
      <if test="costdate != null">
        #{costdate,jdbcType=DATE},
      </if>
      <if test="costdept != null">
        #{costdept,jdbcType=VARCHAR},
      </if>
      <if test="costattachment != null">
        #{costattachment,jdbcType=VARCHAR},
      </if>
      <if test="attachmenttype != null">
        #{attachmenttype,jdbcType=VARCHAR},
      </if>
      <if test="costremark != null">
        #{costremark,jdbcType=VARCHAR},
      </if>
      <if test="costsum != null">
        #{costsum,jdbcType=DOUBLE},
      </if>
      <if test="coststatus != null">
        #{coststatus,jdbcType=INTEGER},
      </if>
      <if test="approvedate != null">
        #{approvedate,jdbcType=TIMESTAMP},
      </if>
      <if test="costcomment != null">
        #{costcomment,jdbcType=VARCHAR},
      </if>
    </trim>
  </insert>
  <select id="countByExample" parameterType="com.cpms.pojo.CpmsCostExample" resultType="java.lang.Integer">
    select count(*) from cpms_cost
    <if test="_parameter != null">
      <include refid="Example_Where_Clause" />
    </if>
  </select>
  <update id="updateByExampleSelective" parameterType="map">
    update cpms_cost
    <set>
      <if test="record.costid != null">
        costId = #{record.costid,jdbcType=VARCHAR},
      </if>
      <if test="record.projectid != null">
        projectId = #{record.projectid,jdbcType=VARCHAR},
      </if>
      <if test="record.costeditorid != null">
        costEditorId = #{record.costeditorid,jdbcType=VARCHAR},
      </if>
      <if test="record.costapproversid != null">
        costApproversId = #{record.costapproversid,jdbcType=VARCHAR},
      </if>
      <if test="record.costname != null">
        costName = #{record.costname,jdbcType=VARCHAR},
      </if>
      <if test="record.costdate != null">
        costDate = #{record.costdate,jdbcType=DATE},
      </if>
      <if test="record.costdept != null">
        costDept = #{record.costdept,jdbcType=VARCHAR},
      </if>
      <if test="record.costattachment != null">
        costAttachment = #{record.costattachment,jdbcType=VARCHAR},
      </if>
      <if test="record.attachmenttype != null">
        attachmentType = #{record.attachmenttype,jdbcType=VARCHAR},
      </if>
      <if test="record.costremark != null">
        costRemark = #{record.costremark,jdbcType=VARCHAR},
      </if>
      <if test="record.costsum != null">
        costSum = #{record.costsum,jdbcType=DOUBLE},
      </if>
      <if test="record.coststatus != null">
        costStatus = #{record.coststatus,jdbcType=INTEGER},
      </if>
      <if test="record.approvedate != null">
        approveDate = #{record.approvedate,jdbcType=TIMESTAMP},
      </if>
      <if test="record.costcomment != null">
        costComment = #{record.costcomment,jdbcType=VARCHAR},
      </if>
    </set>
    <if test="_parameter != null">
      <include refid="Update_By_Example_Where_Clause" />
    </if>
  </update>
  <update id="updateByExample" parameterType="map">
    update cpms_cost
    set costId = #{record.costid,jdbcType=VARCHAR},
      projectId = #{record.projectid,jdbcType=VARCHAR},
      costEditorId = #{record.costeditorid,jdbcType=VARCHAR},
      costApproversId = #{record.costapproversid,jdbcType=VARCHAR},
      costName = #{record.costname,jdbcType=VARCHAR},
      costDate = #{record.costdate,jdbcType=DATE},
      costDept = #{record.costdept,jdbcType=VARCHAR},
      costAttachment = #{record.costattachment,jdbcType=VARCHAR},
      attachmentType = #{record.attachmenttype,jdbcType=VARCHAR},
      costRemark = #{record.costremark,jdbcType=VARCHAR},
      costSum = #{record.costsum,jdbcType=DOUBLE},
      costStatus = #{record.coststatus,jdbcType=INTEGER},
      approveDate = #{record.approvedate,jdbcType=TIMESTAMP},
      costComment = #{record.costcomment,jdbcType=VARCHAR}
    <if test="_parameter != null">
      <include refid="Update_By_Example_Where_Clause" />
    </if>
  </update>
  <update id="updateByPrimaryKeySelective" parameterType="com.cpms.pojo.CpmsCost">
    update cpms_cost
    <set>
      <if test="projectid != null">
        projectId = #{projectid,jdbcType=VARCHAR},
      </if>
      <if test="costeditorid != null">
        costEditorId = #{costeditorid,jdbcType=VARCHAR},
      </if>
      <if test="costapproversid != null">
        costApproversId = #{costapproversid,jdbcType=VARCHAR},
      </if>
      <if test="costname != null">
        costName = #{costname,jdbcType=VARCHAR},
      </if>
      <if test="costdate != null">
        costDate = #{costdate,jdbcType=DATE},
      </if>
      <if test="costdept != null">
        costDept = #{costdept,jdbcType=VARCHAR},
      </if>
      <if test="costattachment != null">
        costAttachment = #{costattachment,jdbcType=VARCHAR},
      </if>
      <if test="attachmenttype != null">
        attachmentType = #{attachmenttype,jdbcType=VARCHAR},
      </if>
      <if test="costremark != null">
        costRemark = #{costremark,jdbcType=VARCHAR},
      </if>
      <if test="costsum != null">
        costSum = #{costsum,jdbcType=DOUBLE},
      </if>
      <if test="coststatus != null">
        costStatus = #{coststatus,jdbcType=INTEGER},
      </if>
      <if test="approvedate != null">
        approveDate = #{approvedate,jdbcType=TIMESTAMP},
      </if>
      <if test="costcomment != null">
        costComment = #{costcomment,jdbcType=VARCHAR},
      </if>
    </set>
    where costId = #{costid,jdbcType=VARCHAR}
  </update>
  <update id="updateByPrimaryKey" parameterType="com.cpms.pojo.CpmsCost">
    update cpms_cost
    set projectId = #{projectid,jdbcType=VARCHAR},
      costEditorId = #{costeditorid,jdbcType=VARCHAR},
      costApproversId = #{costapproversid,jdbcType=VARCHAR},
      costName = #{costname,jdbcType=VARCHAR},
      costDate = #{costdate,jdbcType=DATE},
      costDept = #{costdept,jdbcType=VARCHAR},
      costAttachment = #{costattachment,jdbcType=VARCHAR},
      attachmentType = #{attachmenttype,jdbcType=VARCHAR},
      costRemark = #{costremark,jdbcType=VARCHAR},
      costSum = #{costsum,jdbcType=DOUBLE},
      costStatus = #{coststatus,jdbcType=INTEGER},
      approveDate = #{approvedate,jdbcType=TIMESTAMP},
      costComment = #{costcomment,jdbcType=VARCHAR}
    where costId = #{costid,jdbcType=VARCHAR}
  </update> -->
</mapper>