<?xml version="1.0" encoding="UTF-8"?>
<!DOCTYPE mapper PUBLIC "-//mybatis.org//DTD Mapper 3.0//EN" "http://mybatis.org/dtd/mybatis-3-mapper.dtd">
<mapper namespace="com.cpms.mapper.CpmsScheduleDetailMapper">
  <resultMap id="BaseResultMap" type="com.cpms.pojo.CpmsScheduleDetail">
    <id column="schdDetailId" jdbcType="INTEGER" property="schddetailid" />
    <result column="projectId" jdbcType="VARCHAR" property="projectid" />
    <result column="schdDetailItem" jdbcType="VARCHAR" property="schddetailitem" />
    <result column="schdDetailUnit" jdbcType="VARCHAR" property="schddetailunit" />
    <result column="schdDetailquantities" jdbcType="INTEGER" property="schddetailquantities" />
    <result column="schdDetailPrice" jdbcType="DOUBLE" property="schddetailprice" />
    <result column="schdDetailDone" jdbcType="INTEGER" property="schddetaildone" />
  </resultMap>
  <sql id="Example_Where_Clause">
    <where>
      <foreach collection="oredCriteria" item="criteria" separator="or">
        <if test="criteria.valid">
          <trim prefix="(" prefixOverrides="and" suffix=")">
            <foreach collection="criteria.criteria" item="criterion">
              <choose>
                <when test="criterion.noValue">
                  and ${criterion.condition}
                </when>
                <when test="criterion.singleValue">
                  and ${criterion.condition} #{criterion.value}
                </when>
                <when test="criterion.betweenValue">
                  and ${criterion.condition} #{criterion.value} and #{criterion.secondValue}
                </when>
                <when test="criterion.listValue">
                  and ${criterion.condition}
                  <foreach close=")" collection="criterion.value" item="listItem" open="(" separator=",">
                    #{listItem}
                  </foreach>
                </when>
              </choose>
            </foreach>
          </trim>
        </if>
      </foreach>
    </where>
  </sql>
  <sql id="Update_By_Example_Where_Clause">
    <where>
      <foreach collection="example.oredCriteria" item="criteria" separator="or">
        <if test="criteria.valid">
          <trim prefix="(" prefixOverrides="and" suffix=")">
            <foreach collection="criteria.criteria" item="criterion">
              <choose>
                <when test="criterion.noValue">
                  and ${criterion.condition}
                </when>
                <when test="criterion.singleValue">
                  and ${criterion.condition} #{criterion.value}
                </when>
                <when test="criterion.betweenValue">
                  and ${criterion.condition} #{criterion.value} and #{criterion.secondValue}
                </when>
                <when test="criterion.listValue">
                  and ${criterion.condition}
                  <foreach close=")" collection="criterion.value" item="listItem" open="(" separator=",">
                    #{listItem}
                  </foreach>
                </when>
              </choose>
            </foreach>
          </trim>
        </if>
      </foreach>
    </where>
  </sql>
  <sql id="Base_Column_List">
    schdDetailId, projectId, schdDetailItem, schdDetailUnit, schdDetailquantities, schdDetailPrice, 
    schdDetailDone
  </sql>
  <select id="selectByExample" parameterType="com.cpms.pojo.CpmsScheduleDetailExample" resultMap="BaseResultMap">
    select
    <if test="distinct">
      distinct
    </if>
    <include refid="Base_Column_List" />
    from cpms_schedule_detail
    <if test="_parameter != null">
      <include refid="Example_Where_Clause" />
    </if>
    <if test="orderByClause != null">
      order by ${orderByClause}
    </if>
  </select>
  <select id="selectByPrimaryKey" parameterType="java.lang.Integer" resultMap="BaseResultMap">
    select 
    <include refid="Base_Column_List" />
    from cpms_schedule_detail
    where schdDetailId = #{schddetailid,jdbcType=INTEGER}
  </select>
  <delete id="deleteByPrimaryKey" parameterType="java.lang.Integer">
    delete from cpms_schedule_detail
    where schdDetailId = #{schddetailid,jdbcType=INTEGER}
  </delete>
  <delete id="deleteByExample" parameterType="com.cpms.pojo.CpmsScheduleDetailExample">
    delete from cpms_schedule_detail
    <if test="_parameter != null">
      <include refid="Example_Where_Clause" />
    </if>
  </delete>
  <insert id="insert" parameterType="com.cpms.pojo.CpmsScheduleDetail">
    insert into cpms_schedule_detail (schdDetailId, projectId, schdDetailItem, 
      schdDetailUnit, schdDetailquantities, schdDetailPrice, 
      schdDetailDone)
    values (#{schddetailid,jdbcType=INTEGER}, #{projectid,jdbcType=VARCHAR}, #{schddetailitem,jdbcType=VARCHAR}, 
      #{schddetailunit,jdbcType=VARCHAR}, #{schddetailquantities,jdbcType=INTEGER}, #{schddetailprice,jdbcType=DOUBLE}, 
      #{schddetaildone,jdbcType=INTEGER})
  </insert>
  <insert id="insertSelective" parameterType="com.cpms.pojo.CpmsScheduleDetail">
    insert into cpms_schedule_detail
    <trim prefix="(" suffix=")" suffixOverrides=",">
      <if test="schddetailid != null">
        schdDetailId,
      </if>
      <if test="projectid != null">
        projectId,
      </if>
      <if test="schddetailitem != null">
        schdDetailItem,
      </if>
      <if test="schddetailunit != null">
        schdDetailUnit,
      </if>
      <if test="schddetailquantities != null">
        schdDetailquantities,
      </if>
      <if test="schddetailprice != null">
        schdDetailPrice,
      </if>
      <if test="schddetaildone != null">
        schdDetailDone,
      </if>
    </trim>
    <trim prefix="values (" suffix=")" suffixOverrides=",">
      <if test="schddetailid != null">
        #{schddetailid,jdbcType=INTEGER},
      </if>
      <if test="projectid != null">
        #{projectid,jdbcType=VARCHAR},
      </if>
      <if test="schddetailitem != null">
        #{schddetailitem,jdbcType=VARCHAR},
      </if>
      <if test="schddetailunit != null">
        #{schddetailunit,jdbcType=VARCHAR},
      </if>
      <if test="schddetailquantities != null">
        #{schddetailquantities,jdbcType=INTEGER},
      </if>
      <if test="schddetailprice != null">
        #{schddetailprice,jdbcType=DOUBLE},
      </if>
      <if test="schddetaildone != null">
        #{schddetaildone,jdbcType=INTEGER},
      </if>
    </trim>
  </insert>
  <select id="countByExample" parameterType="com.cpms.pojo.CpmsScheduleDetailExample" resultType="java.lang.Integer">
    select count(*) from cpms_schedule_detail
    <if test="_parameter != null">
      <include refid="Example_Where_Clause" />
    </if>
  </select>
  <update id="updateByExampleSelective" parameterType="map">
    update cpms_schedule_detail
    <set>
      <if test="record.schddetailid != null">
        schdDetailId = #{record.schddetailid,jdbcType=INTEGER},
      </if>
      <if test="record.projectid != null">
        projectId = #{record.projectid,jdbcType=VARCHAR},
      </if>
      <if test="record.schddetailitem != null">
        schdDetailItem = #{record.schddetailitem,jdbcType=VARCHAR},
      </if>
      <if test="record.schddetailunit != null">
        schdDetailUnit = #{record.schddetailunit,jdbcType=VARCHAR},
      </if>
      <if test="record.schddetailquantities != null">
        schdDetailquantities = #{record.schddetailquantities,jdbcType=INTEGER},
      </if>
      <if test="record.schddetailprice != null">
        schdDetailPrice = #{record.schddetailprice,jdbcType=DOUBLE},
      </if>
      <if test="record.schddetaildone != null">
        schdDetailDone = #{record.schddetaildone,jdbcType=INTEGER},
      </if>
    </set>
    <if test="_parameter != null">
      <include refid="Update_By_Example_Where_Clause" />
    </if>
  </update>
  <update id="updateByExample" parameterType="map">
    update cpms_schedule_detail
    set schdDetailId = #{record.schddetailid,jdbcType=INTEGER},
      projectId = #{record.projectid,jdbcType=VARCHAR},
      schdDetailItem = #{record.schddetailitem,jdbcType=VARCHAR},
      schdDetailUnit = #{record.schddetailunit,jdbcType=VARCHAR},
      schdDetailquantities = #{record.schddetailquantities,jdbcType=INTEGER},
      schdDetailPrice = #{record.schddetailprice,jdbcType=DOUBLE},
      schdDetailDone = #{record.schddetaildone,jdbcType=INTEGER}
    <if test="_parameter != null">
      <include refid="Update_By_Example_Where_Clause" />
    </if>
  </update>
  <update id="updateByPrimaryKeySelective" parameterType="com.cpms.pojo.CpmsScheduleDetail">
    update cpms_schedule_detail
    <set>
      <if test="projectid != null">
        projectId = #{projectid,jdbcType=VARCHAR},
      </if>
      <if test="schddetailitem != null">
        schdDetailItem = #{schddetailitem,jdbcType=VARCHAR},
      </if>
      <if test="schddetailunit != null">
        schdDetailUnit = #{schddetailunit,jdbcType=VARCHAR},
      </if>
      <if test="schddetailquantities != null">
        schdDetailquantities = #{schddetailquantities,jdbcType=INTEGER},
      </if>
      <if test="schddetailprice != null">
        schdDetailPrice = #{schddetailprice,jdbcType=DOUBLE},
      </if>
      <if test="schddetaildone != null">
        schdDetailDone = #{schddetaildone,jdbcType=INTEGER},
      </if>
    </set>
    where schdDetailId = #{schddetailid,jdbcType=INTEGER}
  </update>
  <update id="updateByPrimaryKey" parameterType="com.cpms.pojo.CpmsScheduleDetail">
    update cpms_schedule_detail
    set projectId = #{projectid,jdbcType=VARCHAR},
      schdDetailItem = #{schddetailitem,jdbcType=VARCHAR},
      schdDetailUnit = #{schddetailunit,jdbcType=VARCHAR},
      schdDetailquantities = #{schddetailquantities,jdbcType=INTEGER},
      schdDetailPrice = #{schddetailprice,jdbcType=DOUBLE},
      schdDetailDone = #{schddetaildone,jdbcType=INTEGER}
    where schdDetailId = #{schddetailid,jdbcType=INTEGER}
  </update>
 <!--  <resultMap id="BaseResultMap1" type="com.cpms.pojo.CpmsScheduleDetail">
    <id column="schdDetailId" jdbcType="INTEGER" property="schddetailid" />
    <result column="projectId" jdbcType="VARCHAR" property="projectid" />
    <result column="schdDetailItem" jdbcType="VARCHAR" property="schddetailitem" />
    <result column="schdDetailUnit" jdbcType="VARCHAR" property="schddetailunit" />
    <result column="schdDetailquantities" jdbcType="INTEGER" property="schddetailquantities" />
    <result column="schdDetailPrice" jdbcType="DOUBLE" property="schddetailprice" />
    <result column="schdDetailDone" jdbcType="INTEGER" property="schddetaildone" />
  </resultMap>
  <sql id="Example_Where_Clause">
    <where>
      <foreach collection="oredCriteria" item="criteria" separator="or">
        <if test="criteria.valid">
          <trim prefix="(" prefixOverrides="and" suffix=")">
            <foreach collection="criteria.criteria" item="criterion">
              <choose>
                <when test="criterion.noValue">
                  and ${criterion.condition}
                </when>
                <when test="criterion.singleValue">
                  and ${criterion.condition} #{criterion.value}
                </when>
                <when test="criterion.betweenValue">
                  and ${criterion.condition} #{criterion.value} and #{criterion.secondValue}
                </when>
                <when test="criterion.listValue">
                  and ${criterion.condition}
                  <foreach close=")" collection="criterion.value" item="listItem" open="(" separator=",">
                    #{listItem}
                  </foreach>
                </when>
              </choose>
            </foreach>
          </trim>
        </if>
      </foreach>
    </where>
  </sql>
  <sql id="Update_By_Example_Where_Clause">
    <where>
      <foreach collection="example.oredCriteria" item="criteria" separator="or">
        <if test="criteria.valid">
          <trim prefix="(" prefixOverrides="and" suffix=")">
            <foreach collection="criteria.criteria" item="criterion">
              <choose>
                <when test="criterion.noValue">
                  and ${criterion.condition}
                </when>
                <when test="criterion.singleValue">
                  and ${criterion.condition} #{criterion.value}
                </when>
                <when test="criterion.betweenValue">
                  and ${criterion.condition} #{criterion.value} and #{criterion.secondValue}
                </when>
                <when test="criterion.listValue">
                  and ${criterion.condition}
                  <foreach close=")" collection="criterion.value" item="listItem" open="(" separator=",">
                    #{listItem}
                  </foreach>
                </when>
              </choose>
            </foreach>
          </trim>
        </if>
      </foreach>
    </where>
  </sql>
  <sql id="Base_Column_List">
    schdDetailId, projectId, schdDetailItem, schdDetailUnit, schdDetailquantities, schdDetailPrice, 
    schdDetailDone
  </sql>
  <select id="selectByExample" parameterType="com.cpms.pojo.CpmsScheduleDetailExample" resultMap="BaseResultMap">
    select
    <if test="distinct">
      distinct
    </if>
    <include refid="Base_Column_List" />
    from cpms_schedule_detail
    <if test="_parameter != null">
      <include refid="Example_Where_Clause" />
    </if>
    <if test="orderByClause != null">
      order by ${orderByClause}
    </if>
  </select>
  <select id="selectByPrimaryKey" parameterType="java.lang.Integer" resultMap="BaseResultMap">
    select 
    <include refid="Base_Column_List" />
    from cpms_schedule_detail
    where schdDetailId = #{schddetailid,jdbcType=INTEGER}
  </select>
  <delete id="deleteByPrimaryKey" parameterType="java.lang.Integer">
    delete from cpms_schedule_detail
    where schdDetailId = #{schddetailid,jdbcType=INTEGER}
  </delete>
  <delete id="deleteByExample" parameterType="com.cpms.pojo.CpmsScheduleDetailExample">
    delete from cpms_schedule_detail
    <if test="_parameter != null">
      <include refid="Example_Where_Clause" />
    </if>
  </delete>
  <insert id="insert" parameterType="com.cpms.pojo.CpmsScheduleDetail">
    insert into cpms_schedule_detail (schdDetailId, projectId, schdDetailItem, 
      schdDetailUnit, schdDetailquantities, schdDetailPrice, 
      schdDetailDone)
    values (#{schddetailid,jdbcType=INTEGER}, #{projectid,jdbcType=VARCHAR}, #{schddetailitem,jdbcType=VARCHAR}, 
      #{schddetailunit,jdbcType=VARCHAR}, #{schddetailquantities,jdbcType=INTEGER}, #{schddetailprice,jdbcType=DOUBLE}, 
      #{schddetaildone,jdbcType=INTEGER})
  </insert>
  <insert id="insertSelective" parameterType="com.cpms.pojo.CpmsScheduleDetail">
    insert into cpms_schedule_detail
    <trim prefix="(" suffix=")" suffixOverrides=",">
      <if test="schddetailid != null">
        schdDetailId,
      </if>
      <if test="projectid != null">
        projectId,
      </if>
      <if test="schddetailitem != null">
        schdDetailItem,
      </if>
      <if test="schddetailunit != null">
        schdDetailUnit,
      </if>
      <if test="schddetailquantities != null">
        schdDetailquantities,
      </if>
      <if test="schddetailprice != null">
        schdDetailPrice,
      </if>
      <if test="schddetaildone != null">
        schdDetailDone,
      </if>
    </trim>
    <trim prefix="values (" suffix=")" suffixOverrides=",">
      <if test="schddetailid != null">
        #{schddetailid,jdbcType=INTEGER},
      </if>
      <if test="projectid != null">
        #{projectid,jdbcType=VARCHAR},
      </if>
      <if test="schddetailitem != null">
        #{schddetailitem,jdbcType=VARCHAR},
      </if>
      <if test="schddetailunit != null">
        #{schddetailunit,jdbcType=VARCHAR},
      </if>
      <if test="schddetailquantities != null">
        #{schddetailquantities,jdbcType=INTEGER},
      </if>
      <if test="schddetailprice != null">
        #{schddetailprice,jdbcType=DOUBLE},
      </if>
      <if test="schddetaildone != null">
        #{schddetaildone,jdbcType=INTEGER},
      </if>
    </trim>
  </insert>
  <select id="countByExample" parameterType="com.cpms.pojo.CpmsScheduleDetailExample" resultType="java.lang.Integer">
    select count(*) from cpms_schedule_detail
    <if test="_parameter != null">
      <include refid="Example_Where_Clause" />
    </if>
  </select>
  <update id="updateByExampleSelective" parameterType="map">
    update cpms_schedule_detail
    <set>
      <if test="record.schddetailid != null">
        schdDetailId = #{record.schddetailid,jdbcType=INTEGER},
      </if>
      <if test="record.projectid != null">
        projectId = #{record.projectid,jdbcType=VARCHAR},
      </if>
      <if test="record.schddetailitem != null">
        schdDetailItem = #{record.schddetailitem,jdbcType=VARCHAR},
      </if>
      <if test="record.schddetailunit != null">
        schdDetailUnit = #{record.schddetailunit,jdbcType=VARCHAR},
      </if>
      <if test="record.schddetailquantities != null">
        schdDetailquantities = #{record.schddetailquantities,jdbcType=INTEGER},
      </if>
      <if test="record.schddetailprice != null">
        schdDetailPrice = #{record.schddetailprice,jdbcType=DOUBLE},
      </if>
      <if test="record.schddetaildone != null">
        schdDetailDone = #{record.schddetaildone,jdbcType=INTEGER},
      </if>
    </set>
    <if test="_parameter != null">
      <include refid="Update_By_Example_Where_Clause" />
    </if>
  </update>
  <update id="updateByExample" parameterType="map">
    update cpms_schedule_detail
    set schdDetailId = #{record.schddetailid,jdbcType=INTEGER},
      projectId = #{record.projectid,jdbcType=VARCHAR},
      schdDetailItem = #{record.schddetailitem,jdbcType=VARCHAR},
      schdDetailUnit = #{record.schddetailunit,jdbcType=VARCHAR},
      schdDetailquantities = #{record.schddetailquantities,jdbcType=INTEGER},
      schdDetailPrice = #{record.schddetailprice,jdbcType=DOUBLE},
      schdDetailDone = #{record.schddetaildone,jdbcType=INTEGER}
    <if test="_parameter != null">
      <include refid="Update_By_Example_Where_Clause" />
    </if>
  </update>
  <update id="updateByPrimaryKeySelective" parameterType="com.cpms.pojo.CpmsScheduleDetail">
    update cpms_schedule_detail
    <set>
      <if test="projectid != null">
        projectId = #{projectid,jdbcType=VARCHAR},
      </if>
      <if test="schddetailitem != null">
        schdDetailItem = #{schddetailitem,jdbcType=VARCHAR},
      </if>
      <if test="schddetailunit != null">
        schdDetailUnit = #{schddetailunit,jdbcType=VARCHAR},
      </if>
      <if test="schddetailquantities != null">
        schdDetailquantities = #{schddetailquantities,jdbcType=INTEGER},
      </if>
      <if test="schddetailprice != null">
        schdDetailPrice = #{schddetailprice,jdbcType=DOUBLE},
      </if>
      <if test="schddetaildone != null">
        schdDetailDone = #{schddetaildone,jdbcType=INTEGER},
      </if>
    </set>
    where schdDetailId = #{schddetailid,jdbcType=INTEGER}
  </update>
  <update id="updateByPrimaryKey" parameterType="com.cpms.pojo.CpmsScheduleDetail">
    update cpms_schedule_detail
    set projectId = #{projectid,jdbcType=VARCHAR},
      schdDetailItem = #{schddetailitem,jdbcType=VARCHAR},
      schdDetailUnit = #{schddetailunit,jdbcType=VARCHAR},
      schdDetailquantities = #{schddetailquantities,jdbcType=INTEGER},
      schdDetailPrice = #{schddetailprice,jdbcType=DOUBLE},
      schdDetailDone = #{schddetaildone,jdbcType=INTEGER}
    where schdDetailId = #{schddetailid,jdbcType=INTEGER}
  </update> -->
</mapper>