<?xml version="1.0" encoding="UTF-8"?>
<!DOCTYPE mapper PUBLIC "-//mybatis.org//DTD Mapper 3.0//EN" "http://mybatis.org/dtd/mybatis-3-mapper.dtd">
<mapper namespace="com.cpms.mapper.CpmsScheduleMapper">
  <resultMap id="BaseResultMap" type="com.cpms.pojo.CpmsSchedule">
    <id column="scheduleId" jdbcType="VARCHAR" property="scheduleid" />
    <result column="scheduleEditorId" jdbcType="VARCHAR" property="scheduleeditorid" />
    <result column="scheduleApproversId" jdbcType="VARCHAR" property="scheduleapproversid" />
    <result column="scheduleName" jdbcType="VARCHAR" property="schedulename" />
    <result column="scheduleDate" jdbcType="DATE" property="scheduledate" />
    <result column="scheduleStatus" jdbcType="BIT" property="schedulestatus" />
    <result column="approveDate" jdbcType="TIMESTAMP" property="approvedate" />
    <result column="scheduleComment" jdbcType="VARCHAR" property="schedulecomment" />
    <result column="scheduleAttachment" jdbcType="VARCHAR" property="scheduleattachment" />
    <result column="attachmentType" jdbcType="VARCHAR" property="attachmenttype" />
    <result column="scheduleRemark" jdbcType="VARCHAR" property="scheduleremark" />
  </resultMap>
  <sql id="Example_Where_Clause">
    <where>
      <foreach collection="oredCriteria" item="criteria" separator="or">
        <if test="criteria.valid">
          <trim prefix="(" prefixOverrides="and" suffix=")">
            <foreach collection="criteria.criteria" item="criterion">
              <choose>
                <when test="criterion.noValue">
                  and ${criterion.condition}
                </when>
                <when test="criterion.singleValue">
                  and ${criterion.condition} #{criterion.value}
                </when>
                <when test="criterion.betweenValue">
                  and ${criterion.condition} #{criterion.value} and #{criterion.secondValue}
                </when>
                <when test="criterion.listValue">
                  and ${criterion.condition}
                  <foreach close=")" collection="criterion.value" item="listItem" open="(" separator=",">
                    #{listItem}
                  </foreach>
                </when>
              </choose>
            </foreach>
          </trim>
        </if>
      </foreach>
    </where>
  </sql>
  <sql id="Update_By_Example_Where_Clause">
    <where>
      <foreach collection="example.oredCriteria" item="criteria" separator="or">
        <if test="criteria.valid">
          <trim prefix="(" prefixOverrides="and" suffix=")">
            <foreach collection="criteria.criteria" item="criterion">
              <choose>
                <when test="criterion.noValue">
                  and ${criterion.condition}
                </when>
                <when test="criterion.singleValue">
                  and ${criterion.condition} #{criterion.value}
                </when>
                <when test="criterion.betweenValue">
                  and ${criterion.condition} #{criterion.value} and #{criterion.secondValue}
                </when>
                <when test="criterion.listValue">
                  and ${criterion.condition}
                  <foreach close=")" collection="criterion.value" item="listItem" open="(" separator=",">
                    #{listItem}
                  </foreach>
                </when>
              </choose>
            </foreach>
          </trim>
        </if>
      </foreach>
    </where>
  </sql>
  <sql id="Base_Column_List">
    scheduleId, scheduleEditorId, scheduleApproversId, scheduleName, scheduleDate, scheduleStatus, 
    approveDate, scheduleComment, scheduleAttachment, attachmentType, scheduleRemark
  </sql>
  <select id="selectByExample" parameterType="com.cpms.pojo.CpmsScheduleExample" resultMap="BaseResultMap">
    select
    <if test="distinct">
      distinct
    </if>
    <include refid="Base_Column_List" />
    from cpms_schedule
    <if test="_parameter != null">
      <include refid="Example_Where_Clause" />
    </if>
    <if test="orderByClause != null">
      order by ${orderByClause}
    </if>
  </select>
  <select id="selectByPrimaryKey" parameterType="java.lang.String" resultMap="BaseResultMap">
    select 
    <include refid="Base_Column_List" />
    from cpms_schedule
    where scheduleId = #{scheduleid,jdbcType=VARCHAR}
  </select>
  <delete id="deleteByPrimaryKey" parameterType="java.lang.String">
    delete from cpms_schedule
    where scheduleId = #{scheduleid,jdbcType=VARCHAR}
  </delete>
  <delete id="deleteByExample" parameterType="com.cpms.pojo.CpmsScheduleExample">
    delete from cpms_schedule
    <if test="_parameter != null">
      <include refid="Example_Where_Clause" />
    </if>
  </delete>
  <insert id="insert" parameterType="com.cpms.pojo.CpmsSchedule">
    insert into cpms_schedule (scheduleId, scheduleEditorId, scheduleApproversId, 
      scheduleName, scheduleDate, scheduleStatus, 
      approveDate, scheduleComment, scheduleAttachment, 
      attachmentType, scheduleRemark)
    values (#{scheduleid,jdbcType=VARCHAR}, #{scheduleeditorid,jdbcType=VARCHAR}, #{scheduleapproversid,jdbcType=VARCHAR}, 
      #{schedulename,jdbcType=VARCHAR}, #{scheduledate,jdbcType=DATE}, #{schedulestatus,jdbcType=BIT}, 
      #{approvedate,jdbcType=TIMESTAMP}, #{schedulecomment,jdbcType=VARCHAR}, #{scheduleattachment,jdbcType=VARCHAR}, 
      #{attachmenttype,jdbcType=VARCHAR}, #{scheduleremark,jdbcType=VARCHAR})
  </insert>
  <insert id="insertSelective" parameterType="com.cpms.pojo.CpmsSchedule">
    insert into cpms_schedule
    <trim prefix="(" suffix=")" suffixOverrides=",">
      <if test="scheduleid != null">
        scheduleId,
      </if>
      <if test="scheduleeditorid != null">
        scheduleEditorId,
      </if>
      <if test="scheduleapproversid != null">
        scheduleApproversId,
      </if>
      <if test="schedulename != null">
        scheduleName,
      </if>
      <if test="scheduledate != null">
        scheduleDate,
      </if>
      <if test="schedulestatus != null">
        scheduleStatus,
      </if>
      <if test="approvedate != null">
        approveDate,
      </if>
      <if test="schedulecomment != null">
        scheduleComment,
      </if>
      <if test="scheduleattachment != null">
        scheduleAttachment,
      </if>
      <if test="attachmenttype != null">
        attachmentType,
      </if>
      <if test="scheduleremark != null">
        scheduleRemark,
      </if>
    </trim>
    <trim prefix="values (" suffix=")" suffixOverrides=",">
      <if test="scheduleid != null">
        #{scheduleid,jdbcType=VARCHAR},
      </if>
      <if test="scheduleeditorid != null">
        #{scheduleeditorid,jdbcType=VARCHAR},
      </if>
      <if test="scheduleapproversid != null">
        #{scheduleapproversid,jdbcType=VARCHAR},
      </if>
      <if test="schedulename != null">
        #{schedulename,jdbcType=VARCHAR},
      </if>
      <if test="scheduledate != null">
        #{scheduledate,jdbcType=DATE},
      </if>
      <if test="schedulestatus != null">
        #{schedulestatus,jdbcType=BIT},
      </if>
      <if test="approvedate != null">
        #{approvedate,jdbcType=TIMESTAMP},
      </if>
      <if test="schedulecomment != null">
        #{schedulecomment,jdbcType=VARCHAR},
      </if>
      <if test="scheduleattachment != null">
        #{scheduleattachment,jdbcType=VARCHAR},
      </if>
      <if test="attachmenttype != null">
        #{attachmenttype,jdbcType=VARCHAR},
      </if>
      <if test="scheduleremark != null">
        #{scheduleremark,jdbcType=VARCHAR},
      </if>
    </trim>
  </insert>
  <select id="countByExample" parameterType="com.cpms.pojo.CpmsScheduleExample" resultType="java.lang.Integer">
    select count(*) from cpms_schedule
    <if test="_parameter != null">
      <include refid="Example_Where_Clause" />
    </if>
  </select>
  <update id="updateByExampleSelective" parameterType="map">
    update cpms_schedule
    <set>
      <if test="record.scheduleid != null">
        scheduleId = #{record.scheduleid,jdbcType=VARCHAR},
      </if>
      <if test="record.scheduleeditorid != null">
        scheduleEditorId = #{record.scheduleeditorid,jdbcType=VARCHAR},
      </if>
      <if test="record.scheduleapproversid != null">
        scheduleApproversId = #{record.scheduleapproversid,jdbcType=VARCHAR},
      </if>
      <if test="record.schedulename != null">
        scheduleName = #{record.schedulename,jdbcType=VARCHAR},
      </if>
      <if test="record.scheduledate != null">
        scheduleDate = #{record.scheduledate,jdbcType=DATE},
      </if>
      <if test="record.schedulestatus != null">
        scheduleStatus = #{record.schedulestatus,jdbcType=BIT},
      </if>
      <if test="record.approvedate != null">
        approveDate = #{record.approvedate,jdbcType=TIMESTAMP},
      </if>
      <if test="record.schedulecomment != null">
        scheduleComment = #{record.schedulecomment,jdbcType=VARCHAR},
      </if>
      <if test="record.scheduleattachment != null">
        scheduleAttachment = #{record.scheduleattachment,jdbcType=VARCHAR},
      </if>
      <if test="record.attachmenttype != null">
        attachmentType = #{record.attachmenttype,jdbcType=VARCHAR},
      </if>
      <if test="record.scheduleremark != null">
        scheduleRemark = #{record.scheduleremark,jdbcType=VARCHAR},
      </if>
    </set>
    <if test="_parameter != null">
      <include refid="Update_By_Example_Where_Clause" />
    </if>
  </update>
  <update id="updateByExample" parameterType="map">
    update cpms_schedule
    set scheduleId = #{record.scheduleid,jdbcType=VARCHAR},
      scheduleEditorId = #{record.scheduleeditorid,jdbcType=VARCHAR},
      scheduleApproversId = #{record.scheduleapproversid,jdbcType=VARCHAR},
      scheduleName = #{record.schedulename,jdbcType=VARCHAR},
      scheduleDate = #{record.scheduledate,jdbcType=DATE},
      scheduleStatus = #{record.schedulestatus,jdbcType=BIT},
      approveDate = #{record.approvedate,jdbcType=TIMESTAMP},
      scheduleComment = #{record.schedulecomment,jdbcType=VARCHAR},
      scheduleAttachment = #{record.scheduleattachment,jdbcType=VARCHAR},
      attachmentType = #{record.attachmenttype,jdbcType=VARCHAR},
      scheduleRemark = #{record.scheduleremark,jdbcType=VARCHAR}
    <if test="_parameter != null">
      <include refid="Update_By_Example_Where_Clause" />
    </if>
  </update>
  <update id="updateByPrimaryKeySelective" parameterType="com.cpms.pojo.CpmsSchedule">
    update cpms_schedule
    <set>
      <if test="scheduleeditorid != null">
        scheduleEditorId = #{scheduleeditorid,jdbcType=VARCHAR},
      </if>
      <if test="scheduleapproversid != null">
        scheduleApproversId = #{scheduleapproversid,jdbcType=VARCHAR},
      </if>
      <if test="schedulename != null">
        scheduleName = #{schedulename,jdbcType=VARCHAR},
      </if>
      <if test="scheduledate != null">
        scheduleDate = #{scheduledate,jdbcType=DATE},
      </if>
      <if test="schedulestatus != null">
        scheduleStatus = #{schedulestatus,jdbcType=BIT},
      </if>
      <if test="approvedate != null">
        approveDate = #{approvedate,jdbcType=TIMESTAMP},
      </if>
      <if test="schedulecomment != null">
        scheduleComment = #{schedulecomment,jdbcType=VARCHAR},
      </if>
      <if test="scheduleattachment != null">
        scheduleAttachment = #{scheduleattachment,jdbcType=VARCHAR},
      </if>
      <if test="attachmenttype != null">
        attachmentType = #{attachmenttype,jdbcType=VARCHAR},
      </if>
      <if test="scheduleremark != null">
        scheduleRemark = #{scheduleremark,jdbcType=VARCHAR},
      </if>
    </set>
    where scheduleId = #{scheduleid,jdbcType=VARCHAR}
  </update>
  <update id="updateByPrimaryKey" parameterType="com.cpms.pojo.CpmsSchedule">
    update cpms_schedule
    set scheduleEditorId = #{scheduleeditorid,jdbcType=VARCHAR},
      scheduleApproversId = #{scheduleapproversid,jdbcType=VARCHAR},
      scheduleName = #{schedulename,jdbcType=VARCHAR},
      scheduleDate = #{scheduledate,jdbcType=DATE},
      scheduleStatus = #{schedulestatus,jdbcType=BIT},
      approveDate = #{approvedate,jdbcType=TIMESTAMP},
      scheduleComment = #{schedulecomment,jdbcType=VARCHAR},
      scheduleAttachment = #{scheduleattachment,jdbcType=VARCHAR},
      attachmentType = #{attachmenttype,jdbcType=VARCHAR},
      scheduleRemark = #{scheduleremark,jdbcType=VARCHAR}
    where scheduleId = #{scheduleid,jdbcType=VARCHAR}
  </update>
  <!-- <resultMap id="BaseResultMap1" type="com.cpms.pojo.CpmsSchedule">
    <id column="scheduleId" jdbcType="VARCHAR" property="scheduleid" />
    <result column="scheduleEditorId" jdbcType="VARCHAR" property="scheduleeditorid" />
    <result column="scheduleApproversId" jdbcType="VARCHAR" property="scheduleapproversid" />
    <result column="scheduleName" jdbcType="VARCHAR" property="schedulename" />
    <result column="scheduleDate" jdbcType="DATE" property="scheduledate" />
    <result column="scheduleStatus" jdbcType="INTEGER" property="schedulestatus" />
    <result column="approveDate" jdbcType="TIMESTAMP" property="approvedate" />
    <result column="scheduleComment" jdbcType="VARCHAR" property="schedulecomment" />
    <result column="scheduleAttachment" jdbcType="VARCHAR" property="scheduleattachment" />
    <result column="attachmentType" jdbcType="VARCHAR" property="attachmenttype" />
    <result column="scheduleRemark" jdbcType="VARCHAR" property="scheduleremark" />
  </resultMap>
  <sql id="Example_Where_Clause">
    <where>
      <foreach collection="oredCriteria" item="criteria" separator="or">
        <if test="criteria.valid">
          <trim prefix="(" prefixOverrides="and" suffix=")">
            <foreach collection="criteria.criteria" item="criterion">
              <choose>
                <when test="criterion.noValue">
                  and ${criterion.condition}
                </when>
                <when test="criterion.singleValue">
                  and ${criterion.condition} #{criterion.value}
                </when>
                <when test="criterion.betweenValue">
                  and ${criterion.condition} #{criterion.value} and #{criterion.secondValue}
                </when>
                <when test="criterion.listValue">
                  and ${criterion.condition}
                  <foreach close=")" collection="criterion.value" item="listItem" open="(" separator=",">
                    #{listItem}
                  </foreach>
                </when>
              </choose>
            </foreach>
          </trim>
        </if>
      </foreach>
    </where>
  </sql>
  <sql id="Update_By_Example_Where_Clause">
    <where>
      <foreach collection="example.oredCriteria" item="criteria" separator="or">
        <if test="criteria.valid">
          <trim prefix="(" prefixOverrides="and" suffix=")">
            <foreach collection="criteria.criteria" item="criterion">
              <choose>
                <when test="criterion.noValue">
                  and ${criterion.condition}
                </when>
                <when test="criterion.singleValue">
                  and ${criterion.condition} #{criterion.value}
                </when>
                <when test="criterion.betweenValue">
                  and ${criterion.condition} #{criterion.value} and #{criterion.secondValue}
                </when>
                <when test="criterion.listValue">
                  and ${criterion.condition}
                  <foreach close=")" collection="criterion.value" item="listItem" open="(" separator=",">
                    #{listItem}
                  </foreach>
                </when>
              </choose>
            </foreach>
          </trim>
        </if>
      </foreach>
    </where>
  </sql>
  <sql id="Base_Column_List">
    scheduleId, scheduleEditorId, scheduleApproversId, scheduleName, scheduleDate, scheduleStatus, 
    approveDate, scheduleComment, scheduleAttachment, attachmentType, scheduleRemark
  </sql>
  <select id="selectByExample" parameterType="com.cpms.pojo.CpmsScheduleExample" resultMap="BaseResultMap">
    select
    <if test="distinct">
      distinct
    </if>
    <include refid="Base_Column_List" />
    from cpms_schedule
    <if test="_parameter != null">
      <include refid="Example_Where_Clause" />
    </if>
    <if test="orderByClause != null">
      order by ${orderByClause}
    </if>
  </select>
  <select id="selectByPrimaryKey" parameterType="java.lang.String" resultMap="BaseResultMap">
    select 
    <include refid="Base_Column_List" />
    from cpms_schedule
    where scheduleId = #{scheduleid,jdbcType=VARCHAR}
  </select>
  <delete id="deleteByPrimaryKey" parameterType="java.lang.String">
    delete from cpms_schedule
    where scheduleId = #{scheduleid,jdbcType=VARCHAR}
  </delete>
  <delete id="deleteByExample" parameterType="com.cpms.pojo.CpmsScheduleExample">
    delete from cpms_schedule
    <if test="_parameter != null">
      <include refid="Example_Where_Clause" />
    </if>
  </delete>
  <insert id="insert" parameterType="com.cpms.pojo.CpmsSchedule">
    insert into cpms_schedule (scheduleId, scheduleEditorId, scheduleApproversId, 
      scheduleName, scheduleDate, scheduleStatus, 
      approveDate, scheduleComment, scheduleAttachment, 
      attachmentType, scheduleRemark)
    values (#{scheduleid,jdbcType=VARCHAR}, #{scheduleeditorid,jdbcType=VARCHAR}, #{scheduleapproversid,jdbcType=VARCHAR}, 
      #{schedulename,jdbcType=VARCHAR}, #{scheduledate,jdbcType=DATE}, #{schedulestatus,jdbcType=INTEGER}, 
      #{approvedate,jdbcType=TIMESTAMP}, #{schedulecomment,jdbcType=VARCHAR}, #{scheduleattachment,jdbcType=VARCHAR}, 
      #{attachmenttype,jdbcType=VARCHAR}, #{scheduleremark,jdbcType=VARCHAR})
  </insert>
  <insert id="insertSelective" parameterType="com.cpms.pojo.CpmsSchedule">
    insert into cpms_schedule
    <trim prefix="(" suffix=")" suffixOverrides=",">
      <if test="scheduleid != null">
        scheduleId,
      </if>
      <if test="scheduleeditorid != null">
        scheduleEditorId,
      </if>
      <if test="scheduleapproversid != null">
        scheduleApproversId,
      </if>
      <if test="schedulename != null">
        scheduleName,
      </if>
      <if test="scheduledate != null">
        scheduleDate,
      </if>
      <if test="schedulestatus != null">
        scheduleStatus,
      </if>
      <if test="approvedate != null">
        approveDate,
      </if>
      <if test="schedulecomment != null">
        scheduleComment,
      </if>
      <if test="scheduleattachment != null">
        scheduleAttachment,
      </if>
      <if test="attachmenttype != null">
        attachmentType,
      </if>
      <if test="scheduleremark != null">
        scheduleRemark,
      </if>
    </trim>
    <trim prefix="values (" suffix=")" suffixOverrides=",">
      <if test="scheduleid != null">
        #{scheduleid,jdbcType=VARCHAR},
      </if>
      <if test="scheduleeditorid != null">
        #{scheduleeditorid,jdbcType=VARCHAR},
      </if>
      <if test="scheduleapproversid != null">
        #{scheduleapproversid,jdbcType=VARCHAR},
      </if>
      <if test="schedulename != null">
        #{schedulename,jdbcType=VARCHAR},
      </if>
      <if test="scheduledate != null">
        #{scheduledate,jdbcType=DATE},
      </if>
      <if test="schedulestatus != null">
        #{schedulestatus,jdbcType=INTEGER},
      </if>
      <if test="approvedate != null">
        #{approvedate,jdbcType=TIMESTAMP},
      </if>
      <if test="schedulecomment != null">
        #{schedulecomment,jdbcType=VARCHAR},
      </if>
      <if test="scheduleattachment != null">
        #{scheduleattachment,jdbcType=VARCHAR},
      </if>
      <if test="attachmenttype != null">
        #{attachmenttype,jdbcType=VARCHAR},
      </if>
      <if test="scheduleremark != null">
        #{scheduleremark,jdbcType=VARCHAR},
      </if>
    </trim>
  </insert>
  <select id="countByExample" parameterType="com.cpms.pojo.CpmsScheduleExample" resultType="java.lang.Integer">
    select count(*) from cpms_schedule
    <if test="_parameter != null">
      <include refid="Example_Where_Clause" />
    </if>
  </select>
  <update id="updateByExampleSelective" parameterType="map">
    update cpms_schedule
    <set>
      <if test="record.scheduleid != null">
        scheduleId = #{record.scheduleid,jdbcType=VARCHAR},
      </if>
      <if test="record.scheduleeditorid != null">
        scheduleEditorId = #{record.scheduleeditorid,jdbcType=VARCHAR},
      </if>
      <if test="record.scheduleapproversid != null">
        scheduleApproversId = #{record.scheduleapproversid,jdbcType=VARCHAR},
      </if>
      <if test="record.schedulename != null">
        scheduleName = #{record.schedulename,jdbcType=VARCHAR},
      </if>
      <if test="record.scheduledate != null">
        scheduleDate = #{record.scheduledate,jdbcType=DATE},
      </if>
      <if test="record.schedulestatus != null">
        scheduleStatus = #{record.schedulestatus,jdbcType=INTEGER},
      </if>
      <if test="record.approvedate != null">
        approveDate = #{record.approvedate,jdbcType=TIMESTAMP},
      </if>
      <if test="record.schedulecomment != null">
        scheduleComment = #{record.schedulecomment,jdbcType=VARCHAR},
      </if>
      <if test="record.scheduleattachment != null">
        scheduleAttachment = #{record.scheduleattachment,jdbcType=VARCHAR},
      </if>
      <if test="record.attachmenttype != null">
        attachmentType = #{record.attachmenttype,jdbcType=VARCHAR},
      </if>
      <if test="record.scheduleremark != null">
        scheduleRemark = #{record.scheduleremark,jdbcType=VARCHAR},
      </if>
    </set>
    <if test="_parameter != null">
      <include refid="Update_By_Example_Where_Clause" />
    </if>
  </update>
  <update id="updateByExample" parameterType="map">
    update cpms_schedule
    set scheduleId = #{record.scheduleid,jdbcType=VARCHAR},
      scheduleEditorId = #{record.scheduleeditorid,jdbcType=VARCHAR},
      scheduleApproversId = #{record.scheduleapproversid,jdbcType=VARCHAR},
      scheduleName = #{record.schedulename,jdbcType=VARCHAR},
      scheduleDate = #{record.scheduledate,jdbcType=DATE},
      scheduleStatus = #{record.schedulestatus,jdbcType=INTEGER},
      approveDate = #{record.approvedate,jdbcType=TIMESTAMP},
      scheduleComment = #{record.schedulecomment,jdbcType=VARCHAR},
      scheduleAttachment = #{record.scheduleattachment,jdbcType=VARCHAR},
      attachmentType = #{record.attachmenttype,jdbcType=VARCHAR},
      scheduleRemark = #{record.scheduleremark,jdbcType=VARCHAR}
    <if test="_parameter != null">
      <include refid="Update_By_Example_Where_Clause" />
    </if>
  </update>
  <update id="updateByPrimaryKeySelective" parameterType="com.cpms.pojo.CpmsSchedule">
    update cpms_schedule
    <set>
      <if test="scheduleeditorid != null">
        scheduleEditorId = #{scheduleeditorid,jdbcType=VARCHAR},
      </if>
      <if test="scheduleapproversid != null">
        scheduleApproversId = #{scheduleapproversid,jdbcType=VARCHAR},
      </if>
      <if test="schedulename != null">
        scheduleName = #{schedulename,jdbcType=VARCHAR},
      </if>
      <if test="scheduledate != null">
        scheduleDate = #{scheduledate,jdbcType=DATE},
      </if>
      <if test="schedulestatus != null">
        scheduleStatus = #{schedulestatus,jdbcType=INTEGER},
      </if>
      <if test="approvedate != null">
        approveDate = #{approvedate,jdbcType=TIMESTAMP},
      </if>
      <if test="schedulecomment != null">
        scheduleComment = #{schedulecomment,jdbcType=VARCHAR},
      </if>
      <if test="scheduleattachment != null">
        scheduleAttachment = #{scheduleattachment,jdbcType=VARCHAR},
      </if>
      <if test="attachmenttype != null">
        attachmentType = #{attachmenttype,jdbcType=VARCHAR},
      </if>
      <if test="scheduleremark != null">
        scheduleRemark = #{scheduleremark,jdbcType=VARCHAR},
      </if>
    </set>
    where scheduleId = #{scheduleid,jdbcType=VARCHAR}
  </update>
  <update id="updateByPrimaryKey" parameterType="com.cpms.pojo.CpmsSchedule">
    update cpms_schedule
    set scheduleEditorId = #{scheduleeditorid,jdbcType=VARCHAR},
      scheduleApproversId = #{scheduleapproversid,jdbcType=VARCHAR},
      scheduleName = #{schedulename,jdbcType=VARCHAR},
      scheduleDate = #{scheduledate,jdbcType=DATE},
      scheduleStatus = #{schedulestatus,jdbcType=INTEGER},
      approveDate = #{approvedate,jdbcType=TIMESTAMP},
      scheduleComment = #{schedulecomment,jdbcType=VARCHAR},
      scheduleAttachment = #{scheduleattachment,jdbcType=VARCHAR},
      attachmentType = #{attachmenttype,jdbcType=VARCHAR},
      scheduleRemark = #{scheduleremark,jdbcType=VARCHAR}
    where scheduleId = #{scheduleid,jdbcType=VARCHAR}
  </update> -->
</mapper>