<?xml version="1.0" encoding="UTF-8"?>
<!DOCTYPE mapper PUBLIC "-//mybatis.org//DTD Mapper 3.0//EN" "http://mybatis.org/dtd/mybatis-3-mapper.dtd">
<mapper namespace="com.cpms.mapper.CpmsNoteMapper">
  <resultMap id="BaseResultMap" type="com.cpms.pojo.CpmsNote">
    <id column="noteId" jdbcType="VARCHAR" property="noteid" />
    <result column="projectId" jdbcType="VARCHAR" property="projectid" />
    <result column="noteEditorId" jdbcType="VARCHAR" property="noteeditorid" />
    <result column="noteApproversId" jdbcType="VARCHAR" property="noteapproversid" />
    <result column="noteScale" jdbcType="VARCHAR" property="notescale" />
    <result column="noteCheckDate" jdbcType="DATE" property="notecheckdate" />
    <result column="noteProgress" jdbcType="TINYINT" property="noteprogress" />
    <result column="noteRummager" jdbcType="VARCHAR" property="noterummager" />
    <result column="noteDate" jdbcType="DATE" property="notedate" />
    <result column="noteAttachment" jdbcType="VARCHAR" property="noteattachment" />
    <result column="attachmentType" jdbcType="VARCHAR" property="attachmenttype" />
    <result column="noteCondition" jdbcType="VARCHAR" property="notecondition" />
    <result column="noteCheck" jdbcType="VARCHAR" property="notecheck" />
    <result column="noteMeasure" jdbcType="VARCHAR" property="notemeasure" />
    <result column="noteReview" jdbcType="VARCHAR" property="notereview" />
    <result column="safetyStatus" jdbcType="BIT" property="safetystatus" />
    <result column="approveDate" jdbcType="TIMESTAMP" property="approvedate" />
    <result column="safetyComment" jdbcType="VARCHAR" property="safetycomment" />
  </resultMap>
  <sql id="Example_Where_Clause">
    <where>
      <foreach collection="oredCriteria" item="criteria" separator="or">
        <if test="criteria.valid">
          <trim prefix="(" prefixOverrides="and" suffix=")">
            <foreach collection="criteria.criteria" item="criterion">
              <choose>
                <when test="criterion.noValue">
                  and ${criterion.condition}
                </when>
                <when test="criterion.singleValue">
                  and ${criterion.condition} #{criterion.value}
                </when>
                <when test="criterion.betweenValue">
                  and ${criterion.condition} #{criterion.value} and #{criterion.secondValue}
                </when>
                <when test="criterion.listValue">
                  and ${criterion.condition}
                  <foreach close=")" collection="criterion.value" item="listItem" open="(" separator=",">
                    #{listItem}
                  </foreach>
                </when>
              </choose>
            </foreach>
          </trim>
        </if>
      </foreach>
    </where>
  </sql>
  <sql id="Update_By_Example_Where_Clause">
    <where>
      <foreach collection="example.oredCriteria" item="criteria" separator="or">
        <if test="criteria.valid">
          <trim prefix="(" prefixOverrides="and" suffix=")">
            <foreach collection="criteria.criteria" item="criterion">
              <choose>
                <when test="criterion.noValue">
                  and ${criterion.condition}
                </when>
                <when test="criterion.singleValue">
                  and ${criterion.condition} #{criterion.value}
                </when>
                <when test="criterion.betweenValue">
                  and ${criterion.condition} #{criterion.value} and #{criterion.secondValue}
                </when>
                <when test="criterion.listValue">
                  and ${criterion.condition}
                  <foreach close=")" collection="criterion.value" item="listItem" open="(" separator=",">
                    #{listItem}
                  </foreach>
                </when>
              </choose>
            </foreach>
          </trim>
        </if>
      </foreach>
    </where>
  </sql>
  <sql id="Base_Column_List">
    noteId, projectId, noteEditorId, noteApproversId, noteScale, noteCheckDate, noteProgress, 
    noteRummager, noteDate, noteAttachment, attachmentType, noteCondition, noteCheck, 
    noteMeasure, noteReview, safetyStatus, approveDate, safetyComment
  </sql>
  <select id="selectByExample" parameterType="com.cpms.pojo.CpmsNoteExample" resultMap="BaseResultMap">
    select
    <if test="distinct">
      distinct
    </if>
    <include refid="Base_Column_List" />
    from cpms_note
    <if test="_parameter != null">
      <include refid="Example_Where_Clause" />
    </if>
    <if test="orderByClause != null">
      order by ${orderByClause}
    </if>
  </select>
  <select id="selectByPrimaryKey" parameterType="java.lang.String" resultMap="BaseResultMap">
    select 
    <include refid="Base_Column_List" />
    from cpms_note
    where noteId = #{noteid,jdbcType=VARCHAR}
  </select>
  <delete id="deleteByPrimaryKey" parameterType="java.lang.String">
    delete from cpms_note
    where noteId = #{noteid,jdbcType=VARCHAR}
  </delete>
  <delete id="deleteByExample" parameterType="com.cpms.pojo.CpmsNoteExample">
    delete from cpms_note
    <if test="_parameter != null">
      <include refid="Example_Where_Clause" />
    </if>
  </delete>
  <insert id="insert" parameterType="com.cpms.pojo.CpmsNote">
    insert into cpms_note (noteId, projectId, noteEditorId, 
      noteApproversId, noteScale, noteCheckDate, 
      noteProgress, noteRummager, noteDate, 
      noteAttachment, attachmentType, noteCondition, 
      noteCheck, noteMeasure, noteReview, 
      safetyStatus, approveDate, safetyComment
      )
    values (#{noteid,jdbcType=VARCHAR}, #{projectid,jdbcType=VARCHAR}, #{noteeditorid,jdbcType=VARCHAR}, 
      #{noteapproversid,jdbcType=VARCHAR}, #{notescale,jdbcType=VARCHAR}, #{notecheckdate,jdbcType=DATE}, 
      #{noteprogress,jdbcType=TINYINT}, #{noterummager,jdbcType=VARCHAR}, #{notedate,jdbcType=DATE}, 
      #{noteattachment,jdbcType=VARCHAR}, #{attachmenttype,jdbcType=VARCHAR}, #{notecondition,jdbcType=VARCHAR}, 
      #{notecheck,jdbcType=VARCHAR}, #{notemeasure,jdbcType=VARCHAR}, #{notereview,jdbcType=VARCHAR}, 
      #{safetystatus,jdbcType=BIT}, #{approvedate,jdbcType=TIMESTAMP}, #{safetycomment,jdbcType=VARCHAR}
      )
  </insert>
  <insert id="insertSelective" parameterType="com.cpms.pojo.CpmsNote">
    insert into cpms_note
    <trim prefix="(" suffix=")" suffixOverrides=",">
      <if test="noteid != null">
        noteId,
      </if>
      <if test="projectid != null">
        projectId,
      </if>
      <if test="noteeditorid != null">
        noteEditorId,
      </if>
      <if test="noteapproversid != null">
        noteApproversId,
      </if>
      <if test="notescale != null">
        noteScale,
      </if>
      <if test="notecheckdate != null">
        noteCheckDate,
      </if>
      <if test="noteprogress != null">
        noteProgress,
      </if>
      <if test="noterummager != null">
        noteRummager,
      </if>
      <if test="notedate != null">
        noteDate,
      </if>
      <if test="noteattachment != null">
        noteAttachment,
      </if>
      <if test="attachmenttype != null">
        attachmentType,
      </if>
      <if test="notecondition != null">
        noteCondition,
      </if>
      <if test="notecheck != null">
        noteCheck,
      </if>
      <if test="notemeasure != null">
        noteMeasure,
      </if>
      <if test="notereview != null">
        noteReview,
      </if>
      <if test="safetystatus != null">
        safetyStatus,
      </if>
      <if test="approvedate != null">
        approveDate,
      </if>
      <if test="safetycomment != null">
        safetyComment,
      </if>
    </trim>
    <trim prefix="values (" suffix=")" suffixOverrides=",">
      <if test="noteid != null">
        #{noteid,jdbcType=VARCHAR},
      </if>
      <if test="projectid != null">
        #{projectid,jdbcType=VARCHAR},
      </if>
      <if test="noteeditorid != null">
        #{noteeditorid,jdbcType=VARCHAR},
      </if>
      <if test="noteapproversid != null">
        #{noteapproversid,jdbcType=VARCHAR},
      </if>
      <if test="notescale != null">
        #{notescale,jdbcType=VARCHAR},
      </if>
      <if test="notecheckdate != null">
        #{notecheckdate,jdbcType=DATE},
      </if>
      <if test="noteprogress != null">
        #{noteprogress,jdbcType=TINYINT},
      </if>
      <if test="noterummager != null">
        #{noterummager,jdbcType=VARCHAR},
      </if>
      <if test="notedate != null">
        #{notedate,jdbcType=DATE},
      </if>
      <if test="noteattachment != null">
        #{noteattachment,jdbcType=VARCHAR},
      </if>
      <if test="attachmenttype != null">
        #{attachmenttype,jdbcType=VARCHAR},
      </if>
      <if test="notecondition != null">
        #{notecondition,jdbcType=VARCHAR},
      </if>
      <if test="notecheck != null">
        #{notecheck,jdbcType=VARCHAR},
      </if>
      <if test="notemeasure != null">
        #{notemeasure,jdbcType=VARCHAR},
      </if>
      <if test="notereview != null">
        #{notereview,jdbcType=VARCHAR},
      </if>
      <if test="safetystatus != null">
        #{safetystatus,jdbcType=BIT},
      </if>
      <if test="approvedate != null">
        #{approvedate,jdbcType=TIMESTAMP},
      </if>
      <if test="safetycomment != null">
        #{safetycomment,jdbcType=VARCHAR},
      </if>
    </trim>
  </insert>
  <select id="countByExample" parameterType="com.cpms.pojo.CpmsNoteExample" resultType="java.lang.Integer">
    select count(*) from cpms_note
    <if test="_parameter != null">
      <include refid="Example_Where_Clause" />
    </if>
  </select>
  <update id="updateByExampleSelective" parameterType="map">
    update cpms_note
    <set>
      <if test="record.noteid != null">
        noteId = #{record.noteid,jdbcType=VARCHAR},
      </if>
      <if test="record.projectid != null">
        projectId = #{record.projectid,jdbcType=VARCHAR},
      </if>
      <if test="record.noteeditorid != null">
        noteEditorId = #{record.noteeditorid,jdbcType=VARCHAR},
      </if>
      <if test="record.noteapproversid != null">
        noteApproversId = #{record.noteapproversid,jdbcType=VARCHAR},
      </if>
      <if test="record.notescale != null">
        noteScale = #{record.notescale,jdbcType=VARCHAR},
      </if>
      <if test="record.notecheckdate != null">
        noteCheckDate = #{record.notecheckdate,jdbcType=DATE},
      </if>
      <if test="record.noteprogress != null">
        noteProgress = #{record.noteprogress,jdbcType=TINYINT},
      </if>
      <if test="record.noterummager != null">
        noteRummager = #{record.noterummager,jdbcType=VARCHAR},
      </if>
      <if test="record.notedate != null">
        noteDate = #{record.notedate,jdbcType=DATE},
      </if>
      <if test="record.noteattachment != null">
        noteAttachment = #{record.noteattachment,jdbcType=VARCHAR},
      </if>
      <if test="record.attachmenttype != null">
        attachmentType = #{record.attachmenttype,jdbcType=VARCHAR},
      </if>
      <if test="record.notecondition != null">
        noteCondition = #{record.notecondition,jdbcType=VARCHAR},
      </if>
      <if test="record.notecheck != null">
        noteCheck = #{record.notecheck,jdbcType=VARCHAR},
      </if>
      <if test="record.notemeasure != null">
        noteMeasure = #{record.notemeasure,jdbcType=VARCHAR},
      </if>
      <if test="record.notereview != null">
        noteReview = #{record.notereview,jdbcType=VARCHAR},
      </if>
      <if test="record.safetystatus != null">
        safetyStatus = #{record.safetystatus,jdbcType=BIT},
      </if>
      <if test="record.approvedate != null">
        approveDate = #{record.approvedate,jdbcType=TIMESTAMP},
      </if>
      <if test="record.safetycomment != null">
        safetyComment = #{record.safetycomment,jdbcType=VARCHAR},
      </if>
    </set>
    <if test="_parameter != null">
      <include refid="Update_By_Example_Where_Clause" />
    </if>
  </update>
  <update id="updateByExample" parameterType="map">
    update cpms_note
    set noteId = #{record.noteid,jdbcType=VARCHAR},
      projectId = #{record.projectid,jdbcType=VARCHAR},
      noteEditorId = #{record.noteeditorid,jdbcType=VARCHAR},
      noteApproversId = #{record.noteapproversid,jdbcType=VARCHAR},
      noteScale = #{record.notescale,jdbcType=VARCHAR},
      noteCheckDate = #{record.notecheckdate,jdbcType=DATE},
      noteProgress = #{record.noteprogress,jdbcType=TINYINT},
      noteRummager = #{record.noterummager,jdbcType=VARCHAR},
      noteDate = #{record.notedate,jdbcType=DATE},
      noteAttachment = #{record.noteattachment,jdbcType=VARCHAR},
      attachmentType = #{record.attachmenttype,jdbcType=VARCHAR},
      noteCondition = #{record.notecondition,jdbcType=VARCHAR},
      noteCheck = #{record.notecheck,jdbcType=VARCHAR},
      noteMeasure = #{record.notemeasure,jdbcType=VARCHAR},
      noteReview = #{record.notereview,jdbcType=VARCHAR},
      safetyStatus = #{record.safetystatus,jdbcType=BIT},
      approveDate = #{record.approvedate,jdbcType=TIMESTAMP},
      safetyComment = #{record.safetycomment,jdbcType=VARCHAR}
    <if test="_parameter != null">
      <include refid="Update_By_Example_Where_Clause" />
    </if>
  </update>
  <update id="updateByPrimaryKeySelective" parameterType="com.cpms.pojo.CpmsNote">
    update cpms_note
    <set>
      <if test="projectid != null">
        projectId = #{projectid,jdbcType=VARCHAR},
      </if>
      <if test="noteeditorid != null">
        noteEditorId = #{noteeditorid,jdbcType=VARCHAR},
      </if>
      <if test="noteapproversid != null">
        noteApproversId = #{noteapproversid,jdbcType=VARCHAR},
      </if>
      <if test="notescale != null">
        noteScale = #{notescale,jdbcType=VARCHAR},
      </if>
      <if test="notecheckdate != null">
        noteCheckDate = #{notecheckdate,jdbcType=DATE},
      </if>
      <if test="noteprogress != null">
        noteProgress = #{noteprogress,jdbcType=TINYINT},
      </if>
      <if test="noterummager != null">
        noteRummager = #{noterummager,jdbcType=VARCHAR},
      </if>
      <if test="notedate != null">
        noteDate = #{notedate,jdbcType=DATE},
      </if>
      <if test="noteattachment != null">
        noteAttachment = #{noteattachment,jdbcType=VARCHAR},
      </if>
      <if test="attachmenttype != null">
        attachmentType = #{attachmenttype,jdbcType=VARCHAR},
      </if>
      <if test="notecondition != null">
        noteCondition = #{notecondition,jdbcType=VARCHAR},
      </if>
      <if test="notecheck != null">
        noteCheck = #{notecheck,jdbcType=VARCHAR},
      </if>
      <if test="notemeasure != null">
        noteMeasure = #{notemeasure,jdbcType=VARCHAR},
      </if>
      <if test="notereview != null">
        noteReview = #{notereview,jdbcType=VARCHAR},
      </if>
      <if test="safetystatus != null">
        safetyStatus = #{safetystatus,jdbcType=BIT},
      </if>
      <if test="approvedate != null">
        approveDate = #{approvedate,jdbcType=TIMESTAMP},
      </if>
      <if test="safetycomment != null">
        safetyComment = #{safetycomment,jdbcType=VARCHAR},
      </if>
    </set>
    where noteId = #{noteid,jdbcType=VARCHAR}
  </update>
  <update id="updateByPrimaryKey" parameterType="com.cpms.pojo.CpmsNote">
    update cpms_note
    set projectId = #{projectid,jdbcType=VARCHAR},
      noteEditorId = #{noteeditorid,jdbcType=VARCHAR},
      noteApproversId = #{noteapproversid,jdbcType=VARCHAR},
      noteScale = #{notescale,jdbcType=VARCHAR},
      noteCheckDate = #{notecheckdate,jdbcType=DATE},
      noteProgress = #{noteprogress,jdbcType=TINYINT},
      noteRummager = #{noterummager,jdbcType=VARCHAR},
      noteDate = #{notedate,jdbcType=DATE},
      noteAttachment = #{noteattachment,jdbcType=VARCHAR},
      attachmentType = #{attachmenttype,jdbcType=VARCHAR},
      noteCondition = #{notecondition,jdbcType=VARCHAR},
      noteCheck = #{notecheck,jdbcType=VARCHAR},
      noteMeasure = #{notemeasure,jdbcType=VARCHAR},
      noteReview = #{notereview,jdbcType=VARCHAR},
      safetyStatus = #{safetystatus,jdbcType=BIT},
      approveDate = #{approvedate,jdbcType=TIMESTAMP},
      safetyComment = #{safetycomment,jdbcType=VARCHAR}
    where noteId = #{noteid,jdbcType=VARCHAR}
  </update>
 <!--  <resultMap id="BaseResultMap1" type="com.cpms.pojo.CpmsNote">
    <id column="noteId" jdbcType="VARCHAR" property="noteid" />
    <result column="projectId" jdbcType="VARCHAR" property="projectid" />
    <result column="noteEditorId" jdbcType="VARCHAR" property="noteeditorid" />
    <result column="noteApproversId" jdbcType="VARCHAR" property="noteapproversid" />
    <result column="noteScale" jdbcType="VARCHAR" property="notescale" />
    <result column="noteCheckDate" jdbcType="DATE" property="notecheckdate" />
    <result column="noteProgress" jdbcType="INTEGER" property="noteprogress" />
    <result column="noteRummager" jdbcType="VARCHAR" property="noterummager" />
    <result column="noteDate" jdbcType="DATE" property="notedate" />
    <result column="noteAttachment" jdbcType="VARCHAR" property="noteattachment" />
    <result column="attachmentType" jdbcType="VARCHAR" property="attachmenttype" />
    <result column="noteCondition" jdbcType="VARCHAR" property="notecondition" />
    <result column="noteCheck" jdbcType="VARCHAR" property="notecheck" />
    <result column="noteMeasure" jdbcType="VARCHAR" property="notemeasure" />
    <result column="noteReview" jdbcType="VARCHAR" property="notereview" />
    <result column="safetyStatus" jdbcType="INTEGER" property="safetystatus" />
    <result column="approveDate" jdbcType="TIMESTAMP" property="approvedate" />
    <result column="safetyComment" jdbcType="VARCHAR" property="safetycomment" />
  </resultMap>
  <sql id="Example_Where_Clause">
    <where>
      <foreach collection="oredCriteria" item="criteria" separator="or">
        <if test="criteria.valid">
          <trim prefix="(" prefixOverrides="and" suffix=")">
            <foreach collection="criteria.criteria" item="criterion">
              <choose>
                <when test="criterion.noValue">
                  and ${criterion.condition}
                </when>
                <when test="criterion.singleValue">
                  and ${criterion.condition} #{criterion.value}
                </when>
                <when test="criterion.betweenValue">
                  and ${criterion.condition} #{criterion.value} and #{criterion.secondValue}
                </when>
                <when test="criterion.listValue">
                  and ${criterion.condition}
                  <foreach close=")" collection="criterion.value" item="listItem" open="(" separator=",">
                    #{listItem}
                  </foreach>
                </when>
              </choose>
            </foreach>
          </trim>
        </if>
      </foreach>
    </where>
  </sql>
  <sql id="Update_By_Example_Where_Clause">
    <where>
      <foreach collection="example.oredCriteria" item="criteria" separator="or">
        <if test="criteria.valid">
          <trim prefix="(" prefixOverrides="and" suffix=")">
            <foreach collection="criteria.criteria" item="criterion">
              <choose>
                <when test="criterion.noValue">
                  and ${criterion.condition}
                </when>
                <when test="criterion.singleValue">
                  and ${criterion.condition} #{criterion.value}
                </when>
                <when test="criterion.betweenValue">
                  and ${criterion.condition} #{criterion.value} and #{criterion.secondValue}
                </when>
                <when test="criterion.listValue">
                  and ${criterion.condition}
                  <foreach close=")" collection="criterion.value" item="listItem" open="(" separator=",">
                    #{listItem}
                  </foreach>
                </when>
              </choose>
            </foreach>
          </trim>
        </if>
      </foreach>
    </where>
  </sql>
  <sql id="Base_Column_List">
    noteId, projectId, noteEditorId, noteApproversId, noteScale, noteCheckDate, noteProgress, 
    noteRummager, noteDate, noteAttachment, attachmentType, noteCondition, noteCheck, 
    noteMeasure, noteReview, safetyStatus, approveDate, safetyComment
  </sql>
  <select id="selectByExample" parameterType="com.cpms.pojo.CpmsNoteExample" resultMap="BaseResultMap">
    select
    <if test="distinct">
      distinct
    </if>
    <include refid="Base_Column_List" />
    from cpms_note
    <if test="_parameter != null">
      <include refid="Example_Where_Clause" />
    </if>
    <if test="orderByClause != null">
      order by ${orderByClause}
    </if>
  </select>
  <select id="selectByPrimaryKey" parameterType="java.lang.String" resultMap="BaseResultMap">
    select 
    <include refid="Base_Column_List" />
    from cpms_note
    where noteId = #{noteid,jdbcType=VARCHAR}
  </select>
  <delete id="deleteByPrimaryKey" parameterType="java.lang.String">
    delete from cpms_note
    where noteId = #{noteid,jdbcType=VARCHAR}
  </delete>
  <delete id="deleteByExample" parameterType="com.cpms.pojo.CpmsNoteExample">
    delete from cpms_note
    <if test="_parameter != null">
      <include refid="Example_Where_Clause" />
    </if>
  </delete>
  <insert id="insert" parameterType="com.cpms.pojo.CpmsNote">
    insert into cpms_note (noteId, projectId, noteEditorId, 
      noteApproversId, noteScale, noteCheckDate, 
      noteProgress, noteRummager, noteDate, 
      noteAttachment, attachmentType, noteCondition, 
      noteCheck, noteMeasure, noteReview, 
      safetyStatus, approveDate, safetyComment
      )
    values (#{noteid,jdbcType=VARCHAR}, #{projectid,jdbcType=VARCHAR}, #{noteeditorid,jdbcType=VARCHAR}, 
      #{noteapproversid,jdbcType=VARCHAR}, #{notescale,jdbcType=VARCHAR}, #{notecheckdate,jdbcType=DATE}, 
      #{noteprogress,jdbcType=INTEGER}, #{noterummager,jdbcType=VARCHAR}, #{notedate,jdbcType=DATE}, 
      #{noteattachment,jdbcType=VARCHAR}, #{attachmenttype,jdbcType=VARCHAR}, #{notecondition,jdbcType=VARCHAR}, 
      #{notecheck,jdbcType=VARCHAR}, #{notemeasure,jdbcType=VARCHAR}, #{notereview,jdbcType=VARCHAR}, 
      #{safetystatus,jdbcType=INTEGER}, #{approvedate,jdbcType=TIMESTAMP}, #{safetycomment,jdbcType=VARCHAR}
      )
  </insert>
  <insert id="insertSelective" parameterType="com.cpms.pojo.CpmsNote">
    insert into cpms_note
    <trim prefix="(" suffix=")" suffixOverrides=",">
      <if test="noteid != null">
        noteId,
      </if>
      <if test="projectid != null">
        projectId,
      </if>
      <if test="noteeditorid != null">
        noteEditorId,
      </if>
      <if test="noteapproversid != null">
        noteApproversId,
      </if>
      <if test="notescale != null">
        noteScale,
      </if>
      <if test="notecheckdate != null">
        noteCheckDate,
      </if>
      <if test="noteprogress != null">
        noteProgress,
      </if>
      <if test="noterummager != null">
        noteRummager,
      </if>
      <if test="notedate != null">
        noteDate,
      </if>
      <if test="noteattachment != null">
        noteAttachment,
      </if>
      <if test="attachmenttype != null">
        attachmentType,
      </if>
      <if test="notecondition != null">
        noteCondition,
      </if>
      <if test="notecheck != null">
        noteCheck,
      </if>
      <if test="notemeasure != null">
        noteMeasure,
      </if>
      <if test="notereview != null">
        noteReview,
      </if>
      <if test="safetystatus != null">
        safetyStatus,
      </if>
      <if test="approvedate != null">
        approveDate,
      </if>
      <if test="safetycomment != null">
        safetyComment,
      </if>
    </trim>
    <trim prefix="values (" suffix=")" suffixOverrides=",">
      <if test="noteid != null">
        #{noteid,jdbcType=VARCHAR},
      </if>
      <if test="projectid != null">
        #{projectid,jdbcType=VARCHAR},
      </if>
      <if test="noteeditorid != null">
        #{noteeditorid,jdbcType=VARCHAR},
      </if>
      <if test="noteapproversid != null">
        #{noteapproversid,jdbcType=VARCHAR},
      </if>
      <if test="notescale != null">
        #{notescale,jdbcType=VARCHAR},
      </if>
      <if test="notecheckdate != null">
        #{notecheckdate,jdbcType=DATE},
      </if>
      <if test="noteprogress != null">
        #{noteprogress,jdbcType=INTEGER},
      </if>
      <if test="noterummager != null">
        #{noterummager,jdbcType=VARCHAR},
      </if>
      <if test="notedate != null">
        #{notedate,jdbcType=DATE},
      </if>
      <if test="noteattachment != null">
        #{noteattachment,jdbcType=VARCHAR},
      </if>
      <if test="attachmenttype != null">
        #{attachmenttype,jdbcType=VARCHAR},
      </if>
      <if test="notecondition != null">
        #{notecondition,jdbcType=VARCHAR},
      </if>
      <if test="notecheck != null">
        #{notecheck,jdbcType=VARCHAR},
      </if>
      <if test="notemeasure != null">
        #{notemeasure,jdbcType=VARCHAR},
      </if>
      <if test="notereview != null">
        #{notereview,jdbcType=VARCHAR},
      </if>
      <if test="safetystatus != null">
        #{safetystatus,jdbcType=INTEGER},
      </if>
      <if test="approvedate != null">
        #{approvedate,jdbcType=TIMESTAMP},
      </if>
      <if test="safetycomment != null">
        #{safetycomment,jdbcType=VARCHAR},
      </if>
    </trim>
  </insert>
  <select id="countByExample" parameterType="com.cpms.pojo.CpmsNoteExample" resultType="java.lang.Integer">
    select count(*) from cpms_note
    <if test="_parameter != null">
      <include refid="Example_Where_Clause" />
    </if>
  </select>
  <update id="updateByExampleSelective" parameterType="map">
    update cpms_note
    <set>
      <if test="record.noteid != null">
        noteId = #{record.noteid,jdbcType=VARCHAR},
      </if>
      <if test="record.projectid != null">
        projectId = #{record.projectid,jdbcType=VARCHAR},
      </if>
      <if test="record.noteeditorid != null">
        noteEditorId = #{record.noteeditorid,jdbcType=VARCHAR},
      </if>
      <if test="record.noteapproversid != null">
        noteApproversId = #{record.noteapproversid,jdbcType=VARCHAR},
      </if>
      <if test="record.notescale != null">
        noteScale = #{record.notescale,jdbcType=VARCHAR},
      </if>
      <if test="record.notecheckdate != null">
        noteCheckDate = #{record.notecheckdate,jdbcType=DATE},
      </if>
      <if test="record.noteprogress != null">
        noteProgress = #{record.noteprogress,jdbcType=INTEGER},
      </if>
      <if test="record.noterummager != null">
        noteRummager = #{record.noterummager,jdbcType=VARCHAR},
      </if>
      <if test="record.notedate != null">
        noteDate = #{record.notedate,jdbcType=DATE},
      </if>
      <if test="record.noteattachment != null">
        noteAttachment = #{record.noteattachment,jdbcType=VARCHAR},
      </if>
      <if test="record.attachmenttype != null">
        attachmentType = #{record.attachmenttype,jdbcType=VARCHAR},
      </if>
      <if test="record.notecondition != null">
        noteCondition = #{record.notecondition,jdbcType=VARCHAR},
      </if>
      <if test="record.notecheck != null">
        noteCheck = #{record.notecheck,jdbcType=VARCHAR},
      </if>
      <if test="record.notemeasure != null">
        noteMeasure = #{record.notemeasure,jdbcType=VARCHAR},
      </if>
      <if test="record.notereview != null">
        noteReview = #{record.notereview,jdbcType=VARCHAR},
      </if>
      <if test="record.safetystatus != null">
        safetyStatus = #{record.safetystatus,jdbcType=INTEGER},
      </if>
      <if test="record.approvedate != null">
        approveDate = #{record.approvedate,jdbcType=TIMESTAMP},
      </if>
      <if test="record.safetycomment != null">
        safetyComment = #{record.safetycomment,jdbcType=VARCHAR},
      </if>
    </set>
    <if test="_parameter != null">
      <include refid="Update_By_Example_Where_Clause" />
    </if>
  </update>
  <update id="updateByExample" parameterType="map">
    update cpms_note
    set noteId = #{record.noteid,jdbcType=VARCHAR},
      projectId = #{record.projectid,jdbcType=VARCHAR},
      noteEditorId = #{record.noteeditorid,jdbcType=VARCHAR},
      noteApproversId = #{record.noteapproversid,jdbcType=VARCHAR},
      noteScale = #{record.notescale,jdbcType=VARCHAR},
      noteCheckDate = #{record.notecheckdate,jdbcType=DATE},
      noteProgress = #{record.noteprogress,jdbcType=INTEGER},
      noteRummager = #{record.noterummager,jdbcType=VARCHAR},
      noteDate = #{record.notedate,jdbcType=DATE},
      noteAttachment = #{record.noteattachment,jdbcType=VARCHAR},
      attachmentType = #{record.attachmenttype,jdbcType=VARCHAR},
      noteCondition = #{record.notecondition,jdbcType=VARCHAR},
      noteCheck = #{record.notecheck,jdbcType=VARCHAR},
      noteMeasure = #{record.notemeasure,jdbcType=VARCHAR},
      noteReview = #{record.notereview,jdbcType=VARCHAR},
      safetyStatus = #{record.safetystatus,jdbcType=INTEGER},
      approveDate = #{record.approvedate,jdbcType=TIMESTAMP},
      safetyComment = #{record.safetycomment,jdbcType=VARCHAR}
    <if test="_parameter != null">
      <include refid="Update_By_Example_Where_Clause" />
    </if>
  </update>
  <update id="updateByPrimaryKeySelective" parameterType="com.cpms.pojo.CpmsNote">
    update cpms_note
    <set>
      <if test="projectid != null">
        projectId = #{projectid,jdbcType=VARCHAR},
      </if>
      <if test="noteeditorid != null">
        noteEditorId = #{noteeditorid,jdbcType=VARCHAR},
      </if>
      <if test="noteapproversid != null">
        noteApproversId = #{noteapproversid,jdbcType=VARCHAR},
      </if>
      <if test="notescale != null">
        noteScale = #{notescale,jdbcType=VARCHAR},
      </if>
      <if test="notecheckdate != null">
        noteCheckDate = #{notecheckdate,jdbcType=DATE},
      </if>
      <if test="noteprogress != null">
        noteProgress = #{noteprogress,jdbcType=INTEGER},
      </if>
      <if test="noterummager != null">
        noteRummager = #{noterummager,jdbcType=VARCHAR},
      </if>
      <if test="notedate != null">
        noteDate = #{notedate,jdbcType=DATE},
      </if>
      <if test="noteattachment != null">
        noteAttachment = #{noteattachment,jdbcType=VARCHAR},
      </if>
      <if test="attachmenttype != null">
        attachmentType = #{attachmenttype,jdbcType=VARCHAR},
      </if>
      <if test="notecondition != null">
        noteCondition = #{notecondition,jdbcType=VARCHAR},
      </if>
      <if test="notecheck != null">
        noteCheck = #{notecheck,jdbcType=VARCHAR},
      </if>
      <if test="notemeasure != null">
        noteMeasure = #{notemeasure,jdbcType=VARCHAR},
      </if>
      <if test="notereview != null">
        noteReview = #{notereview,jdbcType=VARCHAR},
      </if>
      <if test="safetystatus != null">
        safetyStatus = #{safetystatus,jdbcType=INTEGER},
      </if>
      <if test="approvedate != null">
        approveDate = #{approvedate,jdbcType=TIMESTAMP},
      </if>
      <if test="safetycomment != null">
        safetyComment = #{safetycomment,jdbcType=VARCHAR},
      </if>
    </set>
    where noteId = #{noteid,jdbcType=VARCHAR}
  </update>
  <update id="updateByPrimaryKey" parameterType="com.cpms.pojo.CpmsNote">
    update cpms_note
    set projectId = #{projectid,jdbcType=VARCHAR},
      noteEditorId = #{noteeditorid,jdbcType=VARCHAR},
      noteApproversId = #{noteapproversid,jdbcType=VARCHAR},
      noteScale = #{notescale,jdbcType=VARCHAR},
      noteCheckDate = #{notecheckdate,jdbcType=DATE},
      noteProgress = #{noteprogress,jdbcType=INTEGER},
      noteRummager = #{noterummager,jdbcType=VARCHAR},
      noteDate = #{notedate,jdbcType=DATE},
      noteAttachment = #{noteattachment,jdbcType=VARCHAR},
      attachmentType = #{attachmenttype,jdbcType=VARCHAR},
      noteCondition = #{notecondition,jdbcType=VARCHAR},
      noteCheck = #{notecheck,jdbcType=VARCHAR},
      noteMeasure = #{notemeasure,jdbcType=VARCHAR},
      noteReview = #{notereview,jdbcType=VARCHAR},
      safetyStatus = #{safetystatus,jdbcType=INTEGER},
      approveDate = #{approvedate,jdbcType=TIMESTAMP},
      safetyComment = #{safetycomment,jdbcType=VARCHAR}
    where noteId = #{noteid,jdbcType=VARCHAR}
  </update> -->
</mapper>