<?xml version="1.0" encoding="UTF-8"?>
<!DOCTYPE mapper PUBLIC "-//mybatis.org//DTD Mapper 3.0//EN" "http://mybatis.org/dtd/mybatis-3-mapper.dtd">
<mapper namespace="com.cpms.mapper.CpmsCheckMapper">
  <resultMap id="BaseResultMap" type="com.cpms.pojo.CpmsCheck">
    <id column="checkId" jdbcType="VARCHAR" property="checkid" />
    <result column="projectId" jdbcType="VARCHAR" property="projectid" />
    <result column="checkApproversId" jdbcType="VARCHAR" property="checkapproversid" />
    <result column="checkInspector" jdbcType="VARCHAR" property="checkinspector" />
    <result column="checkDate" jdbcType="DATE" property="checkdate" />
    <result column="checkPart" jdbcType="VARCHAR" property="checkpart" />
    <result column="checkCondition" jdbcType="VARCHAR" property="checkcondition" />
    <result column="checkMeasure" jdbcType="VARCHAR" property="checkmeasure" />
    <result column="checkAttachment" jdbcType="VARCHAR" property="checkattachment" />
    <result column="attachmentType" jdbcType="VARCHAR" property="attachmenttype" />
    <result column="checkRemark" jdbcType="VARCHAR" property="checkremark" />
    <result column="checkStatus" jdbcType="BIT" property="checkstatus" />
    <result column="approveDate" jdbcType="TIMESTAMP" property="approvedate" />
    <result column="checkComment" jdbcType="VARCHAR" property="checkcomment" />
  </resultMap>
  <sql id="Example_Where_Clause">
    <where>
      <foreach collection="oredCriteria" item="criteria" separator="or">
        <if test="criteria.valid">
          <trim prefix="(" prefixOverrides="and" suffix=")">
            <foreach collection="criteria.criteria" item="criterion">
              <choose>
                <when test="criterion.noValue">
                  and ${criterion.condition}
                </when>
                <when test="criterion.singleValue">
                  and ${criterion.condition} #{criterion.value}
                </when>
                <when test="criterion.betweenValue">
                  and ${criterion.condition} #{criterion.value} and #{criterion.secondValue}
                </when>
                <when test="criterion.listValue">
                  and ${criterion.condition}
                  <foreach close=")" collection="criterion.value" item="listItem" open="(" separator=",">
                    #{listItem}
                  </foreach>
                </when>
              </choose>
            </foreach>
          </trim>
        </if>
      </foreach>
    </where>
  </sql>
  <sql id="Update_By_Example_Where_Clause">
    <where>
      <foreach collection="example.oredCriteria" item="criteria" separator="or">
        <if test="criteria.valid">
          <trim prefix="(" prefixOverrides="and" suffix=")">
            <foreach collection="criteria.criteria" item="criterion">
              <choose>
                <when test="criterion.noValue">
                  and ${criterion.condition}
                </when>
                <when test="criterion.singleValue">
                  and ${criterion.condition} #{criterion.value}
                </when>
                <when test="criterion.betweenValue">
                  and ${criterion.condition} #{criterion.value} and #{criterion.secondValue}
                </when>
                <when test="criterion.listValue">
                  and ${criterion.condition}
                  <foreach close=")" collection="criterion.value" item="listItem" open="(" separator=",">
                    #{listItem}
                  </foreach>
                </when>
              </choose>
            </foreach>
          </trim>
        </if>
      </foreach>
    </where>
  </sql>
  <sql id="Base_Column_List">
    checkId, projectId, checkApproversId, checkInspector, checkDate, checkPart, checkCondition, 
    checkMeasure, checkAttachment, attachmentType, checkRemark, checkStatus, approveDate, 
    checkComment
  </sql>
  <select id="selectByExample" parameterType="com.cpms.pojo.CpmsCheckExample" resultMap="BaseResultMap">
    select
    <if test="distinct">
      distinct
    </if>
    <include refid="Base_Column_List" />
    from cpms_check
    <if test="_parameter != null">
      <include refid="Example_Where_Clause" />
    </if>
    <if test="orderByClause != null">
      order by ${orderByClause}
    </if>
  </select>
  <select id="selectByPrimaryKey" parameterType="java.lang.String" resultMap="BaseResultMap">
    select 
    <include refid="Base_Column_List" />
    from cpms_check
    where checkId = #{checkid,jdbcType=VARCHAR}
  </select>
  <delete id="deleteByPrimaryKey" parameterType="java.lang.String">
    delete from cpms_check
    where checkId = #{checkid,jdbcType=VARCHAR}
  </delete>
  <delete id="deleteByExample" parameterType="com.cpms.pojo.CpmsCheckExample">
    delete from cpms_check
    <if test="_parameter != null">
      <include refid="Example_Where_Clause" />
    </if>
  </delete>
  <insert id="insert" parameterType="com.cpms.pojo.CpmsCheck">
    insert into cpms_check (checkId, projectId, checkApproversId, 
      checkInspector, checkDate, checkPart, 
      checkCondition, checkMeasure, checkAttachment, 
      attachmentType, checkRemark, checkStatus, 
      approveDate, checkComment)
    values (#{checkid,jdbcType=VARCHAR}, #{projectid,jdbcType=VARCHAR}, #{checkapproversid,jdbcType=VARCHAR}, 
      #{checkinspector,jdbcType=VARCHAR}, #{checkdate,jdbcType=DATE}, #{checkpart,jdbcType=VARCHAR}, 
      #{checkcondition,jdbcType=VARCHAR}, #{checkmeasure,jdbcType=VARCHAR}, #{checkattachment,jdbcType=VARCHAR}, 
      #{attachmenttype,jdbcType=VARCHAR}, #{checkremark,jdbcType=VARCHAR}, #{checkstatus,jdbcType=BIT}, 
      #{approvedate,jdbcType=TIMESTAMP}, #{checkcomment,jdbcType=VARCHAR})
  </insert>
  <insert id="insertSelective" parameterType="com.cpms.pojo.CpmsCheck">
    insert into cpms_check
    <trim prefix="(" suffix=")" suffixOverrides=",">
      <if test="checkid != null">
        checkId,
      </if>
      <if test="projectid != null">
        projectId,
      </if>
      <if test="checkapproversid != null">
        checkApproversId,
      </if>
      <if test="checkinspector != null">
        checkInspector,
      </if>
      <if test="checkdate != null">
        checkDate,
      </if>
      <if test="checkpart != null">
        checkPart,
      </if>
      <if test="checkcondition != null">
        checkCondition,
      </if>
      <if test="checkmeasure != null">
        checkMeasure,
      </if>
      <if test="checkattachment != null">
        checkAttachment,
      </if>
      <if test="attachmenttype != null">
        attachmentType,
      </if>
      <if test="checkremark != null">
        checkRemark,
      </if>
      <if test="checkstatus != null">
        checkStatus,
      </if>
      <if test="approvedate != null">
        approveDate,
      </if>
      <if test="checkcomment != null">
        checkComment,
      </if>
    </trim>
    <trim prefix="values (" suffix=")" suffixOverrides=",">
      <if test="checkid != null">
        #{checkid,jdbcType=VARCHAR},
      </if>
      <if test="projectid != null">
        #{projectid,jdbcType=VARCHAR},
      </if>
      <if test="checkapproversid != null">
        #{checkapproversid,jdbcType=VARCHAR},
      </if>
      <if test="checkinspector != null">
        #{checkinspector,jdbcType=VARCHAR},
      </if>
      <if test="checkdate != null">
        #{checkdate,jdbcType=DATE},
      </if>
      <if test="checkpart != null">
        #{checkpart,jdbcType=VARCHAR},
      </if>
      <if test="checkcondition != null">
        #{checkcondition,jdbcType=VARCHAR},
      </if>
      <if test="checkmeasure != null">
        #{checkmeasure,jdbcType=VARCHAR},
      </if>
      <if test="checkattachment != null">
        #{checkattachment,jdbcType=VARCHAR},
      </if>
      <if test="attachmenttype != null">
        #{attachmenttype,jdbcType=VARCHAR},
      </if>
      <if test="checkremark != null">
        #{checkremark,jdbcType=VARCHAR},
      </if>
      <if test="checkstatus != null">
        #{checkstatus,jdbcType=BIT},
      </if>
      <if test="approvedate != null">
        #{approvedate,jdbcType=TIMESTAMP},
      </if>
      <if test="checkcomment != null">
        #{checkcomment,jdbcType=VARCHAR},
      </if>
    </trim>
  </insert>
  <select id="countByExample" parameterType="com.cpms.pojo.CpmsCheckExample" resultType="java.lang.Integer">
    select count(*) from cpms_check
    <if test="_parameter != null">
      <include refid="Example_Where_Clause" />
    </if>
  </select>
  <update id="updateByExampleSelective" parameterType="map">
    update cpms_check
    <set>
      <if test="record.checkid != null">
        checkId = #{record.checkid,jdbcType=VARCHAR},
      </if>
      <if test="record.projectid != null">
        projectId = #{record.projectid,jdbcType=VARCHAR},
      </if>
      <if test="record.checkapproversid != null">
        checkApproversId = #{record.checkapproversid,jdbcType=VARCHAR},
      </if>
      <if test="record.checkinspector != null">
        checkInspector = #{record.checkinspector,jdbcType=VARCHAR},
      </if>
      <if test="record.checkdate != null">
        checkDate = #{record.checkdate,jdbcType=DATE},
      </if>
      <if test="record.checkpart != null">
        checkPart = #{record.checkpart,jdbcType=VARCHAR},
      </if>
      <if test="record.checkcondition != null">
        checkCondition = #{record.checkcondition,jdbcType=VARCHAR},
      </if>
      <if test="record.checkmeasure != null">
        checkMeasure = #{record.checkmeasure,jdbcType=VARCHAR},
      </if>
      <if test="record.checkattachment != null">
        checkAttachment = #{record.checkattachment,jdbcType=VARCHAR},
      </if>
      <if test="record.attachmenttype != null">
        attachmentType = #{record.attachmenttype,jdbcType=VARCHAR},
      </if>
      <if test="record.checkremark != null">
        checkRemark = #{record.checkremark,jdbcType=VARCHAR},
      </if>
      <if test="record.checkstatus != null">
        checkStatus = #{record.checkstatus,jdbcType=BIT},
      </if>
      <if test="record.approvedate != null">
        approveDate = #{record.approvedate,jdbcType=TIMESTAMP},
      </if>
      <if test="record.checkcomment != null">
        checkComment = #{record.checkcomment,jdbcType=VARCHAR},
      </if>
    </set>
    <if test="_parameter != null">
      <include refid="Update_By_Example_Where_Clause" />
    </if>
  </update>
  <update id="updateByExample" parameterType="map">
    update cpms_check
    set checkId = #{record.checkid,jdbcType=VARCHAR},
      projectId = #{record.projectid,jdbcType=VARCHAR},
      checkApproversId = #{record.checkapproversid,jdbcType=VARCHAR},
      checkInspector = #{record.checkinspector,jdbcType=VARCHAR},
      checkDate = #{record.checkdate,jdbcType=DATE},
      checkPart = #{record.checkpart,jdbcType=VARCHAR},
      checkCondition = #{record.checkcondition,jdbcType=VARCHAR},
      checkMeasure = #{record.checkmeasure,jdbcType=VARCHAR},
      checkAttachment = #{record.checkattachment,jdbcType=VARCHAR},
      attachmentType = #{record.attachmenttype,jdbcType=VARCHAR},
      checkRemark = #{record.checkremark,jdbcType=VARCHAR},
      checkStatus = #{record.checkstatus,jdbcType=BIT},
      approveDate = #{record.approvedate,jdbcType=TIMESTAMP},
      checkComment = #{record.checkcomment,jdbcType=VARCHAR}
    <if test="_parameter != null">
      <include refid="Update_By_Example_Where_Clause" />
    </if>
  </update>
  <update id="updateByPrimaryKeySelective" parameterType="com.cpms.pojo.CpmsCheck">
    update cpms_check
    <set>
      <if test="projectid != null">
        projectId = #{projectid,jdbcType=VARCHAR},
      </if>
      <if test="checkapproversid != null">
        checkApproversId = #{checkapproversid,jdbcType=VARCHAR},
      </if>
      <if test="checkinspector != null">
        checkInspector = #{checkinspector,jdbcType=VARCHAR},
      </if>
      <if test="checkdate != null">
        checkDate = #{checkdate,jdbcType=DATE},
      </if>
      <if test="checkpart != null">
        checkPart = #{checkpart,jdbcType=VARCHAR},
      </if>
      <if test="checkcondition != null">
        checkCondition = #{checkcondition,jdbcType=VARCHAR},
      </if>
      <if test="checkmeasure != null">
        checkMeasure = #{checkmeasure,jdbcType=VARCHAR},
      </if>
      <if test="checkattachment != null">
        checkAttachment = #{checkattachment,jdbcType=VARCHAR},
      </if>
      <if test="attachmenttype != null">
        attachmentType = #{attachmenttype,jdbcType=VARCHAR},
      </if>
      <if test="checkremark != null">
        checkRemark = #{checkremark,jdbcType=VARCHAR},
      </if>
      <if test="checkstatus != null">
        checkStatus = #{checkstatus,jdbcType=BIT},
      </if>
      <if test="approvedate != null">
        approveDate = #{approvedate,jdbcType=TIMESTAMP},
      </if>
      <if test="checkcomment != null">
        checkComment = #{checkcomment,jdbcType=VARCHAR},
      </if>
    </set>
    where checkId = #{checkid,jdbcType=VARCHAR}
  </update>
  <update id="updateByPrimaryKey" parameterType="com.cpms.pojo.CpmsCheck">
    update cpms_check
    set projectId = #{projectid,jdbcType=VARCHAR},
      checkApproversId = #{checkapproversid,jdbcType=VARCHAR},
      checkInspector = #{checkinspector,jdbcType=VARCHAR},
      checkDate = #{checkdate,jdbcType=DATE},
      checkPart = #{checkpart,jdbcType=VARCHAR},
      checkCondition = #{checkcondition,jdbcType=VARCHAR},
      checkMeasure = #{checkmeasure,jdbcType=VARCHAR},
      checkAttachment = #{checkattachment,jdbcType=VARCHAR},
      attachmentType = #{attachmenttype,jdbcType=VARCHAR},
      checkRemark = #{checkremark,jdbcType=VARCHAR},
      checkStatus = #{checkstatus,jdbcType=BIT},
      approveDate = #{approvedate,jdbcType=TIMESTAMP},
      checkComment = #{checkcomment,jdbcType=VARCHAR}
    where checkId = #{checkid,jdbcType=VARCHAR}
  </update>
  <!-- <resultMap id="BaseResultMap1" type="com.cpms.pojo.CpmsCheck">
    <id column="checkId" jdbcType="VARCHAR" property="checkid" />
    <result column="projectId" jdbcType="VARCHAR" property="projectid" />
    <result column="checkApproversId" jdbcType="VARCHAR" property="checkapproversid" />
    <result column="checkInspector" jdbcType="VARCHAR" property="checkinspector" />
    <result column="checkDate" jdbcType="DATE" property="checkdate" />
    <result column="checkPart" jdbcType="VARCHAR" property="checkpart" />
    <result column="checkCondition" jdbcType="VARCHAR" property="checkcondition" />
    <result column="checkMeasure" jdbcType="VARCHAR" property="checkmeasure" />
    <result column="checkAttachment" jdbcType="VARCHAR" property="checkattachment" />
    <result column="attachmentType" jdbcType="VARCHAR" property="attachmenttype" />
    <result column="checkRemark" jdbcType="VARCHAR" property="checkremark" />
    <result column="checkStatus" jdbcType="BIT" property="checkstatus" />
    <result column="approveDate" jdbcType="TIMESTAMP" property="approvedate" />
    <result column="checkComment" jdbcType="VARCHAR" property="checkcomment" />
  </resultMap>
  <sql id="Example_Where_Clause">
    <where>
      <foreach collection="oredCriteria" item="criteria" separator="or">
        <if test="criteria.valid">
          <trim prefix="(" prefixOverrides="and" suffix=")">
            <foreach collection="criteria.criteria" item="criterion">
              <choose>
                <when test="criterion.noValue">
                  and ${criterion.condition}
                </when>
                <when test="criterion.singleValue">
                  and ${criterion.condition} #{criterion.value}
                </when>
                <when test="criterion.betweenValue">
                  and ${criterion.condition} #{criterion.value} and #{criterion.secondValue}
                </when>
                <when test="criterion.listValue">
                  and ${criterion.condition}
                  <foreach close=")" collection="criterion.value" item="listItem" open="(" separator=",">
                    #{listItem}
                  </foreach>
                </when>
              </choose>
            </foreach>
          </trim>
        </if>
      </foreach>
    </where>
  </sql>
  <sql id="Update_By_Example_Where_Clause">
    <where>
      <foreach collection="example.oredCriteria" item="criteria" separator="or">
        <if test="criteria.valid">
          <trim prefix="(" prefixOverrides="and" suffix=")">
            <foreach collection="criteria.criteria" item="criterion">
              <choose>
                <when test="criterion.noValue">
                  and ${criterion.condition}
                </when>
                <when test="criterion.singleValue">
                  and ${criterion.condition} #{criterion.value}
                </when>
                <when test="criterion.betweenValue">
                  and ${criterion.condition} #{criterion.value} and #{criterion.secondValue}
                </when>
                <when test="criterion.listValue">
                  and ${criterion.condition}
                  <foreach close=")" collection="criterion.value" item="listItem" open="(" separator=",">
                    #{listItem}
                  </foreach>
                </when>
              </choose>
            </foreach>
          </trim>
        </if>
      </foreach>
    </where>
  </sql>
  <sql id="Base_Column_List">
    checkId, projectId, checkApproversId, checkInspector, checkDate, checkPart, checkCondition, 
    checkMeasure, checkAttachment, attachmentType, checkRemark, checkStatus, approveDate, 
    checkComment
  </sql>
  <select id="selectByExample" parameterType="com.cpms.pojo.CpmsCheckExample" resultMap="BaseResultMap">
    select
    <if test="distinct">
      distinct
    </if>
    <include refid="Base_Column_List" />
    from cpms_check
    <if test="_parameter != null">
      <include refid="Example_Where_Clause" />
    </if>
    <if test="orderByClause != null">
      order by ${orderByClause}
    </if>
  </select>
  <select id="selectByPrimaryKey" parameterType="java.lang.String" resultMap="BaseResultMap">
    select 
    <include refid="Base_Column_List" />
    from cpms_check
    where checkId = #{checkid,jdbcType=VARCHAR}
  </select>
  <delete id="deleteByPrimaryKey" parameterType="java.lang.String">
    delete from cpms_check
    where checkId = #{checkid,jdbcType=VARCHAR}
  </delete>
  <delete id="deleteByExample" parameterType="com.cpms.pojo.CpmsCheckExample">
    delete from cpms_check
    <if test="_parameter != null">
      <include refid="Example_Where_Clause" />
    </if>
  </delete>
  <insert id="insert" parameterType="com.cpms.pojo.CpmsCheck">
    insert into cpms_check (checkId, projectId, checkApproversId, 
      checkInspector, checkDate, checkPart, 
      checkCondition, checkMeasure, checkAttachment, 
      attachmentType, checkRemark, checkStatus, 
      approveDate, checkComment)
    values (#{checkid,jdbcType=VARCHAR}, #{projectid,jdbcType=VARCHAR}, #{checkapproversid,jdbcType=VARCHAR}, 
      #{checkinspector,jdbcType=VARCHAR}, #{checkdate,jdbcType=DATE}, #{checkpart,jdbcType=VARCHAR}, 
      #{checkcondition,jdbcType=VARCHAR}, #{checkmeasure,jdbcType=VARCHAR}, #{checkattachment,jdbcType=VARCHAR}, 
      #{attachmenttype,jdbcType=VARCHAR}, #{checkremark,jdbcType=VARCHAR}, #{checkstatus,jdbcType=BIT}, 
      #{approvedate,jdbcType=TIMESTAMP}, #{checkcomment,jdbcType=VARCHAR})
  </insert>
  <insert id="insertSelective" parameterType="com.cpms.pojo.CpmsCheck">
    insert into cpms_check
    <trim prefix="(" suffix=")" suffixOverrides=",">
      <if test="checkid != null">
        checkId,
      </if>
      <if test="projectid != null">
        projectId,
      </if>
      <if test="checkapproversid != null">
        checkApproversId,
      </if>
      <if test="checkinspector != null">
        checkInspector,
      </if>
      <if test="checkdate != null">
        checkDate,
      </if>
      <if test="checkpart != null">
        checkPart,
      </if>
      <if test="checkcondition != null">
        checkCondition,
      </if>
      <if test="checkmeasure != null">
        checkMeasure,
      </if>
      <if test="checkattachment != null">
        checkAttachment,
      </if>
      <if test="attachmenttype != null">
        attachmentType,
      </if>
      <if test="checkremark != null">
        checkRemark,
      </if>
      <if test="checkstatus != null">
        checkStatus,
      </if>
      <if test="approvedate != null">
        approveDate,
      </if>
      <if test="checkcomment != null">
        checkComment,
      </if>
    </trim>
    <trim prefix="values (" suffix=")" suffixOverrides=",">
      <if test="checkid != null">
        #{checkid,jdbcType=VARCHAR},
      </if>
      <if test="projectid != null">
        #{projectid,jdbcType=VARCHAR},
      </if>
      <if test="checkapproversid != null">
        #{checkapproversid,jdbcType=VARCHAR},
      </if>
      <if test="checkinspector != null">
        #{checkinspector,jdbcType=VARCHAR},
      </if>
      <if test="checkdate != null">
        #{checkdate,jdbcType=DATE},
      </if>
      <if test="checkpart != null">
        #{checkpart,jdbcType=VARCHAR},
      </if>
      <if test="checkcondition != null">
        #{checkcondition,jdbcType=VARCHAR},
      </if>
      <if test="checkmeasure != null">
        #{checkmeasure,jdbcType=VARCHAR},
      </if>
      <if test="checkattachment != null">
        #{checkattachment,jdbcType=VARCHAR},
      </if>
      <if test="attachmenttype != null">
        #{attachmenttype,jdbcType=VARCHAR},
      </if>
      <if test="checkremark != null">
        #{checkremark,jdbcType=VARCHAR},
      </if>
      <if test="checkstatus != null">
        #{checkstatus,jdbcType=BIT},
      </if>
      <if test="approvedate != null">
        #{approvedate,jdbcType=TIMESTAMP},
      </if>
      <if test="checkcomment != null">
        #{checkcomment,jdbcType=VARCHAR},
      </if>
    </trim>
  </insert>
  <select id="countByExample" parameterType="com.cpms.pojo.CpmsCheckExample" resultType="java.lang.Integer">
    select count(*) from cpms_check
    <if test="_parameter != null">
      <include refid="Example_Where_Clause" />
    </if>
  </select>
  <update id="updateByExampleSelective" parameterType="map">
    update cpms_check
    <set>
      <if test="record.checkid != null">
        checkId = #{record.checkid,jdbcType=VARCHAR},
      </if>
      <if test="record.projectid != null">
        projectId = #{record.projectid,jdbcType=VARCHAR},
      </if>
      <if test="record.checkapproversid != null">
        checkApproversId = #{record.checkapproversid,jdbcType=VARCHAR},
      </if>
      <if test="record.checkinspector != null">
        checkInspector = #{record.checkinspector,jdbcType=VARCHAR},
      </if>
      <if test="record.checkdate != null">
        checkDate = #{record.checkdate,jdbcType=DATE},
      </if>
      <if test="record.checkpart != null">
        checkPart = #{record.checkpart,jdbcType=VARCHAR},
      </if>
      <if test="record.checkcondition != null">
        checkCondition = #{record.checkcondition,jdbcType=VARCHAR},
      </if>
      <if test="record.checkmeasure != null">
        checkMeasure = #{record.checkmeasure,jdbcType=VARCHAR},
      </if>
      <if test="record.checkattachment != null">
        checkAttachment = #{record.checkattachment,jdbcType=VARCHAR},
      </if>
      <if test="record.attachmenttype != null">
        attachmentType = #{record.attachmenttype,jdbcType=VARCHAR},
      </if>
      <if test="record.checkremark != null">
        checkRemark = #{record.checkremark,jdbcType=VARCHAR},
      </if>
      <if test="record.checkstatus != null">
        checkStatus = #{record.checkstatus,jdbcType=BIT},
      </if>
      <if test="record.approvedate != null">
        approveDate = #{record.approvedate,jdbcType=TIMESTAMP},
      </if>
      <if test="record.checkcomment != null">
        checkComment = #{record.checkcomment,jdbcType=VARCHAR},
      </if>
    </set>
    <if test="_parameter != null">
      <include refid="Update_By_Example_Where_Clause" />
    </if>
  </update>
  <update id="updateByExample" parameterType="map">
    update cpms_check
    set checkId = #{record.checkid,jdbcType=VARCHAR},
      projectId = #{record.projectid,jdbcType=VARCHAR},
      checkApproversId = #{record.checkapproversid,jdbcType=VARCHAR},
      checkInspector = #{record.checkinspector,jdbcType=VARCHAR},
      checkDate = #{record.checkdate,jdbcType=DATE},
      checkPart = #{record.checkpart,jdbcType=VARCHAR},
      checkCondition = #{record.checkcondition,jdbcType=VARCHAR},
      checkMeasure = #{record.checkmeasure,jdbcType=VARCHAR},
      checkAttachment = #{record.checkattachment,jdbcType=VARCHAR},
      attachmentType = #{record.attachmenttype,jdbcType=VARCHAR},
      checkRemark = #{record.checkremark,jdbcType=VARCHAR},
      checkStatus = #{record.checkstatus,jdbcType=BIT},
      approveDate = #{record.approvedate,jdbcType=TIMESTAMP},
      checkComment = #{record.checkcomment,jdbcType=VARCHAR}
    <if test="_parameter != null">
      <include refid="Update_By_Example_Where_Clause" />
    </if>
  </update>
  <update id="updateByPrimaryKeySelective" parameterType="com.cpms.pojo.CpmsCheck">
    update cpms_check
    <set>
      <if test="projectid != null">
        projectId = #{projectid,jdbcType=VARCHAR},
      </if>
      <if test="checkapproversid != null">
        checkApproversId = #{checkapproversid,jdbcType=VARCHAR},
      </if>
      <if test="checkinspector != null">
        checkInspector = #{checkinspector,jdbcType=VARCHAR},
      </if>
      <if test="checkdate != null">
        checkDate = #{checkdate,jdbcType=DATE},
      </if>
      <if test="checkpart != null">
        checkPart = #{checkpart,jdbcType=VARCHAR},
      </if>
      <if test="checkcondition != null">
        checkCondition = #{checkcondition,jdbcType=VARCHAR},
      </if>
      <if test="checkmeasure != null">
        checkMeasure = #{checkmeasure,jdbcType=VARCHAR},
      </if>
      <if test="checkattachment != null">
        checkAttachment = #{checkattachment,jdbcType=VARCHAR},
      </if>
      <if test="attachmenttype != null">
        attachmentType = #{attachmenttype,jdbcType=VARCHAR},
      </if>
      <if test="checkremark != null">
        checkRemark = #{checkremark,jdbcType=VARCHAR},
      </if>
      <if test="checkstatus != null">
        checkStatus = #{checkstatus,jdbcType=BIT},
      </if>
      <if test="approvedate != null">
        approveDate = #{approvedate,jdbcType=TIMESTAMP},
      </if>
      <if test="checkcomment != null">
        checkComment = #{checkcomment,jdbcType=VARCHAR},
      </if>
    </set>
    where checkId = #{checkid,jdbcType=VARCHAR}
  </update>
  <update id="updateByPrimaryKey" parameterType="com.cpms.pojo.CpmsCheck">
    update cpms_check
    set projectId = #{projectid,jdbcType=VARCHAR},
      checkApproversId = #{checkapproversid,jdbcType=VARCHAR},
      checkInspector = #{checkinspector,jdbcType=VARCHAR},
      checkDate = #{checkdate,jdbcType=DATE},
      checkPart = #{checkpart,jdbcType=VARCHAR},
      checkCondition = #{checkcondition,jdbcType=VARCHAR},
      checkMeasure = #{checkmeasure,jdbcType=VARCHAR},
      checkAttachment = #{checkattachment,jdbcType=VARCHAR},
      attachmentType = #{attachmenttype,jdbcType=VARCHAR},
      checkRemark = #{checkremark,jdbcType=VARCHAR},
      checkStatus = #{checkstatus,jdbcType=BIT},
      approveDate = #{approvedate,jdbcType=TIMESTAMP},
      checkComment = #{checkcomment,jdbcType=VARCHAR}
    where checkId = #{checkid,jdbcType=VARCHAR}
  </update> -->
</mapper>