<?xml version="1.0" encoding="UTF-8"?>
<!DOCTYPE mapper PUBLIC "-//mybatis.org//DTD Mapper 3.0//EN" "http://mybatis.org/dtd/mybatis-3-mapper.dtd">
<mapper namespace="com.cpms.mapper.CpmsDiaryMapper">
  <resultMap id="BaseResultMap" type="com.cpms.pojo.CpmsDiary">
    <id column="diaryId" jdbcType="VARCHAR" property="diaryid" />
    <result column="projectId" jdbcType="VARCHAR" property="projectid" />
    <result column="diaryEditorId" jdbcType="VARCHAR" property="diaryeditorid" />
    <result column="diaryApproversId" jdbcType="VARCHAR" property="diaryapproversid" />
    <result column="diaryDate" jdbcType="DATE" property="diarydate" />
    <result column="diaryAmWeather" jdbcType="CHAR" property="diaryamweather" />
    <result column="diaryPmWeather" jdbcType="CHAR" property="diarypmweather" />
    <result column="diaryHighestTemp" jdbcType="TINYINT" property="diaryhighesttemp" />
    <result column="diaryLowestTemp" jdbcType="TINYINT" property="diarylowesttemp" />
    <result column="diaryAttachment" jdbcType="VARCHAR" property="diaryattachment" />
    <result column="attachmentType" jdbcType="VARCHAR" property="attachmenttype" />
    <result column="diaryPic" jdbcType="VARCHAR" property="diarypic" />
    <result column="diaryPicType" jdbcType="VARCHAR" property="diarypictype" />
    <result column="diaryStatus" jdbcType="BIT" property="diarystatus" />
    <result column="approveDate" jdbcType="TIMESTAMP" property="approvedate" />
    <result column="diaryComment" jdbcType="VARCHAR" property="diarycomment" />
  </resultMap>
  <sql id="Example_Where_Clause">
    <where>
      <foreach collection="oredCriteria" item="criteria" separator="or">
        <if test="criteria.valid">
          <trim prefix="(" prefixOverrides="and" suffix=")">
            <foreach collection="criteria.criteria" item="criterion">
              <choose>
                <when test="criterion.noValue">
                  and ${criterion.condition}
                </when>
                <when test="criterion.singleValue">
                  and ${criterion.condition} #{criterion.value}
                </when>
                <when test="criterion.betweenValue">
                  and ${criterion.condition} #{criterion.value} and #{criterion.secondValue}
                </when>
                <when test="criterion.listValue">
                  and ${criterion.condition}
                  <foreach close=")" collection="criterion.value" item="listItem" open="(" separator=",">
                    #{listItem}
                  </foreach>
                </when>
              </choose>
            </foreach>
          </trim>
        </if>
      </foreach>
    </where>
  </sql>
  <sql id="Update_By_Example_Where_Clause">
    <where>
      <foreach collection="example.oredCriteria" item="criteria" separator="or">
        <if test="criteria.valid">
          <trim prefix="(" prefixOverrides="and" suffix=")">
            <foreach collection="criteria.criteria" item="criterion">
              <choose>
                <when test="criterion.noValue">
                  and ${criterion.condition}
                </when>
                <when test="criterion.singleValue">
                  and ${criterion.condition} #{criterion.value}
                </when>
                <when test="criterion.betweenValue">
                  and ${criterion.condition} #{criterion.value} and #{criterion.secondValue}
                </when>
                <when test="criterion.listValue">
                  and ${criterion.condition}
                  <foreach close=")" collection="criterion.value" item="listItem" open="(" separator=",">
                    #{listItem}
                  </foreach>
                </when>
              </choose>
            </foreach>
          </trim>
        </if>
      </foreach>
    </where>
  </sql>
  <sql id="Base_Column_List">
    diaryId, projectId, diaryEditorId, diaryApproversId, diaryDate, diaryAmWeather, diaryPmWeather, 
    diaryHighestTemp, diaryLowestTemp, diaryAttachment, attachmentType, diaryPic, diaryPicType, 
    diaryStatus, approveDate, diaryComment
  </sql>
  <select id="selectByExample" parameterType="com.cpms.pojo.CpmsDiaryExample" resultMap="BaseResultMap">
    select
    <if test="distinct">
      distinct
    </if>
    <include refid="Base_Column_List" />
    from cpms_diary
    <if test="_parameter != null">
      <include refid="Example_Where_Clause" />
    </if>
    <if test="orderByClause != null">
      order by ${orderByClause}
    </if>
  </select>
  <select id="selectByPrimaryKey" parameterType="java.lang.String" resultMap="BaseResultMap">
    select 
    <include refid="Base_Column_List" />
    from cpms_diary
    where diaryId = #{diaryid,jdbcType=VARCHAR}
  </select>
  <delete id="deleteByPrimaryKey" parameterType="java.lang.String">
    delete from cpms_diary
    where diaryId = #{diaryid,jdbcType=VARCHAR}
  </delete>
  <delete id="deleteByExample" parameterType="com.cpms.pojo.CpmsDiaryExample">
    delete from cpms_diary
    <if test="_parameter != null">
      <include refid="Example_Where_Clause" />
    </if>
  </delete>
  <insert id="insert" parameterType="com.cpms.pojo.CpmsDiary">
    insert into cpms_diary (diaryId, projectId, diaryEditorId, 
      diaryApproversId, diaryDate, diaryAmWeather, 
      diaryPmWeather, diaryHighestTemp, diaryLowestTemp, 
      diaryAttachment, attachmentType, diaryPic, 
      diaryPicType, diaryStatus, approveDate, 
      diaryComment)
    values (#{diaryid,jdbcType=VARCHAR}, #{projectid,jdbcType=VARCHAR}, #{diaryeditorid,jdbcType=VARCHAR}, 
      #{diaryapproversid,jdbcType=VARCHAR}, #{diarydate,jdbcType=DATE}, #{diaryamweather,jdbcType=CHAR}, 
      #{diarypmweather,jdbcType=CHAR}, #{diaryhighesttemp,jdbcType=TINYINT}, #{diarylowesttemp,jdbcType=TINYINT}, 
      #{diaryattachment,jdbcType=VARCHAR}, #{attachmenttype,jdbcType=VARCHAR}, #{diarypic,jdbcType=VARCHAR}, 
      #{diarypictype,jdbcType=VARCHAR}, #{diarystatus,jdbcType=BIT}, #{approvedate,jdbcType=TIMESTAMP}, 
      #{diarycomment,jdbcType=VARCHAR})
  </insert>
  <insert id="insertSelective" parameterType="com.cpms.pojo.CpmsDiary">
    insert into cpms_diary
    <trim prefix="(" suffix=")" suffixOverrides=",">
      <if test="diaryid != null">
        diaryId,
      </if>
      <if test="projectid != null">
        projectId,
      </if>
      <if test="diaryeditorid != null">
        diaryEditorId,
      </if>
      <if test="diaryapproversid != null">
        diaryApproversId,
      </if>
      <if test="diarydate != null">
        diaryDate,
      </if>
      <if test="diaryamweather != null">
        diaryAmWeather,
      </if>
      <if test="diarypmweather != null">
        diaryPmWeather,
      </if>
      <if test="diaryhighesttemp != null">
        diaryHighestTemp,
      </if>
      <if test="diarylowesttemp != null">
        diaryLowestTemp,
      </if>
      <if test="diaryattachment != null">
        diaryAttachment,
      </if>
      <if test="attachmenttype != null">
        attachmentType,
      </if>
      <if test="diarypic != null">
        diaryPic,
      </if>
      <if test="diarypictype != null">
        diaryPicType,
      </if>
      <if test="diarystatus != null">
        diaryStatus,
      </if>
      <if test="approvedate != null">
        approveDate,
      </if>
      <if test="diarycomment != null">
        diaryComment,
      </if>
    </trim>
    <trim prefix="values (" suffix=")" suffixOverrides=",">
      <if test="diaryid != null">
        #{diaryid,jdbcType=VARCHAR},
      </if>
      <if test="projectid != null">
        #{projectid,jdbcType=VARCHAR},
      </if>
      <if test="diaryeditorid != null">
        #{diaryeditorid,jdbcType=VARCHAR},
      </if>
      <if test="diaryapproversid != null">
        #{diaryapproversid,jdbcType=VARCHAR},
      </if>
      <if test="diarydate != null">
        #{diarydate,jdbcType=DATE},
      </if>
      <if test="diaryamweather != null">
        #{diaryamweather,jdbcType=CHAR},
      </if>
      <if test="diarypmweather != null">
        #{diarypmweather,jdbcType=CHAR},
      </if>
      <if test="diaryhighesttemp != null">
        #{diaryhighesttemp,jdbcType=TINYINT},
      </if>
      <if test="diarylowesttemp != null">
        #{diarylowesttemp,jdbcType=TINYINT},
      </if>
      <if test="diaryattachment != null">
        #{diaryattachment,jdbcType=VARCHAR},
      </if>
      <if test="attachmenttype != null">
        #{attachmenttype,jdbcType=VARCHAR},
      </if>
      <if test="diarypic != null">
        #{diarypic,jdbcType=VARCHAR},
      </if>
      <if test="diarypictype != null">
        #{diarypictype,jdbcType=VARCHAR},
      </if>
      <if test="diarystatus != null">
        #{diarystatus,jdbcType=BIT},
      </if>
      <if test="approvedate != null">
        #{approvedate,jdbcType=TIMESTAMP},
      </if>
      <if test="diarycomment != null">
        #{diarycomment,jdbcType=VARCHAR},
      </if>
    </trim>
  </insert>
  <select id="countByExample" parameterType="com.cpms.pojo.CpmsDiaryExample" resultType="java.lang.Integer">
    select count(*) from cpms_diary
    <if test="_parameter != null">
      <include refid="Example_Where_Clause" />
    </if>
  </select>
  <update id="updateByExampleSelective" parameterType="map">
    update cpms_diary
    <set>
      <if test="record.diaryid != null">
        diaryId = #{record.diaryid,jdbcType=VARCHAR},
      </if>
      <if test="record.projectid != null">
        projectId = #{record.projectid,jdbcType=VARCHAR},
      </if>
      <if test="record.diaryeditorid != null">
        diaryEditorId = #{record.diaryeditorid,jdbcType=VARCHAR},
      </if>
      <if test="record.diaryapproversid != null">
        diaryApproversId = #{record.diaryapproversid,jdbcType=VARCHAR},
      </if>
      <if test="record.diarydate != null">
        diaryDate = #{record.diarydate,jdbcType=DATE},
      </if>
      <if test="record.diaryamweather != null">
        diaryAmWeather = #{record.diaryamweather,jdbcType=CHAR},
      </if>
      <if test="record.diarypmweather != null">
        diaryPmWeather = #{record.diarypmweather,jdbcType=CHAR},
      </if>
      <if test="record.diaryhighesttemp != null">
        diaryHighestTemp = #{record.diaryhighesttemp,jdbcType=TINYINT},
      </if>
      <if test="record.diarylowesttemp != null">
        diaryLowestTemp = #{record.diarylowesttemp,jdbcType=TINYINT},
      </if>
      <if test="record.diaryattachment != null">
        diaryAttachment = #{record.diaryattachment,jdbcType=VARCHAR},
      </if>
      <if test="record.attachmenttype != null">
        attachmentType = #{record.attachmenttype,jdbcType=VARCHAR},
      </if>
      <if test="record.diarypic != null">
        diaryPic = #{record.diarypic,jdbcType=VARCHAR},
      </if>
      <if test="record.diarypictype != null">
        diaryPicType = #{record.diarypictype,jdbcType=VARCHAR},
      </if>
      <if test="record.diarystatus != null">
        diaryStatus = #{record.diarystatus,jdbcType=BIT},
      </if>
      <if test="record.approvedate != null">
        approveDate = #{record.approvedate,jdbcType=TIMESTAMP},
      </if>
      <if test="record.diarycomment != null">
        diaryComment = #{record.diarycomment,jdbcType=VARCHAR},
      </if>
    </set>
    <if test="_parameter != null">
      <include refid="Update_By_Example_Where_Clause" />
    </if>
  </update>
  <update id="updateByExample" parameterType="map">
    update cpms_diary
    set diaryId = #{record.diaryid,jdbcType=VARCHAR},
      projectId = #{record.projectid,jdbcType=VARCHAR},
      diaryEditorId = #{record.diaryeditorid,jdbcType=VARCHAR},
      diaryApproversId = #{record.diaryapproversid,jdbcType=VARCHAR},
      diaryDate = #{record.diarydate,jdbcType=DATE},
      diaryAmWeather = #{record.diaryamweather,jdbcType=CHAR},
      diaryPmWeather = #{record.diarypmweather,jdbcType=CHAR},
      diaryHighestTemp = #{record.diaryhighesttemp,jdbcType=TINYINT},
      diaryLowestTemp = #{record.diarylowesttemp,jdbcType=TINYINT},
      diaryAttachment = #{record.diaryattachment,jdbcType=VARCHAR},
      attachmentType = #{record.attachmenttype,jdbcType=VARCHAR},
      diaryPic = #{record.diarypic,jdbcType=VARCHAR},
      diaryPicType = #{record.diarypictype,jdbcType=VARCHAR},
      diaryStatus = #{record.diarystatus,jdbcType=BIT},
      approveDate = #{record.approvedate,jdbcType=TIMESTAMP},
      diaryComment = #{record.diarycomment,jdbcType=VARCHAR}
    <if test="_parameter != null">
      <include refid="Update_By_Example_Where_Clause" />
    </if>
  </update>
  <update id="updateByPrimaryKeySelective" parameterType="com.cpms.pojo.CpmsDiary">
    update cpms_diary
    <set>
      <if test="projectid != null">
        projectId = #{projectid,jdbcType=VARCHAR},
      </if>
      <if test="diaryeditorid != null">
        diaryEditorId = #{diaryeditorid,jdbcType=VARCHAR},
      </if>
      <if test="diaryapproversid != null">
        diaryApproversId = #{diaryapproversid,jdbcType=VARCHAR},
      </if>
      <if test="diarydate != null">
        diaryDate = #{diarydate,jdbcType=DATE},
      </if>
      <if test="diaryamweather != null">
        diaryAmWeather = #{diaryamweather,jdbcType=CHAR},
      </if>
      <if test="diarypmweather != null">
        diaryPmWeather = #{diarypmweather,jdbcType=CHAR},
      </if>
      <if test="diaryhighesttemp != null">
        diaryHighestTemp = #{diaryhighesttemp,jdbcType=TINYINT},
      </if>
      <if test="diarylowesttemp != null">
        diaryLowestTemp = #{diarylowesttemp,jdbcType=TINYINT},
      </if>
      <if test="diaryattachment != null">
        diaryAttachment = #{diaryattachment,jdbcType=VARCHAR},
      </if>
      <if test="attachmenttype != null">
        attachmentType = #{attachmenttype,jdbcType=VARCHAR},
      </if>
      <if test="diarypic != null">
        diaryPic = #{diarypic,jdbcType=VARCHAR},
      </if>
      <if test="diarypictype != null">
        diaryPicType = #{diarypictype,jdbcType=VARCHAR},
      </if>
      <if test="diarystatus != null">
        diaryStatus = #{diarystatus,jdbcType=BIT},
      </if>
      <if test="approvedate != null">
        approveDate = #{approvedate,jdbcType=TIMESTAMP},
      </if>
      <if test="diarycomment != null">
        diaryComment = #{diarycomment,jdbcType=VARCHAR},
      </if>
    </set>
    where diaryId = #{diaryid,jdbcType=VARCHAR}
  </update>
  <update id="updateByPrimaryKey" parameterType="com.cpms.pojo.CpmsDiary">
    update cpms_diary
    set projectId = #{projectid,jdbcType=VARCHAR},
      diaryEditorId = #{diaryeditorid,jdbcType=VARCHAR},
      diaryApproversId = #{diaryapproversid,jdbcType=VARCHAR},
      diaryDate = #{diarydate,jdbcType=DATE},
      diaryAmWeather = #{diaryamweather,jdbcType=CHAR},
      diaryPmWeather = #{diarypmweather,jdbcType=CHAR},
      diaryHighestTemp = #{diaryhighesttemp,jdbcType=TINYINT},
      diaryLowestTemp = #{diarylowesttemp,jdbcType=TINYINT},
      diaryAttachment = #{diaryattachment,jdbcType=VARCHAR},
      attachmentType = #{attachmenttype,jdbcType=VARCHAR},
      diaryPic = #{diarypic,jdbcType=VARCHAR},
      diaryPicType = #{diarypictype,jdbcType=VARCHAR},
      diaryStatus = #{diarystatus,jdbcType=BIT},
      approveDate = #{approvedate,jdbcType=TIMESTAMP},
      diaryComment = #{diarycomment,jdbcType=VARCHAR}
    where diaryId = #{diaryid,jdbcType=VARCHAR}
  </update>
 <!--  <resultMap id="BaseResultMap1" type="com.cpms.pojo.CpmsDiary">
    <id column="diaryId" jdbcType="VARCHAR" property="diaryid" />
    <result column="projectId" jdbcType="VARCHAR" property="projectid" />
    <result column="diaryEditorId" jdbcType="VARCHAR" property="diaryeditorid" />
    <result column="diaryApproversId" jdbcType="VARCHAR" property="diaryapproversid" />
    <result column="diaryDate" jdbcType="DATE" property="diarydate" />
    <result column="diaryAmWeather" jdbcType="CHAR" property="diaryamweather" />
    <result column="diaryPmWeather" jdbcType="CHAR" property="diarypmweather" />
    <result column="diaryHighestTemp" jdbcType="INTEGER" property="diaryhighesttemp" />
    <result column="diaryLowestTemp" jdbcType="INTEGER" property="diarylowesttemp" />
    <result column="diaryAttachment" jdbcType="VARCHAR" property="diaryattachment" />
    <result column="attachmentType" jdbcType="VARCHAR" property="attachmenttype" />
    <result column="diaryPic" jdbcType="VARCHAR" property="diarypic" />
    <result column="diaryPicType" jdbcType="VARCHAR" property="diarypictype" />
    <result column="diaryStatus" jdbcType="INTEGER" property="diarystatus" />
    <result column="approveDate" jdbcType="TIMESTAMP" property="approvedate" />
    <result column="diaryComment" jdbcType="VARCHAR" property="diarycomment" />
  </resultMap>
  <sql id="Example_Where_Clause">
    <where>
      <foreach collection="oredCriteria" item="criteria" separator="or">
        <if test="criteria.valid">
          <trim prefix="(" prefixOverrides="and" suffix=")">
            <foreach collection="criteria.criteria" item="criterion">
              <choose>
                <when test="criterion.noValue">
                  and ${criterion.condition}
                </when>
                <when test="criterion.singleValue">
                  and ${criterion.condition} #{criterion.value}
                </when>
                <when test="criterion.betweenValue">
                  and ${criterion.condition} #{criterion.value} and #{criterion.secondValue}
                </when>
                <when test="criterion.listValue">
                  and ${criterion.condition}
                  <foreach close=")" collection="criterion.value" item="listItem" open="(" separator=",">
                    #{listItem}
                  </foreach>
                </when>
              </choose>
            </foreach>
          </trim>
        </if>
      </foreach>
    </where>
  </sql>
  <sql id="Update_By_Example_Where_Clause">
    <where>
      <foreach collection="example.oredCriteria" item="criteria" separator="or">
        <if test="criteria.valid">
          <trim prefix="(" prefixOverrides="and" suffix=")">
            <foreach collection="criteria.criteria" item="criterion">
              <choose>
                <when test="criterion.noValue">
                  and ${criterion.condition}
                </when>
                <when test="criterion.singleValue">
                  and ${criterion.condition} #{criterion.value}
                </when>
                <when test="criterion.betweenValue">
                  and ${criterion.condition} #{criterion.value} and #{criterion.secondValue}
                </when>
                <when test="criterion.listValue">
                  and ${criterion.condition}
                  <foreach close=")" collection="criterion.value" item="listItem" open="(" separator=",">
                    #{listItem}
                  </foreach>
                </when>
              </choose>
            </foreach>
          </trim>
        </if>
      </foreach>
    </where>
  </sql>
  <sql id="Base_Column_List">
    diaryId, projectId, diaryEditorId, diaryApproversId, diaryDate, diaryAmWeather, diaryPmWeather, 
    diaryHighestTemp, diaryLowestTemp, diaryAttachment, attachmentType, diaryPic, diaryPicType, 
    diaryStatus, approveDate, diaryComment
  </sql>
  <select id="selectByExample" parameterType="com.cpms.pojo.CpmsDiaryExample" resultMap="BaseResultMap">
    select
    <if test="distinct">
      distinct
    </if>
    <include refid="Base_Column_List" />
    from cpms_diary
    <if test="_parameter != null">
      <include refid="Example_Where_Clause" />
    </if>
    <if test="orderByClause != null">
      order by ${orderByClause}
    </if>
  </select>
  <select id="selectByPrimaryKey" parameterType="java.lang.String" resultMap="BaseResultMap">
    select 
    <include refid="Base_Column_List" />
    from cpms_diary
    where diaryId = #{diaryid,jdbcType=VARCHAR}
  </select>
  <delete id="deleteByPrimaryKey" parameterType="java.lang.String">
    delete from cpms_diary
    where diaryId = #{diaryid,jdbcType=VARCHAR}
  </delete>
  <delete id="deleteByExample" parameterType="com.cpms.pojo.CpmsDiaryExample">
    delete from cpms_diary
    <if test="_parameter != null">
      <include refid="Example_Where_Clause" />
    </if>
  </delete>
  <insert id="insert" parameterType="com.cpms.pojo.CpmsDiary">
    insert into cpms_diary (diaryId, projectId, diaryEditorId, 
      diaryApproversId, diaryDate, diaryAmWeather, 
      diaryPmWeather, diaryHighestTemp, diaryLowestTemp, 
      diaryAttachment, attachmentType, diaryPic, 
      diaryPicType, diaryStatus, approveDate, 
      diaryComment)
    values (#{diaryid,jdbcType=VARCHAR}, #{projectid,jdbcType=VARCHAR}, #{diaryeditorid,jdbcType=VARCHAR}, 
      #{diaryapproversid,jdbcType=VARCHAR}, #{diarydate,jdbcType=DATE}, #{diaryamweather,jdbcType=CHAR}, 
      #{diarypmweather,jdbcType=CHAR}, #{diaryhighesttemp,jdbcType=INTEGER}, #{diarylowesttemp,jdbcType=INTEGER}, 
      #{diaryattachment,jdbcType=VARCHAR}, #{attachmenttype,jdbcType=VARCHAR}, #{diarypic,jdbcType=VARCHAR}, 
      #{diarypictype,jdbcType=VARCHAR}, #{diarystatus,jdbcType=INTEGER}, #{approvedate,jdbcType=TIMESTAMP}, 
      #{diarycomment,jdbcType=VARCHAR})
  </insert>
  <insert id="insertSelective" parameterType="com.cpms.pojo.CpmsDiary">
    insert into cpms_diary
    <trim prefix="(" suffix=")" suffixOverrides=",">
      <if test="diaryid != null">
        diaryId,
      </if>
      <if test="projectid != null">
        projectId,
      </if>
      <if test="diaryeditorid != null">
        diaryEditorId,
      </if>
      <if test="diaryapproversid != null">
        diaryApproversId,
      </if>
      <if test="diarydate != null">
        diaryDate,
      </if>
      <if test="diaryamweather != null">
        diaryAmWeather,
      </if>
      <if test="diarypmweather != null">
        diaryPmWeather,
      </if>
      <if test="diaryhighesttemp != null">
        diaryHighestTemp,
      </if>
      <if test="diarylowesttemp != null">
        diaryLowestTemp,
      </if>
      <if test="diaryattachment != null">
        diaryAttachment,
      </if>
      <if test="attachmenttype != null">
        attachmentType,
      </if>
      <if test="diarypic != null">
        diaryPic,
      </if>
      <if test="diarypictype != null">
        diaryPicType,
      </if>
      <if test="diarystatus != null">
        diaryStatus,
      </if>
      <if test="approvedate != null">
        approveDate,
      </if>
      <if test="diarycomment != null">
        diaryComment,
      </if>
    </trim>
    <trim prefix="values (" suffix=")" suffixOverrides=",">
      <if test="diaryid != null">
        #{diaryid,jdbcType=VARCHAR},
      </if>
      <if test="projectid != null">
        #{projectid,jdbcType=VARCHAR},
      </if>
      <if test="diaryeditorid != null">
        #{diaryeditorid,jdbcType=VARCHAR},
      </if>
      <if test="diaryapproversid != null">
        #{diaryapproversid,jdbcType=VARCHAR},
      </if>
      <if test="diarydate != null">
        #{diarydate,jdbcType=DATE},
      </if>
      <if test="diaryamweather != null">
        #{diaryamweather,jdbcType=CHAR},
      </if>
      <if test="diarypmweather != null">
        #{diarypmweather,jdbcType=CHAR},
      </if>
      <if test="diaryhighesttemp != null">
        #{diaryhighesttemp,jdbcType=INTEGER},
      </if>
      <if test="diarylowesttemp != null">
        #{diarylowesttemp,jdbcType=INTEGER},
      </if>
      <if test="diaryattachment != null">
        #{diaryattachment,jdbcType=VARCHAR},
      </if>
      <if test="attachmenttype != null">
        #{attachmenttype,jdbcType=VARCHAR},
      </if>
      <if test="diarypic != null">
        #{diarypic,jdbcType=VARCHAR},
      </if>
      <if test="diarypictype != null">
        #{diarypictype,jdbcType=VARCHAR},
      </if>
      <if test="diarystatus != null">
        #{diarystatus,jdbcType=INTEGER},
      </if>
      <if test="approvedate != null">
        #{approvedate,jdbcType=TIMESTAMP},
      </if>
      <if test="diarycomment != null">
        #{diarycomment,jdbcType=VARCHAR},
      </if>
    </trim>
  </insert>
  <select id="countByExample" parameterType="com.cpms.pojo.CpmsDiaryExample" resultType="java.lang.Integer">
    select count(*) from cpms_diary
    <if test="_parameter != null">
      <include refid="Example_Where_Clause" />
    </if>
  </select>
  <update id="updateByExampleSelective" parameterType="map">
    update cpms_diary
    <set>
      <if test="record.diaryid != null">
        diaryId = #{record.diaryid,jdbcType=VARCHAR},
      </if>
      <if test="record.projectid != null">
        projectId = #{record.projectid,jdbcType=VARCHAR},
      </if>
      <if test="record.diaryeditorid != null">
        diaryEditorId = #{record.diaryeditorid,jdbcType=VARCHAR},
      </if>
      <if test="record.diaryapproversid != null">
        diaryApproversId = #{record.diaryapproversid,jdbcType=VARCHAR},
      </if>
      <if test="record.diarydate != null">
        diaryDate = #{record.diarydate,jdbcType=DATE},
      </if>
      <if test="record.diaryamweather != null">
        diaryAmWeather = #{record.diaryamweather,jdbcType=CHAR},
      </if>
      <if test="record.diarypmweather != null">
        diaryPmWeather = #{record.diarypmweather,jdbcType=CHAR},
      </if>
      <if test="record.diaryhighesttemp != null">
        diaryHighestTemp = #{record.diaryhighesttemp,jdbcType=INTEGER},
      </if>
      <if test="record.diarylowesttemp != null">
        diaryLowestTemp = #{record.diarylowesttemp,jdbcType=INTEGER},
      </if>
      <if test="record.diaryattachment != null">
        diaryAttachment = #{record.diaryattachment,jdbcType=VARCHAR},
      </if>
      <if test="record.attachmenttype != null">
        attachmentType = #{record.attachmenttype,jdbcType=VARCHAR},
      </if>
      <if test="record.diarypic != null">
        diaryPic = #{record.diarypic,jdbcType=VARCHAR},
      </if>
      <if test="record.diarypictype != null">
        diaryPicType = #{record.diarypictype,jdbcType=VARCHAR},
      </if>
      <if test="record.diarystatus != null">
        diaryStatus = #{record.diarystatus,jdbcType=INTEGER},
      </if>
      <if test="record.approvedate != null">
        approveDate = #{record.approvedate,jdbcType=TIMESTAMP},
      </if>
      <if test="record.diarycomment != null">
        diaryComment = #{record.diarycomment,jdbcType=VARCHAR},
      </if>
    </set>
    <if test="_parameter != null">
      <include refid="Update_By_Example_Where_Clause" />
    </if>
  </update>
  <update id="updateByExample" parameterType="map">
    update cpms_diary
    set diaryId = #{record.diaryid,jdbcType=VARCHAR},
      projectId = #{record.projectid,jdbcType=VARCHAR},
      diaryEditorId = #{record.diaryeditorid,jdbcType=VARCHAR},
      diaryApproversId = #{record.diaryapproversid,jdbcType=VARCHAR},
      diaryDate = #{record.diarydate,jdbcType=DATE},
      diaryAmWeather = #{record.diaryamweather,jdbcType=CHAR},
      diaryPmWeather = #{record.diarypmweather,jdbcType=CHAR},
      diaryHighestTemp = #{record.diaryhighesttemp,jdbcType=INTEGER},
      diaryLowestTemp = #{record.diarylowesttemp,jdbcType=INTEGER},
      diaryAttachment = #{record.diaryattachment,jdbcType=VARCHAR},
      attachmentType = #{record.attachmenttype,jdbcType=VARCHAR},
      diaryPic = #{record.diarypic,jdbcType=VARCHAR},
      diaryPicType = #{record.diarypictype,jdbcType=VARCHAR},
      diaryStatus = #{record.diarystatus,jdbcType=INTEGER},
      approveDate = #{record.approvedate,jdbcType=TIMESTAMP},
      diaryComment = #{record.diarycomment,jdbcType=VARCHAR}
    <if test="_parameter != null">
      <include refid="Update_By_Example_Where_Clause" />
    </if>
  </update>
  <update id="updateByPrimaryKeySelective" parameterType="com.cpms.pojo.CpmsDiary">
    update cpms_diary
    <set>
      <if test="projectid != null">
        projectId = #{projectid,jdbcType=VARCHAR},
      </if>
      <if test="diaryeditorid != null">
        diaryEditorId = #{diaryeditorid,jdbcType=VARCHAR},
      </if>
      <if test="diaryapproversid != null">
        diaryApproversId = #{diaryapproversid,jdbcType=VARCHAR},
      </if>
      <if test="diarydate != null">
        diaryDate = #{diarydate,jdbcType=DATE},
      </if>
      <if test="diaryamweather != null">
        diaryAmWeather = #{diaryamweather,jdbcType=CHAR},
      </if>
      <if test="diarypmweather != null">
        diaryPmWeather = #{diarypmweather,jdbcType=CHAR},
      </if>
      <if test="diaryhighesttemp != null">
        diaryHighestTemp = #{diaryhighesttemp,jdbcType=INTEGER},
      </if>
      <if test="diarylowesttemp != null">
        diaryLowestTemp = #{diarylowesttemp,jdbcType=INTEGER},
      </if>
      <if test="diaryattachment != null">
        diaryAttachment = #{diaryattachment,jdbcType=VARCHAR},
      </if>
      <if test="attachmenttype != null">
        attachmentType = #{attachmenttype,jdbcType=VARCHAR},
      </if>
      <if test="diarypic != null">
        diaryPic = #{diarypic,jdbcType=VARCHAR},
      </if>
      <if test="diarypictype != null">
        diaryPicType = #{diarypictype,jdbcType=VARCHAR},
      </if>
      <if test="diarystatus != null">
        diaryStatus = #{diarystatus,jdbcType=INTEGER},
      </if>
      <if test="approvedate != null">
        approveDate = #{approvedate,jdbcType=TIMESTAMP},
      </if>
      <if test="diarycomment != null">
        diaryComment = #{diarycomment,jdbcType=VARCHAR},
      </if>
    </set>
    where diaryId = #{diaryid,jdbcType=VARCHAR}
  </update>
  <update id="updateByPrimaryKey" parameterType="com.cpms.pojo.CpmsDiary">
    update cpms_diary
    set projectId = #{projectid,jdbcType=VARCHAR},
      diaryEditorId = #{diaryeditorid,jdbcType=VARCHAR},
      diaryApproversId = #{diaryapproversid,jdbcType=VARCHAR},
      diaryDate = #{diarydate,jdbcType=DATE},
      diaryAmWeather = #{diaryamweather,jdbcType=CHAR},
      diaryPmWeather = #{diarypmweather,jdbcType=CHAR},
      diaryHighestTemp = #{diaryhighesttemp,jdbcType=INTEGER},
      diaryLowestTemp = #{diarylowesttemp,jdbcType=INTEGER},
      diaryAttachment = #{diaryattachment,jdbcType=VARCHAR},
      attachmentType = #{attachmenttype,jdbcType=VARCHAR},
      diaryPic = #{diarypic,jdbcType=VARCHAR},
      diaryPicType = #{diarypictype,jdbcType=VARCHAR},
      diaryStatus = #{diarystatus,jdbcType=INTEGER},
      approveDate = #{approvedate,jdbcType=TIMESTAMP},
      diaryComment = #{diarycomment,jdbcType=VARCHAR}
    where diaryId = #{diaryid,jdbcType=VARCHAR}
  </update> -->
</mapper>