<?xml version="1.0" encoding="UTF-8"?>
<!DOCTYPE mapper PUBLIC "-//mybatis.org//DTD Mapper 3.0//EN" "http://mybatis.org/dtd/mybatis-3-mapper.dtd">
<mapper namespace="com.cpms.mapper.CpmsUserMapper">
  <resultMap id="BaseResultMap" type="com.cpms.pojo.CpmsUser">
    <id column="userId" jdbcType="VARCHAR" property="userid" />
    <result column="userName" jdbcType="VARCHAR" property="username" />
    <result column="userDeptId" jdbcType="TINYINT" property="userdeptid" />
    <result column="userSex" jdbcType="CHAR" property="usersex" />
    <result column="userPosition" jdbcType="VARCHAR" property="userposition" />
    <result column="userSuperior" jdbcType="VARCHAR" property="usersuperior" />
    <result column="userTel" jdbcType="VARCHAR" property="usertel" />
    <result column="userEmail" jdbcType="VARCHAR" property="useremail" />
    <result column="userType" jdbcType="BIT" property="usertype" />
    <result column="userPassword" jdbcType="VARCHAR" property="userpassword" />
    <association property="userDeptId" column="dept_id"
    	select="com.cpms.mapper.CpmsDeptMapper.selectDeptById" 
    	javaType="com.cpms.pojo.CpmsDept"
    />
  </resultMap>
  <sql id="Example_Where_Clause">
    <where>
      <foreach collection="oredCriteria" item="criteria" separator="or">
        <if test="criteria.valid">
          <trim prefix="(" prefixOverrides="and" suffix=")">
            <foreach collection="criteria.criteria" item="criterion">
              <choose>
                <when test="criterion.noValue">
                  and ${criterion.condition}
                </when>
                <when test="criterion.singleValue">
                  and ${criterion.condition} #{criterion.value}
                </when>
                <when test="criterion.betweenValue">
                  and ${criterion.condition} #{criterion.value} and #{criterion.secondValue}
                </when>
                <when test="criterion.listValue">
                  and ${criterion.condition}
                  <foreach close=")" collection="criterion.value" item="listItem" open="(" separator=",">
                    #{listItem}
                  </foreach>
                </when>
              </choose>
            </foreach>
          </trim>
        </if>
      </foreach>
    </where>
  </sql>
  <sql id="Update_By_Example_Where_Clause">
    <where>
      <foreach collection="example.oredCriteria" item="criteria" separator="or">
        <if test="criteria.valid">
          <trim prefix="(" prefixOverrides="and" suffix=")">
            <foreach collection="criteria.criteria" item="criterion">
              <choose>
                <when test="criterion.noValue">
                  and ${criterion.condition}
                </when>
                <when test="criterion.singleValue">
                  and ${criterion.condition} #{criterion.value}
                </when>
                <when test="criterion.betweenValue">
                  and ${criterion.condition} #{criterion.value} and #{criterion.secondValue}
                </when>
                <when test="criterion.listValue">
                  and ${criterion.condition}
                  <foreach close=")" collection="criterion.value" item="listItem" open="(" separator=",">
                    #{listItem}
                  </foreach>
                </when>
              </choose>
            </foreach>
          </trim>
        </if>
      </foreach>
    </where>
  </sql>
  <sql id="Base_Column_List">
    userId, userName, userDeptId, userSex, userPosition, userSuperior, userTel, userEmail, 
    userType, userPassword
  </sql>
  <select id="selectByExample" parameterType="com.cpms.pojo.CpmsUserExample" resultMap="BaseResultMap">
    select
    <if test="distinct">
      distinct
    </if>
    <include refid="Base_Column_List" />
    from cpms_user
    <if test="_parameter != null">
      <include refid="Example_Where_Clause" />
    </if>
    <if test="orderByClause != null">
      order by ${orderByClause}
    </if>
  </select>
  <select id="selectByPrimaryKey" parameterType="java.lang.String" resultMap="BaseResultMap">
    select 
    <include refid="Base_Column_List" />
    from cpms_user
    where userId = #{userid,jdbcType=VARCHAR}
  </select>
  <delete id="deleteByPrimaryKey" parameterType="java.lang.String">
    delete from cpms_user
    where userId = #{userid,jdbcType=VARCHAR}
  </delete>
  <delete id="deleteByExample" parameterType="com.cpms.pojo.CpmsUserExample">
    delete from cpms_user
    <if test="_parameter != null">
      <include refid="Example_Where_Clause" />
    </if>
  </delete>
  <insert id="insert" parameterType="com.cpms.pojo.CpmsUser">
    insert into cpms_user (userId, userName, userDeptId, 
      userSex, userPosition, userSuperior, 
      userTel, userEmail, userType, 
      userPassword)
    values (#{userid,jdbcType=VARCHAR}, #{username,jdbcType=VARCHAR}, #{userdeptid,jdbcType=TINYINT}, 
      #{usersex,jdbcType=CHAR}, #{userposition,jdbcType=VARCHAR}, #{usersuperior,jdbcType=VARCHAR}, 
      #{usertel,jdbcType=VARCHAR}, #{useremail,jdbcType=VARCHAR}, #{usertype,jdbcType=BIT}, 
      #{userpassword,jdbcType=VARCHAR})
  </insert>
  <insert id="insertSelective" parameterType="com.cpms.pojo.CpmsUser">
    insert into cpms_user
    <trim prefix="(" suffix=")" suffixOverrides=",">
      <if test="userid != null">
        userId,
      </if>
      <if test="username != null">
        userName,
      </if>
      <if test="userdeptid != null">
        userDeptId,
      </if>
      <if test="usersex != null">
        userSex,
      </if>
      <if test="userposition != null">
        userPosition,
      </if>
      <if test="usersuperior != null">
        userSuperior,
      </if>
      <if test="usertel != null">
        userTel,
      </if>
      <if test="useremail != null">
        userEmail,
      </if>
      <if test="usertype != null">
        userType,
      </if>
      <if test="userpassword != null">
        userPassword,
      </if>
    </trim>
    <trim prefix="values (" suffix=")" suffixOverrides=",">
      <if test="userid != null">
        #{userid,jdbcType=VARCHAR},
      </if>
      <if test="username != null">
        #{username,jdbcType=VARCHAR},
      </if>
      <if test="userdeptid != null">
        #{userdeptid,jdbcType=TINYINT},
      </if>
      <if test="usersex != null">
        #{usersex,jdbcType=CHAR},
      </if>
      <if test="userposition != null">
        #{userposition,jdbcType=VARCHAR},
      </if>
      <if test="usersuperior != null">
        #{usersuperior,jdbcType=VARCHAR},
      </if>
      <if test="usertel != null">
        #{usertel,jdbcType=VARCHAR},
      </if>
      <if test="useremail != null">
        #{useremail,jdbcType=VARCHAR},
      </if>
      <if test="usertype != null">
        #{usertype,jdbcType=BIT},
      </if>
      <if test="userpassword != null">
        #{userpassword,jdbcType=VARCHAR},
      </if>
    </trim>
  </insert>
  <select id="countByExample" parameterType="com.cpms.pojo.CpmsUserExample" resultType="java.lang.Integer">
    select count(*) from cpms_user
    <if test="_parameter != null">
      <include refid="Example_Where_Clause" />
    </if>
  </select>
  <update id="updateByExampleSelective" parameterType="map">
    update cpms_user
    <set>
      <if test="record.userid != null">
        userId = #{record.userid,jdbcType=VARCHAR},
      </if>
      <if test="record.username != null">
        userName = #{record.username,jdbcType=VARCHAR},
      </if>
      <if test="record.userdeptid != null">
        userDeptId = #{record.userdeptid,jdbcType=TINYINT},
      </if>
      <if test="record.usersex != null">
        userSex = #{record.usersex,jdbcType=CHAR},
      </if>
      <if test="record.userposition != null">
        userPosition = #{record.userposition,jdbcType=VARCHAR},
      </if>
      <if test="record.usersuperior != null">
        userSuperior = #{record.usersuperior,jdbcType=VARCHAR},
      </if>
      <if test="record.usertel != null">
        userTel = #{record.usertel,jdbcType=VARCHAR},
      </if>
      <if test="record.useremail != null">
        userEmail = #{record.useremail,jdbcType=VARCHAR},
      </if>
      <if test="record.usertype != null">
        userType = #{record.usertype,jdbcType=BIT},
      </if>
      <if test="record.userpassword != null">
        userPassword = #{record.userpassword,jdbcType=VARCHAR},
      </if>
    </set>
    <if test="_parameter != null">
      <include refid="Update_By_Example_Where_Clause" />
    </if>
  </update>
  <update id="updateByExample" parameterType="map">
    update cpms_user
    set userId = #{record.userid,jdbcType=VARCHAR},
      userName = #{record.username,jdbcType=VARCHAR},
      userDeptId = #{record.userdeptid,jdbcType=TINYINT},
      userSex = #{record.usersex,jdbcType=CHAR},
      userPosition = #{record.userposition,jdbcType=VARCHAR},
      userSuperior = #{record.usersuperior,jdbcType=VARCHAR},
      userTel = #{record.usertel,jdbcType=VARCHAR},
      userEmail = #{record.useremail,jdbcType=VARCHAR},
      userType = #{record.usertype,jdbcType=BIT},
      userPassword = #{record.userpassword,jdbcType=VARCHAR}
    <if test="_parameter != null">
      <include refid="Update_By_Example_Where_Clause" />
    </if>
  </update>
  <update id="updateByPrimaryKeySelective" parameterType="com.cpms.pojo.CpmsUser">
    update cpms_user
    <set>
      <if test="username != null">
        userName = #{username,jdbcType=VARCHAR},
      </if>
      <if test="userdeptid != null">
        userDeptId = #{userdeptid,jdbcType=TINYINT},
      </if>
      <if test="usersex != null">
        userSex = #{usersex,jdbcType=CHAR},
      </if>
      <if test="userposition != null">
        userPosition = #{userposition,jdbcType=VARCHAR},
      </if>
      <if test="usersuperior != null">
        userSuperior = #{usersuperior,jdbcType=VARCHAR},
      </if>
      <if test="usertel != null">
        userTel = #{usertel,jdbcType=VARCHAR},
      </if>
      <if test="useremail != null">
        userEmail = #{useremail,jdbcType=VARCHAR},
      </if>
      <if test="usertype != null">
        userType = #{usertype,jdbcType=BIT},
      </if>
      <if test="userpassword != null">
        userPassword = #{userpassword,jdbcType=VARCHAR},
      </if>
    </set>
    where userId = #{userid,jdbcType=VARCHAR}
  </update>
  <update id="updateByPrimaryKey" parameterType="com.cpms.pojo.CpmsUser">
    update cpms_user
    set userName = #{username,jdbcType=VARCHAR},
      userDeptId = #{userdeptid,jdbcType=TINYINT},
      userSex = #{usersex,jdbcType=CHAR},
      userPosition = #{userposition,jdbcType=VARCHAR},
      userSuperior = #{usersuperior,jdbcType=VARCHAR},
      userTel = #{usertel,jdbcType=VARCHAR},
      userEmail = #{useremail,jdbcType=VARCHAR},
      userType = #{usertype,jdbcType=BIT},
      userPassword = #{userpassword,jdbcType=VARCHAR}
    where userId = #{userid,jdbcType=VARCHAR}
  </update>
  
  <!-- 查询所有用户 -->
<!--   <select id="selectUsers" resultType="com.cpms.pojo.CpmsUser">
	  select * from cpms_user
  </select> -->
 
  
</mapper>