<?xml version="1.0" encoding="UTF-8"?>
<!DOCTYPE mapper PUBLIC "-//mybatis.org//DTD Mapper 3.0//EN" "http://mybatis.org/dtd/mybatis-3-mapper.dtd">
<mapper namespace="com.cpms.mapper.CpmsProjectMapper">
  <resultMap id="BaseResultMap" type="com.cpms.pojo.CpmsProject">
    <id column="projectId" jdbcType="VARCHAR" property="projectid" />
    <result column="projectName" jdbcType="VARCHAR" property="projectname" />
    <result column="projectStartTime" jdbcType="DATE" property="projectstarttime" />
    <result column="projectEndTime" jdbcType="DATE" property="projectendtime" />
    <result column="projectArea" jdbcType="VARCHAR" property="projectarea" />
    <result column="projectAddress" jdbcType="VARCHAR" property="projectaddress" />
    <result column="projectDuration" jdbcType="VARCHAR" property="projectduration" />
    <result column="projectQuantitiesEstimate" jdbcType="INTEGER" property="projectquantitiesestimate" />
    <result column="projectCostEstimate" jdbcType="DOUBLE" property="projectcostestimate" />
    <result column="projectProfitEstimate" jdbcType="DOUBLE" property="projectprofitestimate" />
    <result column="projectQualityLevel" jdbcType="CHAR" property="projectqualitylevel" />
    <result column="projectTrackerId" jdbcType="VARCHAR" property="projecttrackerid" />
    <result column="projectStatus" jdbcType="CHAR" property="projectstatus" />
    <result column="projectDate" jdbcType="DATE" property="projectdate" />
    <result column="projectRemark" jdbcType="VARCHAR" property="projectremark" />
  </resultMap>
  <sql id="Example_Where_Clause">
    <where>
      <foreach collection="oredCriteria" item="criteria" separator="or">
        <if test="criteria.valid">
          <trim prefix="(" prefixOverrides="and" suffix=")">
            <foreach collection="criteria.criteria" item="criterion">
              <choose>
                <when test="criterion.noValue">
                  and ${criterion.condition}
                </when>
                <when test="criterion.singleValue">
                  and ${criterion.condition} #{criterion.value}
                </when>
                <when test="criterion.betweenValue">
                  and ${criterion.condition} #{criterion.value} and #{criterion.secondValue}
                </when>
                <when test="criterion.listValue">
                  and ${criterion.condition}
                  <foreach close=")" collection="criterion.value" item="listItem" open="(" separator=",">
                    #{listItem}
                  </foreach>
                </when>
              </choose>
            </foreach>
          </trim>
        </if>
      </foreach>
    </where>
  </sql>
  <sql id="Update_By_Example_Where_Clause">
    <where>
      <foreach collection="example.oredCriteria" item="criteria" separator="or">
        <if test="criteria.valid">
          <trim prefix="(" prefixOverrides="and" suffix=")">
            <foreach collection="criteria.criteria" item="criterion">
              <choose>
                <when test="criterion.noValue">
                  and ${criterion.condition}
                </when>
                <when test="criterion.singleValue">
                  and ${criterion.condition} #{criterion.value}
                </when>
                <when test="criterion.betweenValue">
                  and ${criterion.condition} #{criterion.value} and #{criterion.secondValue}
                </when>
                <when test="criterion.listValue">
                  and ${criterion.condition}
                  <foreach close=")" collection="criterion.value" item="listItem" open="(" separator=",">
                    #{listItem}
                  </foreach>
                </when>
              </choose>
            </foreach>
          </trim>
        </if>
      </foreach>
    </where>
  </sql>
  <sql id="Base_Column_List">
    projectId, projectName, projectStartTime, projectEndTime, projectArea, projectAddress, 
    projectDuration, projectQuantitiesEstimate, projectCostEstimate, projectProfitEstimate, 
    projectQualityLevel, projectTrackerId, projectStatus, projectDate, projectRemark
  </sql>
  <select id="selectByExample" parameterType="com.cpms.pojo.CpmsProjectExample" resultMap="BaseResultMap">
    select
    <if test="distinct">
      distinct
    </if>
    <include refid="Base_Column_List" />
    from cpms_project
    <if test="_parameter != null">
      <include refid="Example_Where_Clause" />
    </if>
    <if test="orderByClause != null">
      order by ${orderByClause}
    </if>
  </select>
  <select id="selectByPrimaryKey" parameterType="java.lang.String" resultMap="BaseResultMap">
    select 
    <include refid="Base_Column_List" />
    from cpms_project
    where projectId = #{projectid,jdbcType=VARCHAR}
  </select>
  <delete id="deleteByPrimaryKey" parameterType="java.lang.String">
    delete from cpms_project
    where projectId = #{projectid,jdbcType=VARCHAR}
  </delete>
  <delete id="deleteByExample" parameterType="com.cpms.pojo.CpmsProjectExample">
    delete from cpms_project
    <if test="_parameter != null">
      <include refid="Example_Where_Clause" />
    </if>
  </delete>
  <insert id="insert" parameterType="com.cpms.pojo.CpmsProject">
    insert into cpms_project (projectId, projectName, projectStartTime, 
      projectEndTime, projectArea, projectAddress, 
      projectDuration, projectQuantitiesEstimate, 
      projectCostEstimate, projectProfitEstimate, 
      projectQualityLevel, projectTrackerId, projectStatus, 
      projectDate, projectRemark)
    values (#{projectid,jdbcType=VARCHAR}, #{projectname,jdbcType=VARCHAR}, #{projectstarttime,jdbcType=DATE}, 
      #{projectendtime,jdbcType=DATE}, #{projectarea,jdbcType=VARCHAR}, #{projectaddress,jdbcType=VARCHAR}, 
      #{projectduration,jdbcType=VARCHAR}, #{projectquantitiesestimate,jdbcType=INTEGER}, 
      #{projectcostestimate,jdbcType=DOUBLE}, #{projectprofitestimate,jdbcType=DOUBLE}, 
      #{projectqualitylevel,jdbcType=CHAR}, #{projecttrackerid,jdbcType=VARCHAR}, #{projectstatus,jdbcType=CHAR}, 
      #{projectdate,jdbcType=DATE}, #{projectremark,jdbcType=VARCHAR})
  </insert>
  <insert id="insertSelective" parameterType="com.cpms.pojo.CpmsProject">
    insert into cpms_project
    <trim prefix="(" suffix=")" suffixOverrides=",">
      <if test="projectid != null">
        projectId,
      </if>
      <if test="projectname != null">
        projectName,
      </if>
      <if test="projectstarttime != null">
        projectStartTime,
      </if>
      <if test="projectendtime != null">
        projectEndTime,
      </if>
      <if test="projectarea != null">
        projectArea,
      </if>
      <if test="projectaddress != null">
        projectAddress,
      </if>
      <if test="projectduration != null">
        projectDuration,
      </if>
      <if test="projectquantitiesestimate != null">
        projectQuantitiesEstimate,
      </if>
      <if test="projectcostestimate != null">
        projectCostEstimate,
      </if>
      <if test="projectprofitestimate != null">
        projectProfitEstimate,
      </if>
      <if test="projectqualitylevel != null">
        projectQualityLevel,
      </if>
      <if test="projecttrackerid != null">
        projectTrackerId,
      </if>
      <if test="projectstatus != null">
        projectStatus,
      </if>
      <if test="projectdate != null">
        projectDate,
      </if>
      <if test="projectremark != null">
        projectRemark,
      </if>
    </trim>
    <trim prefix="values (" suffix=")" suffixOverrides=",">
      <if test="projectid != null">
        #{projectid,jdbcType=VARCHAR},
      </if>
      <if test="projectname != null">
        #{projectname,jdbcType=VARCHAR},
      </if>
      <if test="projectstarttime != null">
        #{projectstarttime,jdbcType=DATE},
      </if>
      <if test="projectendtime != null">
        #{projectendtime,jdbcType=DATE},
      </if>
      <if test="projectarea != null">
        #{projectarea,jdbcType=VARCHAR},
      </if>
      <if test="projectaddress != null">
        #{projectaddress,jdbcType=VARCHAR},
      </if>
      <if test="projectduration != null">
        #{projectduration,jdbcType=VARCHAR},
      </if>
      <if test="projectquantitiesestimate != null">
        #{projectquantitiesestimate,jdbcType=INTEGER},
      </if>
      <if test="projectcostestimate != null">
        #{projectcostestimate,jdbcType=DOUBLE},
      </if>
      <if test="projectprofitestimate != null">
        #{projectprofitestimate,jdbcType=DOUBLE},
      </if>
      <if test="projectqualitylevel != null">
        #{projectqualitylevel,jdbcType=CHAR},
      </if>
      <if test="projecttrackerid != null">
        #{projecttrackerid,jdbcType=VARCHAR},
      </if>
      <if test="projectstatus != null">
        #{projectstatus,jdbcType=CHAR},
      </if>
      <if test="projectdate != null">
        #{projectdate,jdbcType=DATE},
      </if>
      <if test="projectremark != null">
        #{projectremark,jdbcType=VARCHAR},
      </if>
    </trim>
  </insert>
  <select id="countByExample" parameterType="com.cpms.pojo.CpmsProjectExample" resultType="java.lang.Integer">
    select count(*) from cpms_project
    <if test="_parameter != null">
      <include refid="Example_Where_Clause" />
    </if>
  </select>
  <update id="updateByExampleSelective" parameterType="map">
    update cpms_project
    <set>
      <if test="record.projectid != null">
        projectId = #{record.projectid,jdbcType=VARCHAR},
      </if>
      <if test="record.projectname != null">
        projectName = #{record.projectname,jdbcType=VARCHAR},
      </if>
      <if test="record.projectstarttime != null">
        projectStartTime = #{record.projectstarttime,jdbcType=DATE},
      </if>
      <if test="record.projectendtime != null">
        projectEndTime = #{record.projectendtime,jdbcType=DATE},
      </if>
      <if test="record.projectarea != null">
        projectArea = #{record.projectarea,jdbcType=VARCHAR},
      </if>
      <if test="record.projectaddress != null">
        projectAddress = #{record.projectaddress,jdbcType=VARCHAR},
      </if>
      <if test="record.projectduration != null">
        projectDuration = #{record.projectduration,jdbcType=VARCHAR},
      </if>
      <if test="record.projectquantitiesestimate != null">
        projectQuantitiesEstimate = #{record.projectquantitiesestimate,jdbcType=INTEGER},
      </if>
      <if test="record.projectcostestimate != null">
        projectCostEstimate = #{record.projectcostestimate,jdbcType=DOUBLE},
      </if>
      <if test="record.projectprofitestimate != null">
        projectProfitEstimate = #{record.projectprofitestimate,jdbcType=DOUBLE},
      </if>
      <if test="record.projectqualitylevel != null">
        projectQualityLevel = #{record.projectqualitylevel,jdbcType=CHAR},
      </if>
      <if test="record.projecttrackerid != null">
        projectTrackerId = #{record.projecttrackerid,jdbcType=VARCHAR},
      </if>
      <if test="record.projectstatus != null">
        projectStatus = #{record.projectstatus,jdbcType=CHAR},
      </if>
      <if test="record.projectdate != null">
        projectDate = #{record.projectdate,jdbcType=DATE},
      </if>
      <if test="record.projectremark != null">
        projectRemark = #{record.projectremark,jdbcType=VARCHAR},
      </if>
    </set>
    <if test="_parameter != null">
      <include refid="Update_By_Example_Where_Clause" />
    </if>
  </update>
  <update id="updateByExample" parameterType="map">
    update cpms_project
    set projectId = #{record.projectid,jdbcType=VARCHAR},
      projectName = #{record.projectname,jdbcType=VARCHAR},
      projectStartTime = #{record.projectstarttime,jdbcType=DATE},
      projectEndTime = #{record.projectendtime,jdbcType=DATE},
      projectArea = #{record.projectarea,jdbcType=VARCHAR},
      projectAddress = #{record.projectaddress,jdbcType=VARCHAR},
      projectDuration = #{record.projectduration,jdbcType=VARCHAR},
      projectQuantitiesEstimate = #{record.projectquantitiesestimate,jdbcType=INTEGER},
      projectCostEstimate = #{record.projectcostestimate,jdbcType=DOUBLE},
      projectProfitEstimate = #{record.projectprofitestimate,jdbcType=DOUBLE},
      projectQualityLevel = #{record.projectqualitylevel,jdbcType=CHAR},
      projectTrackerId = #{record.projecttrackerid,jdbcType=VARCHAR},
      projectStatus = #{record.projectstatus,jdbcType=CHAR},
      projectDate = #{record.projectdate,jdbcType=DATE},
      projectRemark = #{record.projectremark,jdbcType=VARCHAR}
    <if test="_parameter != null">
      <include refid="Update_By_Example_Where_Clause" />
    </if>
  </update>
  <update id="updateByPrimaryKeySelective" parameterType="com.cpms.pojo.CpmsProject">
    update cpms_project
    <set>
      <if test="projectname != null">
        projectName = #{projectname,jdbcType=VARCHAR},
      </if>
      <if test="projectstarttime != null">
        projectStartTime = #{projectstarttime,jdbcType=DATE},
      </if>
      <if test="projectendtime != null">
        projectEndTime = #{projectendtime,jdbcType=DATE},
      </if>
      <if test="projectarea != null">
        projectArea = #{projectarea,jdbcType=VARCHAR},
      </if>
      <if test="projectaddress != null">
        projectAddress = #{projectaddress,jdbcType=VARCHAR},
      </if>
      <if test="projectduration != null">
        projectDuration = #{projectduration,jdbcType=VARCHAR},
      </if>
      <if test="projectquantitiesestimate != null">
        projectQuantitiesEstimate = #{projectquantitiesestimate,jdbcType=INTEGER},
      </if>
      <if test="projectcostestimate != null">
        projectCostEstimate = #{projectcostestimate,jdbcType=DOUBLE},
      </if>
      <if test="projectprofitestimate != null">
        projectProfitEstimate = #{projectprofitestimate,jdbcType=DOUBLE},
      </if>
      <if test="projectqualitylevel != null">
        projectQualityLevel = #{projectqualitylevel,jdbcType=CHAR},
      </if>
      <if test="projecttrackerid != null">
        projectTrackerId = #{projecttrackerid,jdbcType=VARCHAR},
      </if>
      <if test="projectstatus != null">
        projectStatus = #{projectstatus,jdbcType=CHAR},
      </if>
      <if test="projectdate != null">
        projectDate = #{projectdate,jdbcType=DATE},
      </if>
      <if test="projectremark != null">
        projectRemark = #{projectremark,jdbcType=VARCHAR},
      </if>
    </set>
    where projectId = #{projectid,jdbcType=VARCHAR}
  </update>
  <update id="updateByPrimaryKey" parameterType="com.cpms.pojo.CpmsProject">
    update cpms_project
    set projectName = #{projectname,jdbcType=VARCHAR},
      projectStartTime = #{projectstarttime,jdbcType=DATE},
      projectEndTime = #{projectendtime,jdbcType=DATE},
      projectArea = #{projectarea,jdbcType=VARCHAR},
      projectAddress = #{projectaddress,jdbcType=VARCHAR},
      projectDuration = #{projectduration,jdbcType=VARCHAR},
      projectQuantitiesEstimate = #{projectquantitiesestimate,jdbcType=INTEGER},
      projectCostEstimate = #{projectcostestimate,jdbcType=DOUBLE},
      projectProfitEstimate = #{projectprofitestimate,jdbcType=DOUBLE},
      projectQualityLevel = #{projectqualitylevel,jdbcType=CHAR},
      projectTrackerId = #{projecttrackerid,jdbcType=VARCHAR},
      projectStatus = #{projectstatus,jdbcType=CHAR},
      projectDate = #{projectdate,jdbcType=DATE},
      projectRemark = #{projectremark,jdbcType=VARCHAR}
    where projectId = #{projectid,jdbcType=VARCHAR}
  </update>
<!--   <resultMap id="BaseResultMap1" type="com.cpms.pojo.CpmsProject">
    <id column="projectId" jdbcType="VARCHAR" property="projectid" />
    <result column="projectName" jdbcType="VARCHAR" property="projectname" />
    <result column="projectStartTime" jdbcType="DATE" property="projectstarttime" />
    <result column="projectEndTime" jdbcType="DATE" property="projectendtime" />
    <result column="projectArea" jdbcType="VARCHAR" property="projectarea" />
    <result column="projectAddress" jdbcType="VARCHAR" property="projectaddress" />
    <result column="projectDuration" jdbcType="VARCHAR" property="projectduration" />
    <result column="projectQuantitiesEstimate" jdbcType="INTEGER" property="projectquantitiesestimate" />
    <result column="projectCostEstimate" jdbcType="DOUBLE" property="projectcostestimate" />
    <result column="projectProfitEstimate" jdbcType="DOUBLE" property="projectprofitestimate" />
    <result column="projectQualityLevel" jdbcType="CHAR" property="projectqualitylevel" />
    <result column="projectTrackerId" jdbcType="VARCHAR" property="projecttrackerid" />
    <result column="projectStatus" jdbcType="CHAR" property="projectstatus" />
    <result column="projectDate" jdbcType="DATE" property="projectdate" />
    <result column="projectRemark" jdbcType="VARCHAR" property="projectremark" />
  </resultMap>
  <sql id="Example_Where_Clause">
    <where>
      <foreach collection="oredCriteria" item="criteria" separator="or">
        <if test="criteria.valid">
          <trim prefix="(" prefixOverrides="and" suffix=")">
            <foreach collection="criteria.criteria" item="criterion">
              <choose>
                <when test="criterion.noValue">
                  and ${criterion.condition}
                </when>
                <when test="criterion.singleValue">
                  and ${criterion.condition} #{criterion.value}
                </when>
                <when test="criterion.betweenValue">
                  and ${criterion.condition} #{criterion.value} and #{criterion.secondValue}
                </when>
                <when test="criterion.listValue">
                  and ${criterion.condition}
                  <foreach close=")" collection="criterion.value" item="listItem" open="(" separator=",">
                    #{listItem}
                  </foreach>
                </when>
              </choose>
            </foreach>
          </trim>
        </if>
      </foreach>
    </where>
  </sql>
  <sql id="Update_By_Example_Where_Clause">
    <where>
      <foreach collection="example.oredCriteria" item="criteria" separator="or">
        <if test="criteria.valid">
          <trim prefix="(" prefixOverrides="and" suffix=")">
            <foreach collection="criteria.criteria" item="criterion">
              <choose>
                <when test="criterion.noValue">
                  and ${criterion.condition}
                </when>
                <when test="criterion.singleValue">
                  and ${criterion.condition} #{criterion.value}
                </when>
                <when test="criterion.betweenValue">
                  and ${criterion.condition} #{criterion.value} and #{criterion.secondValue}
                </when>
                <when test="criterion.listValue">
                  and ${criterion.condition}
                  <foreach close=")" collection="criterion.value" item="listItem" open="(" separator=",">
                    #{listItem}
                  </foreach>
                </when>
              </choose>
            </foreach>
          </trim>
        </if>
      </foreach>
    </where>
  </sql>
  <sql id="Base_Column_List">
    projectId, projectName, projectStartTime, projectEndTime, projectArea, projectAddress, 
    projectDuration, projectQuantitiesEstimate, projectCostEstimate, projectProfitEstimate, 
    projectQualityLevel, projectTrackerId, projectStatus, projectDate, projectRemark
  </sql>
  <select id="selectByExample" parameterType="com.cpms.pojo.CpmsProjectExample" resultMap="BaseResultMap">
    select
    <if test="distinct">
      distinct
    </if>
    <include refid="Base_Column_List" />
    from cpms_project
    <if test="_parameter != null">
      <include refid="Example_Where_Clause" />
    </if>
    <if test="orderByClause != null">
      order by ${orderByClause}
    </if>
  </select>
  <select id="selectByPrimaryKey" parameterType="java.lang.String" resultMap="BaseResultMap">
    select 
    <include refid="Base_Column_List" />
    from cpms_project
    where projectId = #{projectid,jdbcType=VARCHAR}
  </select>
  <delete id="deleteByPrimaryKey" parameterType="java.lang.String">
    delete from cpms_project
    where projectId = #{projectid,jdbcType=VARCHAR}
  </delete>
  <delete id="deleteByExample" parameterType="com.cpms.pojo.CpmsProjectExample">
    delete from cpms_project
    <if test="_parameter != null">
      <include refid="Example_Where_Clause" />
    </if>
  </delete>
  <insert id="insert" parameterType="com.cpms.pojo.CpmsProject">
    insert into cpms_project (projectId, projectName, projectStartTime, 
      projectEndTime, projectArea, projectAddress, 
      projectDuration, projectQuantitiesEstimate, 
      projectCostEstimate, projectProfitEstimate, 
      projectQualityLevel, projectTrackerId, projectStatus, 
      projectDate, projectRemark)
    values (#{projectid,jdbcType=VARCHAR}, #{projectname,jdbcType=VARCHAR}, #{projectstarttime,jdbcType=DATE}, 
      #{projectendtime,jdbcType=DATE}, #{projectarea,jdbcType=VARCHAR}, #{projectaddress,jdbcType=VARCHAR}, 
      #{projectduration,jdbcType=VARCHAR}, #{projectquantitiesestimate,jdbcType=INTEGER}, 
      #{projectcostestimate,jdbcType=DOUBLE}, #{projectprofitestimate,jdbcType=DOUBLE}, 
      #{projectqualitylevel,jdbcType=CHAR}, #{projecttrackerid,jdbcType=VARCHAR}, #{projectstatus,jdbcType=CHAR}, 
      #{projectdate,jdbcType=DATE}, #{projectremark,jdbcType=VARCHAR})
  </insert>
  <insert id="insertSelective" parameterType="com.cpms.pojo.CpmsProject">
    insert into cpms_project
    <trim prefix="(" suffix=")" suffixOverrides=",">
      <if test="projectid != null">
        projectId,
      </if>
      <if test="projectname != null">
        projectName,
      </if>
      <if test="projectstarttime != null">
        projectStartTime,
      </if>
      <if test="projectendtime != null">
        projectEndTime,
      </if>
      <if test="projectarea != null">
        projectArea,
      </if>
      <if test="projectaddress != null">
        projectAddress,
      </if>
      <if test="projectduration != null">
        projectDuration,
      </if>
      <if test="projectquantitiesestimate != null">
        projectQuantitiesEstimate,
      </if>
      <if test="projectcostestimate != null">
        projectCostEstimate,
      </if>
      <if test="projectprofitestimate != null">
        projectProfitEstimate,
      </if>
      <if test="projectqualitylevel != null">
        projectQualityLevel,
      </if>
      <if test="projecttrackerid != null">
        projectTrackerId,
      </if>
      <if test="projectstatus != null">
        projectStatus,
      </if>
      <if test="projectdate != null">
        projectDate,
      </if>
      <if test="projectremark != null">
        projectRemark,
      </if>
    </trim>
    <trim prefix="values (" suffix=")" suffixOverrides=",">
      <if test="projectid != null">
        #{projectid,jdbcType=VARCHAR},
      </if>
      <if test="projectname != null">
        #{projectname,jdbcType=VARCHAR},
      </if>
      <if test="projectstarttime != null">
        #{projectstarttime,jdbcType=DATE},
      </if>
      <if test="projectendtime != null">
        #{projectendtime,jdbcType=DATE},
      </if>
      <if test="projectarea != null">
        #{projectarea,jdbcType=VARCHAR},
      </if>
      <if test="projectaddress != null">
        #{projectaddress,jdbcType=VARCHAR},
      </if>
      <if test="projectduration != null">
        #{projectduration,jdbcType=VARCHAR},
      </if>
      <if test="projectquantitiesestimate != null">
        #{projectquantitiesestimate,jdbcType=INTEGER},
      </if>
      <if test="projectcostestimate != null">
        #{projectcostestimate,jdbcType=DOUBLE},
      </if>
      <if test="projectprofitestimate != null">
        #{projectprofitestimate,jdbcType=DOUBLE},
      </if>
      <if test="projectqualitylevel != null">
        #{projectqualitylevel,jdbcType=CHAR},
      </if>
      <if test="projecttrackerid != null">
        #{projecttrackerid,jdbcType=VARCHAR},
      </if>
      <if test="projectstatus != null">
        #{projectstatus,jdbcType=CHAR},
      </if>
      <if test="projectdate != null">
        #{projectdate,jdbcType=DATE},
      </if>
      <if test="projectremark != null">
        #{projectremark,jdbcType=VARCHAR},
      </if>
    </trim>
  </insert>
  <select id="countByExample" parameterType="com.cpms.pojo.CpmsProjectExample" resultType="java.lang.Integer">
    select count(*) from cpms_project
    <if test="_parameter != null">
      <include refid="Example_Where_Clause" />
    </if>
  </select>
  <update id="updateByExampleSelective" parameterType="map">
    update cpms_project
    <set>
      <if test="record.projectid != null">
        projectId = #{record.projectid,jdbcType=VARCHAR},
      </if>
      <if test="record.projectname != null">
        projectName = #{record.projectname,jdbcType=VARCHAR},
      </if>
      <if test="record.projectstarttime != null">
        projectStartTime = #{record.projectstarttime,jdbcType=DATE},
      </if>
      <if test="record.projectendtime != null">
        projectEndTime = #{record.projectendtime,jdbcType=DATE},
      </if>
      <if test="record.projectarea != null">
        projectArea = #{record.projectarea,jdbcType=VARCHAR},
      </if>
      <if test="record.projectaddress != null">
        projectAddress = #{record.projectaddress,jdbcType=VARCHAR},
      </if>
      <if test="record.projectduration != null">
        projectDuration = #{record.projectduration,jdbcType=VARCHAR},
      </if>
      <if test="record.projectquantitiesestimate != null">
        projectQuantitiesEstimate = #{record.projectquantitiesestimate,jdbcType=INTEGER},
      </if>
      <if test="record.projectcostestimate != null">
        projectCostEstimate = #{record.projectcostestimate,jdbcType=DOUBLE},
      </if>
      <if test="record.projectprofitestimate != null">
        projectProfitEstimate = #{record.projectprofitestimate,jdbcType=DOUBLE},
      </if>
      <if test="record.projectqualitylevel != null">
        projectQualityLevel = #{record.projectqualitylevel,jdbcType=CHAR},
      </if>
      <if test="record.projecttrackerid != null">
        projectTrackerId = #{record.projecttrackerid,jdbcType=VARCHAR},
      </if>
      <if test="record.projectstatus != null">
        projectStatus = #{record.projectstatus,jdbcType=CHAR},
      </if>
      <if test="record.projectdate != null">
        projectDate = #{record.projectdate,jdbcType=DATE},
      </if>
      <if test="record.projectremark != null">
        projectRemark = #{record.projectremark,jdbcType=VARCHAR},
      </if>
    </set>
    <if test="_parameter != null">
      <include refid="Update_By_Example_Where_Clause" />
    </if>
  </update>
  <update id="updateByExample" parameterType="map">
    update cpms_project
    set projectId = #{record.projectid,jdbcType=VARCHAR},
      projectName = #{record.projectname,jdbcType=VARCHAR},
      projectStartTime = #{record.projectstarttime,jdbcType=DATE},
      projectEndTime = #{record.projectendtime,jdbcType=DATE},
      projectArea = #{record.projectarea,jdbcType=VARCHAR},
      projectAddress = #{record.projectaddress,jdbcType=VARCHAR},
      projectDuration = #{record.projectduration,jdbcType=VARCHAR},
      projectQuantitiesEstimate = #{record.projectquantitiesestimate,jdbcType=INTEGER},
      projectCostEstimate = #{record.projectcostestimate,jdbcType=DOUBLE},
      projectProfitEstimate = #{record.projectprofitestimate,jdbcType=DOUBLE},
      projectQualityLevel = #{record.projectqualitylevel,jdbcType=CHAR},
      projectTrackerId = #{record.projecttrackerid,jdbcType=VARCHAR},
      projectStatus = #{record.projectstatus,jdbcType=CHAR},
      projectDate = #{record.projectdate,jdbcType=DATE},
      projectRemark = #{record.projectremark,jdbcType=VARCHAR}
    <if test="_parameter != null">
      <include refid="Update_By_Example_Where_Clause" />
    </if>
  </update>
  <update id="updateByPrimaryKeySelective" parameterType="com.cpms.pojo.CpmsProject">
    update cpms_project
    <set>
      <if test="projectname != null">
        projectName = #{projectname,jdbcType=VARCHAR},
      </if>
      <if test="projectstarttime != null">
        projectStartTime = #{projectstarttime,jdbcType=DATE},
      </if>
      <if test="projectendtime != null">
        projectEndTime = #{projectendtime,jdbcType=DATE},
      </if>
      <if test="projectarea != null">
        projectArea = #{projectarea,jdbcType=VARCHAR},
      </if>
      <if test="projectaddress != null">
        projectAddress = #{projectaddress,jdbcType=VARCHAR},
      </if>
      <if test="projectduration != null">
        projectDuration = #{projectduration,jdbcType=VARCHAR},
      </if>
      <if test="projectquantitiesestimate != null">
        projectQuantitiesEstimate = #{projectquantitiesestimate,jdbcType=INTEGER},
      </if>
      <if test="projectcostestimate != null">
        projectCostEstimate = #{projectcostestimate,jdbcType=DOUBLE},
      </if>
      <if test="projectprofitestimate != null">
        projectProfitEstimate = #{projectprofitestimate,jdbcType=DOUBLE},
      </if>
      <if test="projectqualitylevel != null">
        projectQualityLevel = #{projectqualitylevel,jdbcType=CHAR},
      </if>
      <if test="projecttrackerid != null">
        projectTrackerId = #{projecttrackerid,jdbcType=VARCHAR},
      </if>
      <if test="projectstatus != null">
        projectStatus = #{projectstatus,jdbcType=CHAR},
      </if>
      <if test="projectdate != null">
        projectDate = #{projectdate,jdbcType=DATE},
      </if>
      <if test="projectremark != null">
        projectRemark = #{projectremark,jdbcType=VARCHAR},
      </if>
    </set>
    where projectId = #{projectid,jdbcType=VARCHAR}
  </update>
  <update id="updateByPrimaryKey" parameterType="com.cpms.pojo.CpmsProject">
    update cpms_project
    set projectName = #{projectname,jdbcType=VARCHAR},
      projectStartTime = #{projectstarttime,jdbcType=DATE},
      projectEndTime = #{projectendtime,jdbcType=DATE},
      projectArea = #{projectarea,jdbcType=VARCHAR},
      projectAddress = #{projectaddress,jdbcType=VARCHAR},
      projectDuration = #{projectduration,jdbcType=VARCHAR},
      projectQuantitiesEstimate = #{projectquantitiesestimate,jdbcType=INTEGER},
      projectCostEstimate = #{projectcostestimate,jdbcType=DOUBLE},
      projectProfitEstimate = #{projectprofitestimate,jdbcType=DOUBLE},
      projectQualityLevel = #{projectqualitylevel,jdbcType=CHAR},
      projectTrackerId = #{projecttrackerid,jdbcType=VARCHAR},
      projectStatus = #{projectstatus,jdbcType=CHAR},
      projectDate = #{projectdate,jdbcType=DATE},
      projectRemark = #{projectremark,jdbcType=VARCHAR}
    where projectId  = #{projectid,jdbcType=VARCHAR}
  </update> -->
</mapper>