<?xml version="1.0" encoding="UTF-8"?>
<!DOCTYPE mapper PUBLIC "-//mybatis.org//DTD Mapper 3.0//EN" "http://mybatis.org/dtd/mybatis-3-mapper.dtd">
<mapper namespace="com.cpms.mapper.CpmsUserTypeMapper">
  <resultMap id="BaseResultMap" type="com.cpms.pojo.CpmsUserType">
    <id column="typeId" jdbcType="BIT" property="typeid" />
    <result column="typeName" jdbcType="VARCHAR" property="typename" />
  </resultMap>
  <sql id="Example_Where_Clause">
    <where>
      <foreach collection="oredCriteria" item="criteria" separator="or">
        <if test="criteria.valid">
          <trim prefix="(" prefixOverrides="and" suffix=")">
            <foreach collection="criteria.criteria" item="criterion">
              <choose>
                <when test="criterion.noValue">
                  and ${criterion.condition}
                </when>
                <when test="criterion.singleValue">
                  and ${criterion.condition} #{criterion.value}
                </when>
                <when test="criterion.betweenValue">
                  and ${criterion.condition} #{criterion.value} and #{criterion.secondValue}
                </when>
                <when test="criterion.listValue">
                  and ${criterion.condition}
                  <foreach close=")" collection="criterion.value" item="listItem" open="(" separator=",">
                    #{listItem}
                  </foreach>
                </when>
              </choose>
            </foreach>
          </trim>
        </if>
      </foreach>
    </where>
  </sql>
  <sql id="Update_By_Example_Where_Clause">
    <where>
      <foreach collection="example.oredCriteria" item="criteria" separator="or">
        <if test="criteria.valid">
          <trim prefix="(" prefixOverrides="and" suffix=")">
            <foreach collection="criteria.criteria" item="criterion">
              <choose>
                <when test="criterion.noValue">
                  and ${criterion.condition}
                </when>
                <when test="criterion.singleValue">
                  and ${criterion.condition} #{criterion.value}
                </when>
                <when test="criterion.betweenValue">
                  and ${criterion.condition} #{criterion.value} and #{criterion.secondValue}
                </when>
                <when test="criterion.listValue">
                  and ${criterion.condition}
                  <foreach close=")" collection="criterion.value" item="listItem" open="(" separator=",">
                    #{listItem}
                  </foreach>
                </when>
              </choose>
            </foreach>
          </trim>
        </if>
      </foreach>
    </where>
  </sql>
  <sql id="Base_Column_List">
    typeId, typeName
  </sql>
  <select id="selectByExample" parameterType="com.cpms.pojo.CpmsUserTypeExample" resultMap="BaseResultMap">
    select
    <if test="distinct">
      distinct
    </if>
    <include refid="Base_Column_List" />
    from cpms_user_type
    <if test="_parameter != null">
      <include refid="Example_Where_Clause" />
    </if>
    <if test="orderByClause != null">
      order by ${orderByClause}
    </if>
  </select>
  <select id="selectByPrimaryKey" parameterType="Integer" resultMap="BaseResultMap">
    select 
    <include refid="Base_Column_List" />
    from cpms_user_type
    where typeId = #{typeid,jdbcType=BIT}
  </select>
  <delete id="deleteByPrimaryKey" parameterType="Integer">
    delete from cpms_user_type
    where typeId = #{typeid,jdbcType=BIT}
  </delete>
  <delete id="deleteByExample" parameterType="com.cpms.pojo.CpmsUserTypeExample">
    delete from cpms_user_type
    <if test="_parameter != null">
      <include refid="Example_Where_Clause" />
    </if>
  </delete>
  <insert id="insert" parameterType="com.cpms.pojo.CpmsUserType">
    insert into cpms_user_type (typeId, typeName)
    values (#{typeid,jdbcType=BIT}, #{typename,jdbcType=VARCHAR})
  </insert>
  <insert id="insertSelective" parameterType="com.cpms.pojo.CpmsUserType">
    insert into cpms_user_type
    <trim prefix="(" suffix=")" suffixOverrides=",">
      <if test="typeid != null">
        typeId,
      </if>
      <if test="typename != null">
        typeName,
      </if>
    </trim>
    <trim prefix="values (" suffix=")" suffixOverrides=",">
      <if test="typeid != null">
        #{typeid,jdbcType=BIT},
      </if>
      <if test="typename != null">
        #{typename,jdbcType=VARCHAR},
      </if>
    </trim>
  </insert>
  <select id="countByExample" parameterType="com.cpms.pojo.CpmsUserTypeExample" resultType="java.lang.Integer">
    select count(*) from cpms_user_type
    <if test="_parameter != null">
      <include refid="Example_Where_Clause" />
    </if>
  </select>
  <update id="updateByExampleSelective" parameterType="map">
    update cpms_user_type
    <set>
      <if test="record.typeid != null">
        typeId = #{record.typeid,jdbcType=BIT},
      </if>
      <if test="record.typename != null">
        typeName = #{record.typename,jdbcType=VARCHAR},
      </if>
    </set>
    <if test="_parameter != null">
      <include refid="Update_By_Example_Where_Clause" />
    </if>
  </update>
  <update id="updateByExample" parameterType="map">
    update cpms_user_type
    set typeId = #{record.typeid,jdbcType=BIT},
      typeName = #{record.typename,jdbcType=VARCHAR}
    <if test="_parameter != null">
      <include refid="Update_By_Example_Where_Clause" />
    </if>
  </update>
  <update id="updateByPrimaryKeySelective" parameterType="com.cpms.pojo.CpmsUserType">
    update cpms_user_type
    <set>
      <if test="typename != null">
        typeName = #{typename,jdbcType=VARCHAR},
      </if>
    </set>
    where typeId = #{typeid,jdbcType=BIT}
  </update>
  <update id="updateByPrimaryKey" parameterType="com.cpms.pojo.CpmsUserType">
    update cpms_user_type
    set typeName = #{typename,jdbcType=VARCHAR}
    where typeId = #{typeid,jdbcType=BIT}
  </update>
<!--   <resultMap id="BaseResultMap1" type="com.cpms.pojo.CpmsUserType">
    <id column="typeId" jdbcType="INTEGER" property="typeid" />
    <result column="typeName" jdbcType="VARCHAR" property="typename" />
  </resultMap>
  <sql id="Example_Where_Clause">
    <where>
      <foreach collection="oredCriteria" item="criteria" separator="or">
        <if test="criteria.valid">
          <trim prefix="(" prefixOverrides="and" suffix=")">
            <foreach collection="criteria.criteria" item="criterion">
              <choose>
                <when test="criterion.noValue">
                  and ${criterion.condition}
                </when>
                <when test="criterion.singleValue">
                  and ${criterion.condition} #{criterion.value}
                </when>
                <when test="criterion.betweenValue">
                  and ${criterion.condition} #{criterion.value} and #{criterion.secondValue}
                </when>
                <when test="criterion.listValue">
                  and ${criterion.condition}
                  <foreach close=")" collection="criterion.value" item="listItem" open="(" separator=",">
                    #{listItem}
                  </foreach>
                </when>
              </choose>
            </foreach>
          </trim>
        </if>
      </foreach>
    </where>
  </sql>
  <sql id="Update_By_Example_Where_Clause">
    <where>
      <foreach collection="example.oredCriteria" item="criteria" separator="or">
        <if test="criteria.valid">
          <trim prefix="(" prefixOverrides="and" suffix=")">
            <foreach collection="criteria.criteria" item="criterion">
              <choose>
                <when test="criterion.noValue">
                  and ${criterion.condition}
                </when>
                <when test="criterion.singleValue">
                  and ${criterion.condition} #{criterion.value}
                </when>
                <when test="criterion.betweenValue">
                  and ${criterion.condition} #{criterion.value} and #{criterion.secondValue}
                </when>
                <when test="criterion.listValue">
                  and ${criterion.condition}
                  <foreach close=")" collection="criterion.value" item="listItem" open="(" separator=",">
                    #{listItem}
                  </foreach>
                </when>
              </choose>
            </foreach>
          </trim>
        </if>
      </foreach>
    </where>
  </sql>
  <sql id="Base_Column_List">
    typeId, typeName
  </sql>
  <select id="selectByExample" parameterType="com.cpms.pojo.CpmsUserTypeExample" resultMap="BaseResultMap">
    select
    <if test="distinct">
      distinct
    </if>
    <include refid="Base_Column_List" />
    from cpms_user_type
    <if test="_parameter != null">
      <include refid="Example_Where_Clause" />
    </if>
    <if test="orderByClause != null">
      order by ${orderByClause}
    </if>
  </select>
  <select id="selectByPrimaryKey" parameterType="Integer" resultMap="BaseResultMap">
    select 
    <include refid="Base_Column_List" />
    from cpms_user_type
    where typeId = #{typeid,jdbcType=INTEGER}
  </select>
  <delete id="deleteByPrimaryKey" parameterType="Integer">
    delete from cpms_user_type
    where typeId = #{typeid,jdbcType=INTEGER}
  </delete>
  <delete id="deleteByExample" parameterType="com.cpms.pojo.CpmsUserTypeExample">
    delete from cpms_user_type
    <if test="_parameter != null">
      <include refid="Example_Where_Clause" />
    </if>
  </delete>
  <insert id="insert" parameterType="com.cpms.pojo.CpmsUserType">
    insert into cpms_user_type (typeId, typeName)
    values (#{typeid,jdbcType=INTEGER}, #{typename,jdbcType=VARCHAR})
  </insert>
  <insert id="insertSelective" parameterType="com.cpms.pojo.CpmsUserType">
    insert into cpms_user_type
    <trim prefix="(" suffix=")" suffixOverrides=",">
      <if test="typeid != null">
        typeId,
      </if>
      <if test="typename != null">
        typeName,
      </if>
    </trim>
    <trim prefix="values (" suffix=")" suffixOverrides=",">
      <if test="typeid != null">
        #{typeid,jdbcType=INTEGER},
      </if>
      <if test="typename != null">
        #{typename,jdbcType=VARCHAR},
      </if>
    </trim>
  </insert>
  <select id="countByExample" parameterType="com.cpms.pojo.CpmsUserTypeExample" resultType="java.lang.Integer">
    select count(*) from cpms_user_type
    <if test="_parameter != null">
      <include refid="Example_Where_Clause" />
    </if>
  </select>
  <update id="updateByExampleSelective" parameterType="map">
    update cpms_user_type
    <set>
      <if test="record.typeid != null">
        typeId = #{record.typeid,jdbcType=INTEGER},
      </if>
      <if test="record.typename != null">
        typeName = #{record.typename,jdbcType=VARCHAR},
      </if>
    </set>
    <if test="_parameter != null">
      <include refid="Update_By_Example_Where_Clause" />
    </if>
  </update>
  <update id="updateByExample" parameterType="map">
    update cpms_user_type
    set typeId = #{record.typeid,jdbcType=INTEGER},
      typeName = #{record.typename,jdbcType=VARCHAR}
    <if test="_parameter != null">
      <include refid="Update_By_Example_Where_Clause" />
    </if>
  </update>
  <update id="updateByPrimaryKeySelective" parameterType="com.cpms.pojo.CpmsUserType">
    update cpms_user_type
    <set>
      <if test="typename != null">
        typeName = #{typename,jdbcType=VARCHAR},
      </if>
    </set>
    where typeId = #{typeid,jdbcType=INTEGER}
  </update>
  <update id="updateByPrimaryKey" parameterType="com.cpms.pojo.CpmsUserType">
    update cpms_user_type
    set typeName = #{typename,jdbcType=VARCHAR}
    where typeId = #{typeid,jdbcType=INTEGER}
  </update> -->
</mapper>