<?xml version="1.0" encoding="UTF-8"?>
<!DOCTYPE mapper PUBLIC "-//mybatis.org//DTD Mapper 3.0//EN" "http://mybatis.org/dtd/mybatis-3-mapper.dtd">
<mapper namespace="com.cpms.mapper.U_D_C_Mapper">
  <resultMap id="BaseResultMap" type="com.cpms.pojo.User_Dept_Com">
	<result column="userId" jdbcType="VARCHAR" property="userid" />
    <result column="userName" jdbcType="VARCHAR" property="username" />
    <result column="userDeptId" jdbcType="TINYINT" property="userdeptid" />
    <result column="userSex" jdbcType="CHAR" property="usersex" />
    <result column="userPosition" jdbcType="VARCHAR" property="userposition" />
    <result column="userSuperior" jdbcType="VARCHAR" property="usersuperior" />
    <result column="userTel" jdbcType="VARCHAR" property="usertel" />
    <result column="userEmail" jdbcType="VARCHAR" property="useremail" />
    <result column="userType" jdbcType="BIT" property="usertype" />
    <result column="userPassword" jdbcType="VARCHAR" property="userpassword" />

    <result column="deptName" jdbcType="VARCHAR" property="deptname" />
    
    <result column="companyId" property="companyid" jdbcType="TINYINT" />
    <result column="companyName" property="companyname" jdbcType="VARCHAR" />
    
    <result column="typeName" jdbcType="VARCHAR" property="typename" />
	
  </resultMap>

<!--   <select id="selectUDC" resultType="com.cpms.pojo.User_Dept_Com">
	  select * from user_dept_com
  </select> -->
  
    <!-- 模糊查询用户信息：使用ONGL表达式实现动态SQL -->
  <select id="selectUsersByCondition" resultType="com.cpms.pojo.User_Dept_Com">
	  select * from user_dept_com
	  <where>
	  	<if test=" username!=null ">
	  		username like CONCAT('%',#{username},'%')
	  	</if>
	  	<if test=" deptname!=null ">
	  		and deptname like CONCAT('%',#{deptname},'%')
	  	</if>
	  	<if test=" userposition!=null ">
	  		and userposition like CONCAT('%',#{userposition},'%')
	  	</if>
	  	<if test=" usertel!=null ">
	  		and usertel like CONCAT('%',#{usertel},'%')
	  	</if>
	  	<if test=" typename!=null ">
	  		and typename like CONCAT('%',#{typename},'%')
	  	</if>
	  </where>
  </select>
  
  <select id="selectUserById" resultType="com.cpms.pojo.User_Dept_Com" 
  	parameterType="String">
  	select * from user_dept_com
  	<where>
		userId = #{userId}
	</where>
  </select>

</mapper>