<?xml version="1.0" encoding="UTF-8"?>
<beans xmlns="http://www.springframework.org/schema/beans"
	xmlns:mvc="http://www.springframework.org/schema/mvc" 
	xmlns:p="http://www.springframework.org/schema/p"
	xmlns:tx="http://www.springframework.org/schema/tx"
	xmlns:aop="http://www.springframework.org/schema/aop"
	xmlns:context="http://www.springframework.org/schema/context"
	xmlns:util="http://www.springframework.org/schema/util" 
	xmlns:xsi="http://www.w3.org/2001/XMLSchema-instance"
	xsi:schemaLocation="http://www.springframework.org/schema/beans  
            http://www.springframework.org/schema/beans/spring-beans-3.2.xsd  
            http://www.springframework.org/schema/context   
            http://www.springframework.org/schema/context/spring-context-3.2.xsd  
            http://www.springframework.org/schema/mvc  
            http://www.springframework.org/schema/mvc/spring-mvc-3.2.xsd 
            http://www.springframework.org/schema/util  
            http://www.springframework.org/schema/util/spring-util-3.2.xsd
            http://www.springframework.org/schema/tx  
            http://www.springframework.org/schema/tx/spring-tx-3.2.xsd
            http://www.springframework.org/schema/aop  
            http://www.springframework.org/schema/aop/spring-aop-3.2.xsd">
		
	<!-- 配置声明式事务 -->
	<!-- 1. 配置事务管理器 -->
	<bean id="txManager" class="org.springframework.jdbc.datasource.DataSourceTransactionManager">
		<property name="dataSource" ref="dataSource"></property>
	</bean>
	<!-- 配置事务通知(advice)  -->
	<tx:advice id="txAdvice" transaction-manager="txManager">
		<tx:attributes>
			<tx:method name="add*" propagation="REQUIRED"/>
			<tx:method name="remove*" propagation="REQUIRED"/>
			<tx:method name="update*" propagation="REQUIRED"/>
			<tx:method name="query*" read-only="true" />
			<tx:method name="find*" read-only="true" />
			<tx:method name="select*" read-only="true" />
		</tx:attributes>
	</tx:advice>
	<!-- 事务织入 -->
	<aop:config>
		<aop:advisor advice-ref="txAdvice" pointcut="execution(* com.cpms.service.impl.*.*(..))"/>
	</aop:config>
	
</beans>