<?xml version="1.0" encoding="UTF-8"?>
<beans xmlns="http://www.springframework.org/schema/beans"
	xmlns:mvc="http://www.springframework.org/schema/mvc" 
	xmlns:p="http://www.springframework.org/schema/p"
	xmlns:context="http://www.springframework.org/schema/context"
	xmlns:util="http://www.springframework.org/schema/util" 
	xmlns:xsi="http://www.w3.org/2001/XMLSchema-instance"
	xsi:schemaLocation="http://www.springframework.org/schema/beans  
            http://www.springframework.org/schema/beans/spring-beans-3.2.xsd  
            http://www.springframework.org/schema/context   
            http://www.springframework.org/schema/context/spring-context-3.2.xsd  
            http://www.springframework.org/schema/mvc  
            http://www.springframework.org/schema/mvc/spring-mvc-3.2.xsd 
            http://www.springframework.org/schema/util  
            http://www.springframework.org/schema/util/spring-util-3.2.xsd">
	<!-- 读取外部db.properties属性文件 -->
	<context:property-placeholder location="classpath:db.properties"/> 
	<!-- 配置数据源(连接池) -->
	<bean id="dataSource" class="org.apache.commons.dbcp.BasicDataSource">
		<property name="username" value="${jdbc.username}"></property>
		<property name="password" value="${jdbc.password}"></property>
		<property name="url" value="${jdbc.url}"></property> 
		<property name="driverClassName" value="${jdbc.driver}"></property>
	</bean>
	<!-- 配置SqlSessionFactory -->
	<bean id="sqlSessionFactory" class="org.mybatis.spring.SqlSessionFactoryBean">
		<property name="dataSource" ref="dataSource"></property>
		<property name="configLocation" value="classpath:mybatis/SqlMapConfig.xml"></property>
	</bean>
	<!-- 配置mapper的扫描 即扫描dao-->
	<bean class="org.mybatis.spring.mapper.MapperScannerConfigurer">
		<property name="basePackage" value="com.cpms.mapper"></property>
		<property name="sqlSessionFactoryBeanName" value="sqlSessionFactory"></property>
	</bean>
	
</beans>